[28-Oct-2025 19:07:25 UTC] ✅ Logged: Today dashboard stats fetched successfully. /backend/public/api/business/stats
[28-Oct-2025 19:07:32 UTC] ✅ Logged: Today dashboard stats fetched successfully. /backend/public/api/business/stats
[28-Oct-2025 19:07:46 UTC] ✅ Logged: Today dashboard stats fetched successfully. /backend/public/api/business/stats
[28-Oct-2025 19:08:05 UTC] ✅ Logged: Today dashboard stats fetched successfully. /backend/public/api/business/stats
[28-Oct-2025 19:08:22 UTC] ✅ Logged: Today dashboard stats fetched successfully. /backend/public/api/business/stats
[28-Oct-2025 19:08:47 UTC] ✅ Logged: Today dashboard stats fetched successfully. /backend/public/api/business/stats
[28-Oct-2025 19:08:49 UTC] ✅ Logged: Today dashboard stats fetched successfully. /backend/public/api/business/stats
[28-Oct-2025 19:08:52 UTC] ✅ Logged: Today dashboard stats fetched successfully. /backend/public/api/business/stats
[28-Oct-2025 19:09:16 UTC] ✅ Logged: Today dashboard stats fetched successfully. /backend/public/api/business/stats
[28-Oct-2025 19:09:43 UTC] ✅ Logged: Today dashboard stats fetched successfully. /backend/public/api/business/stats
[28-Oct-2025 19:09:46 UTC] ✅ Logged: Today dashboard stats fetched successfully. /backend/public/api/business/stats
[28-Oct-2025 19:10:29 UTC] ✅ Logged: Today dashboard stats fetched successfully. /backend/public/api/business/stats
[28-Oct-2025 19:10:57 UTC] ✅ Logged: Today dashboard stats fetched successfully. /backend/public/api/business/stats
[28-Oct-2025 19:11:23 UTC] ✅ Logged: Today dashboard stats fetched successfully. /backend/public/api/business/stats
[28-Oct-2025 19:11:27 UTC] ✅ Logged: Today dashboard stats fetched successfully. /backend/public/api/business/stats
[28-Oct-2025 19:11:28 UTC] ✅ Logged: Today dashboard stats fetched successfully. /backend/public/api/business/stats
[28-Oct-2025 19:11:30 UTC] ✅ Logged: Today dashboard stats fetched successfully. /backend/public/api/business/stats
[28-Oct-2025 19:11:37 UTC] ✅ Logged: Today dashboard stats fetched successfully. /backend/public/api/business/stats
[28-Oct-2025 19:11:40 UTC] ✅ Logged: Activity logs fetched successfully. /backend/public/api/business/activity/logs
[28-Oct-2025 19:14:13 UTC] ✅ Logged: Today dashboard stats fetched successfully. /backend/public/api/business/stats
[28-Oct-2025 19:17:29 UTC] ✅ Logged: Today dashboard stats fetched successfully. /backend/public/api/business/stats
[28-Oct-2025 19:17:54 UTC] ✅ Logged: Today dashboard stats fetched successfully. /backend/public/api/business/stats
[28-Oct-2025 19:17:58 UTC] ✅ Logged: Today dashboard stats fetched successfully. /backend/public/api/business/stats
[28-Oct-2025 19:18:07 UTC] ✅ Logged: Today dashboard stats fetched successfully. /backend/public/api/business/stats
[28-Oct-2025 19:18:08 UTC] ✅ Logged: Today dashboard stats fetched successfully. /backend/public/api/business/stats
[28-Oct-2025 19:18:08 UTC] ✅ Logged: Today dashboard stats fetched successfully. /backend/public/api/business/stats
[28-Oct-2025 19:18:19 UTC] ✅ Logged: Login successful /backend/public/api/auth/users/login
[28-Oct-2025 19:18:19 UTC] ✅ Logged: Business data fetched successfully. /backend/public/api/business
[28-Oct-2025 19:18:22 UTC] ✅ Logged: Today dashboard stats fetched successfully. /backend/public/api/business/stats
[28-Oct-2025 19:18:25 UTC] ✅ Logged: Today dashboard stats fetched successfully. /backend/public/api/business/stats
[28-Oct-2025 19:18:57 UTC] ✅ Logged: Yesterday dashboard stats fetched successfully. /backend/public/api/business/stats
[28-Oct-2025 19:19:00 UTC] ✅ Logged: Yesterday dashboard stats fetched successfully. /backend/public/api/business/stats
[28-Oct-2025 19:19:04 UTC] ✅ Logged: Daily dashboard stats fetched successfully. /backend/public/api/business/stats
[28-Oct-2025 19:19:22 UTC] ✅ Logged: Monthly dashboard stats fetched successfully. /backend/public/api/business/stats
[28-Oct-2025 19:19:26 UTC] ✅ Logged: Yearly dashboard stats fetched successfully. /backend/public/api/business/stats
[28-Oct-2025 19:19:32 UTC] ✅ Logged: Today dashboard stats fetched successfully. /backend/public/api/business/stats
[28-Oct-2025 19:19:33 UTC] ✅ Logged: Today dashboard stats fetched successfully. /backend/public/api/business/stats
[28-Oct-2025 19:19:49 UTC] ✅ Logged: Today dashboard stats fetched successfully. /backend/public/api/business/stats
[28-Oct-2025 19:19:51 UTC] ✅ Logged: Today dashboard stats fetched successfully. /backend/public/api/business/stats
[28-Oct-2025 19:19:51 UTC] ✅ Logged: Today dashboard stats fetched successfully. /backend/public/api/business/stats
[28-Oct-2025 19:19:54 UTC] ✅ Logged: Yesterday dashboard stats fetched successfully. /backend/public/api/business/stats
[28-Oct-2025 19:20:02 UTC] ✅ Logged: Daily dashboard stats fetched successfully. /backend/public/api/business/stats
[28-Oct-2025 19:20:23 UTC] ✅ Logged: Monthly dashboard stats fetched successfully. /backend/public/api/business/stats
[28-Oct-2025 19:20:28 UTC] ✅ Logged: Yearly dashboard stats fetched successfully. /backend/public/api/business/stats
[28-Oct-2025 19:20:31 UTC] ✅ Logged: Today dashboard stats fetched successfully. /backend/public/api/business/stats
[28-Oct-2025 19:20:42 UTC] ✅ Logged: Yesterday dashboard stats fetched successfully. /backend/public/api/business/stats
[28-Oct-2025 19:20:45 UTC] ✅ Logged: Daily dashboard stats fetched successfully. /backend/public/api/business/stats
[28-Oct-2025 19:21:38 UTC] ✅ Logged: Daily dashboard stats fetched successfully. /backend/public/api/business/stats
[28-Oct-2025 19:21:41 UTC] ✅ Logged: Today dashboard stats fetched successfully. /backend/public/api/business/stats
[28-Oct-2025 19:22:16 UTC] ✅ Logged: Today dashboard stats fetched successfully. /backend/public/api/business/stats
[28-Oct-2025 19:23:01 UTC] ✅ Logged: Today dashboard stats fetched successfully. /backend/public/api/business/stats
[28-Oct-2025 19:23:09 UTC] ✅ Logged: Yesterday dashboard stats fetched successfully. /backend/public/api/business/stats
[28-Oct-2025 19:23:14 UTC] ✅ Logged: Daily dashboard stats fetched successfully. /backend/public/api/business/stats
[28-Oct-2025 19:23:18 UTC] ✅ Logged: Yearly dashboard stats fetched successfully. /backend/public/api/business/stats
[28-Oct-2025 19:23:24 UTC] ✅ Logged: Yearly dashboard stats fetched successfully. /backend/public/api/business/stats
[28-Oct-2025 19:23:59 UTC] ✅ Logged: Today dashboard stats fetched successfully. /backend/public/api/business/stats
[28-Oct-2025 19:24:01 UTC] ✅ Logged: Today dashboard stats fetched successfully. /backend/public/api/business/stats
[28-Oct-2025 19:28:23 UTC] ✅ Logged: Today dashboard stats fetched successfully. /backend/public/api/business/stats
[28-Oct-2025 19:28:30 UTC] ✅ Logged: Daily dashboard stats fetched successfully. /backend/public/api/business/stats
[28-Oct-2025 19:28:32 UTC] ✅ Logged: Activity logs fetched successfully. /backend/public/api/business/activity/logs
[28-Oct-2025 19:28:43 UTC] ✅ Logged: Today dashboard stats fetched successfully. /backend/public/api/business/stats
[28-Oct-2025 19:28:52 UTC] ✅ Logged: Yearly dashboard stats fetched successfully. /backend/public/api/business/stats
[28-Oct-2025 19:29:32 UTC] ✅ Logged: Invoices fetched successfully /backend/public/api/invoices
[28-Oct-2025 19:30:09 UTC] ✅ Logged: User records fetched successfully. /backend/public/api/users
[28-Oct-2025 19:30:17 UTC] ✅ Logged: Activity logs fetched successfully. /backend/public/api/business/activity/logs
[28-Oct-2025 19:30:28 UTC] ✅ Logged: Activity logs fetched successfully. /backend/public/api/business/activity/logs
[28-Oct-2025 19:30:29 UTC] ✅ Logged: Activity logs fetched successfully. /backend/public/api/business/activity/logs
[28-Oct-2025 19:30:35 UTC] ✅ Logged: Activity logs fetched successfully. /backend/public/api/business/activity/logs
[28-Oct-2025 19:30:41 UTC] ✅ Logged: Activity logs fetched successfully. /backend/public/api/business/activity/logs
[28-Oct-2025 19:30:45 UTC] ✅ Logged: Activity logs fetched successfully. /backend/public/api/business/activity/logs
[28-Oct-2025 19:30:49 UTC] ✅ Logged: Activity logs fetched successfully. /backend/public/api/business/activity/logs
[29-Oct-2025 03:52:09 UTC] ✅ Logged: Login successful /backend/public/api/auth/users/login
[29-Oct-2025 03:52:09 UTC] ✅ Logged: Business data fetched successfully. /backend/public/api/business
[29-Oct-2025 03:52:11 UTC] ✅ Logged: Today dashboard stats fetched successfully. /backend/public/api/business/stats
[29-Oct-2025 03:52:45 UTC] ✅ Logged: Login successful /backend/public/api/auth/users/login
[29-Oct-2025 03:52:45 UTC] ✅ Logged: Business data fetched successfully. /backend/public/api/business
[29-Oct-2025 03:52:47 UTC] ✅ Logged: Today dashboard stats fetched successfully. /backend/public/api/business/stats
[29-Oct-2025 03:53:08 UTC] ✅ Logged: Monthly dashboard stats fetched successfully. /backend/public/api/business/stats
[29-Oct-2025 05:35:43 UTC] ✅ Logged: Login successful /backend/public/api/auth/users/login
[29-Oct-2025 05:35:43 UTC] ✅ Logged: Business data fetched successfully. /backend/public/api/business
[29-Oct-2025 05:35:49 UTC] ✅ Logged: Today dashboard stats fetched successfully. /backend/public/api/business/stats
[29-Oct-2025 05:36:05 UTC] ✅ Logged: Login successful /backend/public/api/auth/users/login
[29-Oct-2025 05:36:05 UTC] ✅ Logged: Business data fetched successfully. /backend/public/api/business
[29-Oct-2025 05:36:09 UTC] ✅ Logged: Today dashboard stats fetched successfully. /backend/public/api/business/stats
[29-Oct-2025 05:36:22 UTC] ✅ Logged: Login successful /backend/public/api/auth/users/login
[29-Oct-2025 05:36:22 UTC] ✅ Logged: Business data fetched successfully. /backend/public/api/business
[29-Oct-2025 05:36:25 UTC] ✅ Logged: Today dashboard stats fetched successfully. /backend/public/api/business/stats
[29-Oct-2025 05:36:33 UTC] ✅ Logged: Yesterday dashboard stats fetched successfully. /backend/public/api/business/stats
[29-Oct-2025 05:36:38 UTC] ✅ Logged: Yearly dashboard stats fetched successfully. /backend/public/api/business/stats
[29-Oct-2025 05:37:14 UTC] ✅ Logged: Activity logs fetched successfully. /backend/public/api/business/activity/logs
[29-Oct-2025 05:37:38 UTC] ✅ Logged: Activity logs fetched successfully. /backend/public/api/business/activity/logs
[29-Oct-2025 05:37:41 UTC] ✅ Logged: Activity logs fetched successfully. /backend/public/api/business/activity/logs
[29-Oct-2025 05:37:43 UTC] ✅ Logged: Activity logs fetched successfully. /backend/public/api/business/activity/logs
[29-Oct-2025 05:37:46 UTC] ✅ Logged: Activity logs fetched successfully. /backend/public/api/business/activity/logs
[29-Oct-2025 05:37:47 UTC] ✅ Logged: Activity logs fetched successfully. /backend/public/api/business/activity/logs
[29-Oct-2025 05:37:48 UTC] ✅ Logged: Activity logs fetched successfully. /backend/public/api/business/activity/logs
[29-Oct-2025 05:37:49 UTC] ✅ Logged: Activity logs fetched successfully. /backend/public/api/business/activity/logs
[29-Oct-2025 05:37:50 UTC] ✅ Logged: Activity logs fetched successfully. /backend/public/api/business/activity/logs
[29-Oct-2025 05:37:53 UTC] ✅ Logged: Activity logs fetched successfully. /backend/public/api/business/activity/logs
[29-Oct-2025 05:38:03 UTC] ✅ Logged: Invoices fetched successfully /backend/public/api/invoices
[29-Oct-2025 05:38:43 UTC] ✅ Logged: Invoices fetched successfully /backend/public/api/invoices
[29-Oct-2025 05:38:45 UTC] ✅ Logged: No invoices found matching the criteria. /backend/public/api/invoices
[29-Oct-2025 05:38:47 UTC] ✅ Logged: No invoices found matching the criteria. /backend/public/api/invoices
[29-Oct-2025 05:38:50 UTC] ✅ Logged: Invoices fetched successfully /backend/public/api/invoices
[29-Oct-2025 05:38:53 UTC] ✅ Logged: Invoices fetched successfully /backend/public/api/invoices
[29-Oct-2025 05:38:57 UTC] ✅ Logged: Invoices fetched successfully /backend/public/api/invoices
[29-Oct-2025 05:39:06 UTC] ✅ Logged: Invoices fetched successfully /backend/public/api/invoices
[29-Oct-2025 05:39:10 UTC] ✅ Logged: Invoices fetched successfully /backend/public/api/invoices
[29-Oct-2025 05:39:11 UTC] ✅ Logged: Invoices fetched successfully /backend/public/api/invoices
[29-Oct-2025 05:40:16 UTC] ✅ Logged: Today dashboard stats fetched successfully. /backend/public/api/business/stats
[29-Oct-2025 05:40:20 UTC] ✅ Logged: Yearly dashboard stats fetched successfully. /backend/public/api/business/stats
[29-Oct-2025 05:40:23 UTC] ✅ Logged: Yearly dashboard stats fetched successfully. /backend/public/api/business/stats
[29-Oct-2025 05:40:26 UTC] ✅ Logged: Yearly dashboard stats fetched successfully. /backend/public/api/business/stats
[29-Oct-2025 05:41:04 UTC] ✅ Logged: Invoices fetched successfully /backend/public/api/invoices
[29-Oct-2025 05:41:05 UTC] ✅ Logged: User records fetched successfully. /backend/public/api/users
[29-Oct-2025 05:41:14 UTC] ✅ Logged: Monthly dashboard stats fetched successfully. /backend/public/api/business/stats
[29-Oct-2025 05:41:38 UTC] ✅ Logged: Monthly dashboard stats fetched successfully. /backend/public/api/business/stats
[29-Oct-2025 05:41:59 UTC] ✅ Logged: Monthly dashboard stats fetched successfully. /backend/public/api/business/stats
[29-Oct-2025 05:44:04 UTC] ✅ Logged: Login successful /backend/public/api/auth/users/login
[29-Oct-2025 05:44:04 UTC] ✅ Logged: Business data fetched successfully. /backend/public/api/business
[29-Oct-2025 05:44:06 UTC] ✅ Logged: Today dashboard stats fetched successfully. /backend/public/api/business/stats
[29-Oct-2025 05:45:01 UTC] ✅ Logged: Invoices fetched successfully /backend/public/api/invoices
[29-Oct-2025 05:45:55 UTC] ✅ Logged: Invoices fetched successfully /backend/public/api/invoices
[29-Oct-2025 05:46:09 UTC] ✅ Logged: Invoices fetched successfully /backend/public/api/invoices
[29-Oct-2025 05:46:18 UTC] ✅ Logged: Login successful /backend/public/api/auth/users/login
[29-Oct-2025 05:46:18 UTC] ✅ Logged: Business data fetched successfully. /backend/public/api/business
[29-Oct-2025 05:46:21 UTC] ✅ Logged: Today dashboard stats fetched successfully. /backend/public/api/business/stats
[29-Oct-2025 05:46:26 UTC] ✅ Logged: Today dashboard stats fetched successfully. /backend/public/api/business/stats
[29-Oct-2025 05:46:39 UTC] ✅ Logged: Yearly dashboard stats fetched successfully. /backend/public/api/business/stats
[29-Oct-2025 05:47:18 UTC] ✅ Logged: Yearly dashboard stats fetched successfully. /backend/public/api/business/stats
[29-Oct-2025 05:47:42 UTC] ✅ Logged: Invoices fetched successfully /backend/public/api/invoices
[29-Oct-2025 05:47:53 UTC] ✅ Logged: Shared invoices fetched successfully /backend/public/api/shared/invoices/16962C51A6EE
[29-Oct-2025 05:48:17 UTC] ✅ Logged: Today dashboard stats fetched successfully. /backend/public/api/business/stats
[29-Oct-2025 05:52:26 UTC] ✅ Logged: Today dashboard stats fetched successfully. /backend/public/api/business/stats
[29-Oct-2025 05:52:32 UTC] ✅ Logged: Today dashboard stats fetched successfully. /backend/public/api/business/stats
[29-Oct-2025 05:52:39 UTC] ✅ Logged: Yearly dashboard stats fetched successfully. /backend/public/api/business/stats
[29-Oct-2025 05:53:04 UTC] ✅ Logged: Invoices fetched successfully /backend/public/api/invoices
[29-Oct-2025 05:53:12 UTC] ✅ Logged: Invoices fetched successfully /backend/public/api/invoices
[29-Oct-2025 05:53:55 UTC] ✅ Logged: Invoice updated successfully /backend/public/api/invoices/D3368DEBDCDE
[29-Oct-2025 05:53:56 UTC] ✅ Logged: Invoices fetched successfully /backend/public/api/invoices
[29-Oct-2025 05:54:10 UTC] ✅ Logged: Invoice updated successfully /backend/public/api/invoices/D3368DEBDCDE
[29-Oct-2025 05:54:10 UTC] ✅ Logged: Invoices fetched successfully /backend/public/api/invoices
[29-Oct-2025 05:54:29 UTC] ✅ Logged: Yearly dashboard stats fetched successfully. /backend/public/api/business/stats
[29-Oct-2025 05:56:05 UTC] ✅ Logged: Yearly dashboard stats fetched successfully. /backend/public/api/business/stats
[29-Oct-2025 05:56:13 UTC] ✅ Logged: Yearly dashboard stats fetched successfully. /backend/public/api/business/stats
[29-Oct-2025 05:56:25 UTC] ✅ Logged: User records fetched successfully. /backend/public/api/users
[29-Oct-2025 05:56:33 UTC] ✅ Logged: Activity logs fetched successfully. /backend/public/api/business/activity/logs
[29-Oct-2025 05:56:40 UTC] ✅ Logged: User records fetched successfully. /backend/public/api/users
[29-Oct-2025 05:57:37 UTC] ✅ Logged: Today dashboard stats fetched successfully. /backend/public/api/business/stats
[29-Oct-2025 05:57:41 UTC] ✅ Logged: Yearly dashboard stats fetched successfully. /backend/public/api/business/stats
[29-Oct-2025 05:57:48 UTC] ✅ Logged: Yearly dashboard stats fetched successfully. /backend/public/api/business/stats
[29-Oct-2025 05:58:03 UTC] ✅ Logged: User records fetched successfully. /backend/public/api/users
[29-Oct-2025 05:58:38 UTC] ✅ Logged: User created successfully /backend/public/api/users
[29-Oct-2025 05:58:39 UTC] ✅ Logged: User records fetched successfully. /backend/public/api/users
[29-Oct-2025 05:59:01 UTC] ✅ Logged: Login successful /backend/public/api/auth/users/login
[29-Oct-2025 05:59:02 UTC] ✅ Logged: Business data fetched successfully. /backend/public/api/business
[29-Oct-2025 05:59:04 UTC] ✅ Logged: Today dashboard stats fetched successfully. /backend/public/api/business/stats
[29-Oct-2025 05:59:08 UTC] ✅ Logged: Activity logs fetched successfully. /backend/public/api/business/activity/logs
[29-Oct-2025 05:59:38 UTC] ✅ Logged: Shared invoices fetched successfully /backend/public/api/shared/invoices/16962C51A6EE
[29-Oct-2025 05:59:55 UTC] ✅ Logged: Login successful /backend/public/api/auth/users/login
[29-Oct-2025 05:59:55 UTC] ✅ Logged: Business data fetched successfully. /backend/public/api/business
[29-Oct-2025 05:59:58 UTC] ✅ Logged: Today dashboard stats fetched successfully. /backend/public/api/business/stats
[29-Oct-2025 06:00:25 UTC] ✅ Logged: Invoices fetched successfully /backend/public/api/invoices
[29-Oct-2025 06:00:27 UTC] ✅ Logged: Activity logs fetched successfully. /backend/public/api/business/activity/logs
[29-Oct-2025 06:00:39 UTC] ✅ Logged: Shared invoices fetched successfully /backend/public/api/shared/invoices/16962C51A6EE
[29-Oct-2025 06:05:34 UTC] ✅ Logged: Yearly dashboard stats fetched successfully. /backend/public/api/business/stats
[29-Oct-2025 06:18:28 UTC] ✅ Logged: Monthly dashboard stats fetched successfully. /backend/public/api/business/stats
[29-Oct-2025 06:20:11 UTC] ✅ Logged: Invoices fetched successfully /backend/public/api/invoices
[29-Oct-2025 06:22:47 UTC] ✅ Logged: Invoices fetched successfully /backend/public/api/invoices
[29-Oct-2025 06:23:06 UTC] ✅ Logged: Invoices fetched successfully /backend/public/api/invoices
[29-Oct-2025 06:23:34 UTC] ✅ Logged: Invoices fetched successfully /backend/public/api/invoices
[29-Oct-2025 06:23:58 UTC] ✅ Logged: Invoice updated successfully /backend/public/api/invoices/3B3A9A8533B3
[29-Oct-2025 06:23:58 UTC] ✅ Logged: Invoices fetched successfully /backend/public/api/invoices
[29-Oct-2025 06:24:03 UTC] ✅ Logged: Invoices fetched successfully /backend/public/api/invoices
[29-Oct-2025 06:25:02 UTC] ✅ Logged: Invoice updated successfully /backend/public/api/invoices/96505CAF56C2
[29-Oct-2025 06:25:02 UTC] ✅ Logged: Invoices fetched successfully /backend/public/api/invoices
[29-Oct-2025 06:25:28 UTC] ✅ Logged: Invoices fetched successfully /backend/public/api/invoices
[29-Oct-2025 06:25:47 UTC] ✅ Logged: Invoices fetched successfully /backend/public/api/invoices
[29-Oct-2025 06:26:14 UTC] ✅ Logged: Invoices fetched successfully /backend/public/api/invoices
[29-Oct-2025 06:26:45 UTC] ✅ Logged: Invoice updated successfully /backend/public/api/invoices/D9C4CB9A5B2F
[29-Oct-2025 06:26:45 UTC] ✅ Logged: Invoices fetched successfully /backend/public/api/invoices
[29-Oct-2025 06:27:02 UTC] ✅ Logged: Invoice updated successfully /backend/public/api/invoices/8827E627B111
[29-Oct-2025 06:27:02 UTC] ✅ Logged: Invoices fetched successfully /backend/public/api/invoices
[29-Oct-2025 06:27:20 UTC] ✅ Logged: Invoice updated successfully /backend/public/api/invoices/C5F1A8202934
[29-Oct-2025 06:27:21 UTC] ✅ Logged: Invoices fetched successfully /backend/public/api/invoices
[29-Oct-2025 06:27:32 UTC] ✅ Logged: Invoices fetched successfully /backend/public/api/invoices
[29-Oct-2025 06:28:03 UTC] ✅ Logged: Invoices fetched successfully /backend/public/api/invoices
[29-Oct-2025 06:28:45 UTC] ✅ Logged: Invoice updated successfully /backend/public/api/invoices/513A964F7ACB
[29-Oct-2025 06:28:45 UTC] ✅ Logged: Invoices fetched successfully /backend/public/api/invoices
[29-Oct-2025 06:29:18 UTC] ✅ Logged: Invoices fetched successfully /backend/public/api/invoices
[29-Oct-2025 06:29:37 UTC] ✅ Logged: Invoices fetched successfully /backend/public/api/invoices
[29-Oct-2025 06:30:28 UTC] ✅ Logged: Invoice updated successfully /backend/public/api/invoices/179A79C5D715
[29-Oct-2025 06:30:28 UTC] ✅ Logged: Invoices fetched successfully /backend/public/api/invoices
[29-Oct-2025 06:30:36 UTC] ✅ Logged: Invoices fetched successfully /backend/public/api/invoices
[29-Oct-2025 06:30:54 UTC] ✅ Logged: Invoices fetched successfully /backend/public/api/invoices
[29-Oct-2025 06:31:30 UTC] ✅ Logged: Invoice updated successfully /backend/public/api/invoices/3619332EE917
[29-Oct-2025 06:31:30 UTC] ✅ Logged: Invoices fetched successfully /backend/public/api/invoices
[29-Oct-2025 06:31:43 UTC] ✅ Logged: Invoices fetched successfully /backend/public/api/invoices
[29-Oct-2025 06:31:55 UTC] ✅ Logged: Invoices fetched successfully /backend/public/api/invoices
[29-Oct-2025 06:32:39 UTC] ✅ Logged: Invoice updated successfully /backend/public/api/invoices/20D9E8F761A7
[29-Oct-2025 06:32:39 UTC] ✅ Logged: Invoices fetched successfully /backend/public/api/invoices
[29-Oct-2025 06:33:25 UTC] ✅ Logged: Invoices fetched successfully /backend/public/api/invoices
[29-Oct-2025 06:33:44 UTC] ✅ Logged: Invoices fetched successfully /backend/public/api/invoices
[29-Oct-2025 06:33:56 UTC] ✅ Logged: Invoices fetched successfully /backend/public/api/invoices
[29-Oct-2025 06:34:08 UTC] ✅ Logged: Invoices fetched successfully /backend/public/api/invoices
[29-Oct-2025 06:34:16 UTC] ✅ Logged: Invoices fetched successfully /backend/public/api/invoices
[29-Oct-2025 06:34:39 UTC] ✅ Logged: Invoices fetched successfully /backend/public/api/invoices
[29-Oct-2025 06:35:18 UTC] ✅ Logged: Invoices fetched successfully /backend/public/api/invoices
[29-Oct-2025 06:35:33 UTC] ✅ Logged: Invoices fetched successfully /backend/public/api/invoices
[29-Oct-2025 06:36:10 UTC] ✅ Logged: Invoice updated successfully /backend/public/api/invoices/A26751F55722
[29-Oct-2025 06:36:11 UTC] ✅ Logged: Invoices fetched successfully /backend/public/api/invoices
[29-Oct-2025 06:36:18 UTC] ✅ Logged: Invoices fetched successfully /backend/public/api/invoices
[29-Oct-2025 06:36:45 UTC] ✅ Logged: Invoices fetched successfully /backend/public/api/invoices
[29-Oct-2025 06:36:47 UTC] ✅ Logged: Shared invoices fetched successfully /backend/public/api/shared/invoices/16962C51A6EE
[29-Oct-2025 06:36:50 UTC] ✅ Logged: Shared invoices fetched successfully /backend/public/api/shared/invoices/16962C51A6EE
[29-Oct-2025 06:36:54 UTC] ✅ Logged: Shared invoices fetched successfully /backend/public/api/shared/invoices/16962C51A6EE
[29-Oct-2025 06:38:12 UTC] ✅ Logged: Invoice updated successfully /backend/public/api/invoices/FE5C4797A23A
[29-Oct-2025 06:38:12 UTC] ✅ Logged: Invoices fetched successfully /backend/public/api/invoices
[29-Oct-2025 08:17:04 UTC] ✅ Logged: Login successful /backend/public/api/auth/users/login
[29-Oct-2025 08:17:05 UTC] ✅ Logged: Business data fetched successfully. /backend/public/api/business
[29-Oct-2025 08:17:07 UTC] ✅ Logged: Today dashboard stats fetched successfully. /backend/public/api/business/stats
[29-Oct-2025 08:17:13 UTC] ✅ Logged: Yearly dashboard stats fetched successfully. /backend/public/api/business/stats
[29-Oct-2025 08:17:21 UTC] ✅ Logged: Monthly dashboard stats fetched successfully. /backend/public/api/business/stats
[29-Oct-2025 08:17:32 UTC] ✅ Logged: Invoices fetched successfully /backend/public/api/invoices
[29-Oct-2025 08:17:38 UTC] ✅ Logged: Login successful /backend/public/api/auth/users/login
[29-Oct-2025 08:17:39 UTC] ✅ Logged: Business data fetched successfully. /backend/public/api/business
[29-Oct-2025 08:17:47 UTC] ✅ Logged: Invoices fetched successfully /backend/public/api/invoices
[29-Oct-2025 08:18:05 UTC] ✅ Logged: User records fetched successfully. /backend/public/api/users
[29-Oct-2025 08:18:11 UTC] ✅ Logged: Invoices fetched successfully /backend/public/api/invoices
[29-Oct-2025 08:18:12 UTC] ✅ Logged: User records fetched successfully. /backend/public/api/users
[29-Oct-2025 08:18:41 UTC] ✅ Logged: User records fetched successfully. /backend/public/api/users
[29-Oct-2025 08:19:17 UTC] ✅ Logged: Today dashboard stats fetched successfully. /backend/public/api/business/stats
[29-Oct-2025 08:19:24 UTC] ✅ Logged: Daily dashboard stats fetched successfully. /backend/public/api/business/stats
[29-Oct-2025 08:19:26 UTC] ✅ Logged: Daily dashboard stats fetched successfully. /backend/public/api/business/stats
[29-Oct-2025 08:19:43 UTC] ✅ Logged: Database Error: SQLSTATE[42S22]: Column not found: 1054 Unknown column 'updated_at' in 'field list' /backend/public/api/business/E71CBEF705A1
[29-Oct-2025 08:19:45 UTC] ✅ Logged: Database Error: SQLSTATE[42S22]: Column not found: 1054 Unknown column 'updated_at' in 'field list' /backend/public/api/business/E71CBEF705A1
[29-Oct-2025 08:19:48 UTC] ✅ Logged: Database Error: SQLSTATE[42S22]: Column not found: 1054 Unknown column 'updated_at' in 'field list' /backend/public/api/business/E71CBEF705A1
[29-Oct-2025 08:19:50 UTC] ✅ Logged: Database Error: SQLSTATE[42S22]: Column not found: 1054 Unknown column 'updated_at' in 'field list' /backend/public/api/business/E71CBEF705A1
[29-Oct-2025 08:19:54 UTC] ✅ Logged: Activity logs fetched successfully. /backend/public/api/business/activity/logs
[29-Oct-2025 08:20:19 UTC] ✅ Logged: Invalid data type for field: phone. Expected integer. /backend/public/api/auth/users/login
[29-Oct-2025 08:21:18 UTC] ✅ Logged: Today dashboard stats fetched successfully. /backend/public/api/business/stats
[29-Oct-2025 08:29:31 UTC] ✅ Logged: Invoices fetched successfully /backend/public/api/invoices
[29-Oct-2025 08:29:58 UTC] ✅ Logged: Invoices fetched successfully /backend/public/api/invoices
[29-Oct-2025 08:31:13 UTC] ✅ Logged: Invoice updated successfully /backend/public/api/invoices/2C7CE6F93B4F
[29-Oct-2025 08:31:13 UTC] ✅ Logged: Invoices fetched successfully /backend/public/api/invoices
[29-Oct-2025 08:32:51 UTC] ✅ Logged: Invoice updated successfully /backend/public/api/invoices/624830282B55
[29-Oct-2025 08:32:51 UTC] ✅ Logged: Invoices fetched successfully /backend/public/api/invoices
[29-Oct-2025 09:19:46 UTC] ✅ Logged: Login successful /backend/public/api/auth/users/login
[29-Oct-2025 09:19:46 UTC] ✅ Logged: Business data fetched successfully. /backend/public/api/business
[29-Oct-2025 09:19:52 UTC] ✅ Logged: Invoices fetched successfully /backend/public/api/invoices
[29-Oct-2025 09:20:07 UTC] ✅ Logged: Invoices fetched successfully /backend/public/api/invoices
[29-Oct-2025 09:20:31 UTC] ✅ Logged: Invoice updated successfully /backend/public/api/invoices/FE5C4797A23A
[29-Oct-2025 09:20:31 UTC] ✅ Logged: Invoices fetched successfully /backend/public/api/invoices
[29-Oct-2025 09:20:41 UTC] ✅ Logged: Invoice updated successfully /backend/public/api/invoices/2C7CE6F93B4F
[29-Oct-2025 09:20:41 UTC] ✅ Logged: Invoices fetched successfully /backend/public/api/invoices
[29-Oct-2025 09:21:23 UTC] ✅ Logged: Invoice updated successfully /backend/public/api/invoices/F0754D8CCE76
[29-Oct-2025 09:21:24 UTC] ✅ Logged: Invoices fetched successfully /backend/public/api/invoices
[29-Oct-2025 09:22:04 UTC] ✅ Logged: Invoice updated successfully /backend/public/api/invoices/EFA5CE111547
[29-Oct-2025 09:22:05 UTC] ✅ Logged: Invoices fetched successfully /backend/public/api/invoices
[29-Oct-2025 09:22:13 UTC] ✅ Logged: Invoices fetched successfully /backend/public/api/invoices
[29-Oct-2025 09:22:33 UTC] ✅ Logged: Invoices fetched successfully /backend/public/api/invoices
[29-Oct-2025 09:23:01 UTC] ✅ Logged: Invoice updated successfully /backend/public/api/invoices/7FA4DF08BD04
[29-Oct-2025 09:23:01 UTC] ✅ Logged: Invoices fetched successfully /backend/public/api/invoices
[29-Oct-2025 09:23:30 UTC] ✅ Logged: Invoice type is required. /backend/public/api/invoices/6832551A7097
[29-Oct-2025 09:23:36 UTC] ✅ Logged: Invoice updated successfully /backend/public/api/invoices/6832551A7097
[29-Oct-2025 09:23:36 UTC] ✅ Logged: Invoices fetched successfully /backend/public/api/invoices
[29-Oct-2025 09:24:39 UTC] ✅ Logged: Invoice updated successfully /backend/public/api/invoices/6832551A7097
[29-Oct-2025 09:24:40 UTC] ✅ Logged: Invoices fetched successfully /backend/public/api/invoices
[29-Oct-2025 09:24:46 UTC] ✅ Logged: Invoices fetched successfully /backend/public/api/invoices
[29-Oct-2025 09:25:39 UTC] ✅ Logged: Invoice type is required. /backend/public/api/invoices/DBC6FEAB4417
[29-Oct-2025 09:25:45 UTC] ✅ Logged: Invoice updated successfully /backend/public/api/invoices/DBC6FEAB4417
[29-Oct-2025 09:25:46 UTC] ✅ Logged: Invoices fetched successfully /backend/public/api/invoices
[29-Oct-2025 09:26:02 UTC] ✅ Logged: Invoices fetched successfully /backend/public/api/invoices
[29-Oct-2025 09:27:35 UTC] ✅ Logged: Invoice updated successfully /backend/public/api/invoices/75D206382A75
[29-Oct-2025 09:27:36 UTC] ✅ Logged: Invoices fetched successfully /backend/public/api/invoices
[29-Oct-2025 09:27:55 UTC] ✅ Logged: Invoice updated successfully /backend/public/api/invoices/75D206382A75
[29-Oct-2025 09:27:55 UTC] ✅ Logged: Invoices fetched successfully /backend/public/api/invoices
[29-Oct-2025 09:28:37 UTC] ✅ Logged: Invoice updated successfully /backend/public/api/invoices/8D6A430A1A17
[29-Oct-2025 09:28:37 UTC] ✅ Logged: Invoices fetched successfully /backend/public/api/invoices
[29-Oct-2025 09:28:59 UTC] ✅ Logged: Invoice updated successfully /backend/public/api/invoices/75D206382A75
[29-Oct-2025 09:28:59 UTC] ✅ Logged: Invoices fetched successfully /backend/public/api/invoices
[29-Oct-2025 09:29:15 UTC] ✅ Logged: Invoice updated successfully /backend/public/api/invoices/8D6A430A1A17
[29-Oct-2025 09:29:15 UTC] ✅ Logged: Invoices fetched successfully /backend/public/api/invoices
[29-Oct-2025 09:29:25 UTC] ✅ Logged: Invoices fetched successfully /backend/public/api/invoices
[29-Oct-2025 09:30:43 UTC] ✅ Logged: Invoices fetched successfully /backend/public/api/invoices
[29-Oct-2025 09:30:59 UTC] ✅ Logged: Invoices fetched successfully /backend/public/api/invoices
[29-Oct-2025 09:31:12 UTC] ✅ Logged: Invoices fetched successfully /backend/public/api/invoices
[29-Oct-2025 09:31:44 UTC] ✅ Logged: Invoice updated successfully /backend/public/api/invoices/6B4A21AC786C
[29-Oct-2025 09:31:45 UTC] ✅ Logged: Invoices fetched successfully /backend/public/api/invoices
[29-Oct-2025 09:31:59 UTC] ✅ Logged: Invoice updated successfully /backend/public/api/invoices/F3B30FBA6C71
[29-Oct-2025 09:31:59 UTC] ✅ Logged: Invoices fetched successfully /backend/public/api/invoices
[29-Oct-2025 09:32:08 UTC] ✅ Logged: Invoices fetched successfully /backend/public/api/invoices
[29-Oct-2025 09:32:40 UTC] ✅ Logged: Invoices fetched successfully /backend/public/api/invoices
[29-Oct-2025 09:33:14 UTC] ✅ Logged: Invoice updated successfully /backend/public/api/invoices/82FB91ADCECE
[29-Oct-2025 09:33:14 UTC] ✅ Logged: Invoices fetched successfully /backend/public/api/invoices
[29-Oct-2025 09:33:18 UTC] ✅ Logged: Invoices fetched successfully /backend/public/api/invoices
[29-Oct-2025 09:40:17 UTC] ✅ Logged: Invoices fetched successfully /backend/public/api/invoices
[29-Oct-2025 09:41:00 UTC] ✅ Logged: Invoice updated successfully /backend/public/api/invoices/D596F9770ADB
[29-Oct-2025 09:41:00 UTC] ✅ Logged: Invoices fetched successfully /backend/public/api/invoices
[29-Oct-2025 09:41:21 UTC] ✅ Logged: Invoices fetched successfully /backend/public/api/invoices
[29-Oct-2025 09:41:24 UTC] ✅ Logged: Invoices fetched successfully /backend/public/api/invoices
[29-Oct-2025 09:41:35 UTC] ✅ Logged: Invoices fetched successfully /backend/public/api/invoices
[29-Oct-2025 09:43:13 UTC] ✅ Logged: Invoice updated successfully /backend/public/api/invoices/54D1C54A2F46
[29-Oct-2025 09:43:13 UTC] ✅ Logged: Invoices fetched successfully /backend/public/api/invoices
[29-Oct-2025 09:46:58 UTC] ✅ Logged: Invoice updated successfully /backend/public/api/invoices/54D1C54A2F46
[29-Oct-2025 09:46:58 UTC] ✅ Logged: No invoices found matching the criteria. /backend/public/api/invoices
[29-Oct-2025 09:47:24 UTC] ✅ Logged: Invoice updated successfully /backend/public/api/invoices/54D1C54A2F46
[29-Oct-2025 09:47:25 UTC] ✅ Logged: No invoices found matching the criteria. /backend/public/api/invoices
[29-Oct-2025 09:47:43 UTC] ✅ Logged: No invoices found matching the criteria. /backend/public/api/invoices
[29-Oct-2025 09:47:52 UTC] ✅ Logged: Invoices fetched successfully /backend/public/api/invoices
[29-Oct-2025 09:48:09 UTC] ✅ Logged: Invoice deleted successfully /backend/public/api/invoices/515CA551510A
[29-Oct-2025 09:48:09 UTC] ✅ Logged: Invoices fetched successfully /backend/public/api/invoices
[29-Oct-2025 09:48:21 UTC] ✅ Logged: Invoices fetched successfully /backend/public/api/invoices
[29-Oct-2025 09:48:38 UTC] ✅ Logged: Invoices fetched successfully /backend/public/api/invoices
[29-Oct-2025 09:50:26 UTC] ✅ Logged: Invoice updated successfully /backend/public/api/invoices/25596568C278
[29-Oct-2025 09:50:27 UTC] ✅ Logged: Invoices fetched successfully /backend/public/api/invoices
[29-Oct-2025 09:50:58 UTC] ✅ Logged: Invoice updated successfully /backend/public/api/invoices/DCCCB8BD7CB8
[29-Oct-2025 09:50:58 UTC] ✅ Logged: Invoices fetched successfully /backend/public/api/invoices
[29-Oct-2025 09:52:06 UTC] ✅ Logged: Invoice updated successfully /backend/public/api/invoices/4BE923B1E5BF
[29-Oct-2025 09:52:07 UTC] ✅ Logged: Invoices fetched successfully /backend/public/api/invoices
[29-Oct-2025 09:52:21 UTC] ✅ Logged: Invoices fetched successfully /backend/public/api/invoices
[29-Oct-2025 09:52:22 UTC] ✅ Logged: Invoices fetched successfully /backend/public/api/invoices
[29-Oct-2025 10:03:21 UTC] ✅ Logged: Invoices fetched successfully /backend/public/api/invoices
[29-Oct-2025 10:08:43 UTC] ✅ Logged: Invoice updated successfully /backend/public/api/invoices/6441B6B50F07
[29-Oct-2025 10:08:43 UTC] ✅ Logged: Invoices fetched successfully /backend/public/api/invoices
[29-Oct-2025 10:08:57 UTC] ✅ Logged: Invoice updated successfully /backend/public/api/invoices/E3480BA49B14
[29-Oct-2025 10:08:57 UTC] ✅ Logged: Invoices fetched successfully /backend/public/api/invoices
[29-Oct-2025 10:13:35 UTC] ✅ Logged: Invoices fetched successfully /backend/public/api/invoices
[29-Oct-2025 10:14:17 UTC] ✅ Logged: Invoices fetched successfully /backend/public/api/invoices
[29-Oct-2025 10:15:51 UTC] ✅ Logged: Invoice updated successfully /backend/public/api/invoices/C9D0EDD433EB
[29-Oct-2025 10:15:51 UTC] ✅ Logged: Invoices fetched successfully /backend/public/api/invoices
[29-Oct-2025 10:16:15 UTC] ✅ Logged: Invoices fetched successfully /backend/public/api/invoices
[29-Oct-2025 10:18:53 UTC] ✅ Logged: Invoice updated successfully /backend/public/api/invoices/75DF986606AD
[29-Oct-2025 10:18:53 UTC] ✅ Logged: Invoices fetched successfully /backend/public/api/invoices
[29-Oct-2025 10:19:08 UTC] ✅ Logged: Invoices fetched successfully /backend/public/api/invoices
[29-Oct-2025 10:19:42 UTC] ✅ Logged: Invoice updated successfully /backend/public/api/invoices/75DF986606AD
[29-Oct-2025 10:19:42 UTC] ✅ Logged: Invoices fetched successfully /backend/public/api/invoices
[29-Oct-2025 10:20:12 UTC] ✅ Logged: Login successful /backend/public/api/auth/users/login
[29-Oct-2025 10:20:13 UTC] ✅ Logged: Business data fetched successfully. /backend/public/api/business
[29-Oct-2025 10:20:18 UTC] ✅ Logged: Invoices fetched successfully /backend/public/api/invoices
[29-Oct-2025 10:20:31 UTC] ✅ Logged: Invoices fetched successfully /backend/public/api/invoices
[29-Oct-2025 10:21:16 UTC] ✅ Logged: Invoice type is required. /backend/public/api/invoices/D9450B3AB0BA
[29-Oct-2025 10:21:21 UTC] ✅ Logged: Invoice updated successfully /backend/public/api/invoices/D9450B3AB0BA
[29-Oct-2025 10:21:21 UTC] ✅ Logged: Invoices fetched successfully /backend/public/api/invoices
[29-Oct-2025 10:21:28 UTC] ✅ Logged: Invoices fetched successfully /backend/public/api/invoices
[29-Oct-2025 10:21:44 UTC] ✅ Logged: Invoices fetched successfully /backend/public/api/invoices
[29-Oct-2025 10:22:09 UTC] ✅ Logged: Invoice updated successfully /backend/public/api/invoices/0E004E452590
[29-Oct-2025 10:22:10 UTC] ✅ Logged: Invoices fetched successfully /backend/public/api/invoices
[29-Oct-2025 10:22:14 UTC] ✅ Logged: Invoices fetched successfully /backend/public/api/invoices
[29-Oct-2025 10:26:52 UTC] ✅ Logged: Invoices fetched successfully /backend/public/api/invoices
[29-Oct-2025 10:27:08 UTC] ✅ Logged: Invoice updated successfully /backend/public/api/invoices/2F24704451FF
[29-Oct-2025 10:27:08 UTC] ✅ Logged: Invoices fetched successfully /backend/public/api/invoices
[29-Oct-2025 10:27:13 UTC] ✅ Logged: Invoices fetched successfully /backend/public/api/invoices
[29-Oct-2025 10:31:21 UTC] ✅ Logged: Invoice updated successfully /backend/public/api/invoices/816380072DC1
[29-Oct-2025 10:31:21 UTC] ✅ Logged: Invoices fetched successfully /backend/public/api/invoices
[29-Oct-2025 10:31:40 UTC] ✅ Logged: Invoices fetched successfully /backend/public/api/invoices
[29-Oct-2025 10:32:18 UTC] ✅ Logged: Invoice updated successfully /backend/public/api/invoices/E40E1C6FF83F
[29-Oct-2025 10:32:19 UTC] ✅ Logged: Invoices fetched successfully /backend/public/api/invoices
[29-Oct-2025 10:32:47 UTC] ✅ Logged: Invoice updated successfully /backend/public/api/invoices/E40E1C6FF83F
[29-Oct-2025 10:32:47 UTC] ✅ Logged: Invoices fetched successfully /backend/public/api/invoices
[29-Oct-2025 10:33:07 UTC] ✅ Logged: Invoice updated successfully /backend/public/api/invoices/AF17E9450F8F
[29-Oct-2025 10:33:07 UTC] ✅ Logged: Invoices fetched successfully /backend/public/api/invoices
[29-Oct-2025 10:33:38 UTC] ✅ Logged: Invoice updated successfully /backend/public/api/invoices/2028B68FA7EA
[29-Oct-2025 10:33:38 UTC] ✅ Logged: Invoices fetched successfully /backend/public/api/invoices
[29-Oct-2025 10:34:04 UTC] ✅ Logged: Invoice updated successfully /backend/public/api/invoices/FF825E656F1A
[29-Oct-2025 10:34:04 UTC] ✅ Logged: Invoices fetched successfully /backend/public/api/invoices
[29-Oct-2025 10:34:28 UTC] ✅ Logged: Invoice updated successfully /backend/public/api/invoices/E9301DB1E0B5
[29-Oct-2025 10:34:28 UTC] ✅ Logged: Invoices fetched successfully /backend/public/api/invoices
[29-Oct-2025 10:34:34 UTC] ✅ Logged: Invoices fetched successfully /backend/public/api/invoices
[29-Oct-2025 10:34:49 UTC] ✅ Logged: Invoices fetched successfully /backend/public/api/invoices
[29-Oct-2025 10:35:12 UTC] ✅ Logged: Invoice updated successfully /backend/public/api/invoices/D5930D179D44
[29-Oct-2025 10:35:13 UTC] ✅ Logged: Invoices fetched successfully /backend/public/api/invoices
[29-Oct-2025 10:35:19 UTC] ✅ Logged: Invoices fetched successfully /backend/public/api/invoices
[29-Oct-2025 10:35:39 UTC] ✅ Logged: Invoices fetched successfully /backend/public/api/invoices
[29-Oct-2025 10:36:00 UTC] ✅ Logged: Invoice updated successfully /backend/public/api/invoices/28DC894284D5
[29-Oct-2025 10:36:00 UTC] ✅ Logged: Invoices fetched successfully /backend/public/api/invoices
[29-Oct-2025 10:36:05 UTC] ✅ Logged: Invoices fetched successfully /backend/public/api/invoices
[29-Oct-2025 10:36:19 UTC] ✅ Logged: Invoices fetched successfully /backend/public/api/invoices
[29-Oct-2025 10:36:55 UTC] ✅ Logged: Invoice updated successfully /backend/public/api/invoices/D778A7AAE35B
[29-Oct-2025 10:36:55 UTC] ✅ Logged: Invoices fetched successfully /backend/public/api/invoices
[29-Oct-2025 10:37:05 UTC] ✅ Logged: Invoices fetched successfully /backend/public/api/invoices
[29-Oct-2025 10:37:31 UTC] ✅ Logged: Invoices fetched successfully /backend/public/api/invoices
[29-Oct-2025 10:38:19 UTC] ✅ Logged: Invoice type is required. /backend/public/api/invoices/DB8A856373B5
[29-Oct-2025 10:38:23 UTC] ✅ Logged: Invoice updated successfully /backend/public/api/invoices/DB8A856373B5
[29-Oct-2025 10:38:23 UTC] ✅ Logged: Invoices fetched successfully /backend/public/api/invoices
[29-Oct-2025 10:38:28 UTC] ✅ Logged: Invoices fetched successfully /backend/public/api/invoices
[29-Oct-2025 10:38:43 UTC] ✅ Logged: Invoices fetched successfully /backend/public/api/invoices
[29-Oct-2025 10:39:04 UTC] ✅ Logged: Invoice updated successfully /backend/public/api/invoices/1F50111622D5
[29-Oct-2025 10:39:05 UTC] ✅ Logged: Invoices fetched successfully /backend/public/api/invoices
[29-Oct-2025 10:39:13 UTC] ✅ Logged: Invoices fetched successfully /backend/public/api/invoices
[29-Oct-2025 10:49:25 UTC] ✅ Logged: Invoices fetched successfully /backend/public/api/invoices
[29-Oct-2025 10:50:25 UTC] ✅ Logged: Invoice updated successfully /backend/public/api/invoices/8D1BFEE3F209
[29-Oct-2025 10:50:26 UTC] ✅ Logged: Invoices fetched successfully /backend/public/api/invoices
[29-Oct-2025 10:50:41 UTC] ✅ Logged: Invoice updated successfully /backend/public/api/invoices/0410080042DF
[29-Oct-2025 10:50:42 UTC] ✅ Logged: Invoices fetched successfully /backend/public/api/invoices
[29-Oct-2025 10:50:57 UTC] ✅ Logged: Invoices fetched successfully /backend/public/api/invoices
[29-Oct-2025 10:51:11 UTC] ✅ Logged: Invoices fetched successfully /backend/public/api/invoices
[29-Oct-2025 10:51:30 UTC] ✅ Logged: Invoice updated successfully /backend/public/api/invoices/98E359E2B5B1
[29-Oct-2025 10:51:31 UTC] ✅ Logged: Invoices fetched successfully /backend/public/api/invoices
[29-Oct-2025 10:51:38 UTC] ✅ Logged: Invoices fetched successfully /backend/public/api/invoices
[29-Oct-2025 10:51:53 UTC] ✅ Logged: Invoices fetched successfully /backend/public/api/invoices
[29-Oct-2025 10:52:14 UTC] ✅ Logged: Invoice updated successfully /backend/public/api/invoices/69A908088E56
[29-Oct-2025 10:52:14 UTC] ✅ Logged: Invoices fetched successfully /backend/public/api/invoices
[29-Oct-2025 10:52:20 UTC] ✅ Logged: Invoices fetched successfully /backend/public/api/invoices
[29-Oct-2025 10:53:01 UTC] ✅ Logged: Invoices fetched successfully /backend/public/api/invoices
[29-Oct-2025 10:53:21 UTC] ✅ Logged: Invoice updated successfully /backend/public/api/invoices/174B5E92DC4F
[29-Oct-2025 10:53:21 UTC] ✅ Logged: Invoices fetched successfully /backend/public/api/invoices
[29-Oct-2025 10:53:39 UTC] ✅ Logged: Invoice updated successfully /backend/public/api/invoices/EF4D462E7A59
[29-Oct-2025 10:53:40 UTC] ✅ Logged: Invoices fetched successfully /backend/public/api/invoices
[29-Oct-2025 10:53:55 UTC] ✅ Logged: Invoice updated successfully /backend/public/api/invoices/D0AA01CF0D0B
[29-Oct-2025 10:53:55 UTC] ✅ Logged: Invoices fetched successfully /backend/public/api/invoices
[29-Oct-2025 10:54:10 UTC] ✅ Logged: Invoice updated successfully /backend/public/api/invoices/6B329CB91DB9
[29-Oct-2025 10:54:11 UTC] ✅ Logged: Invoices fetched successfully /backend/public/api/invoices
[29-Oct-2025 10:54:17 UTC] ✅ Logged: Invoices fetched successfully /backend/public/api/invoices
[29-Oct-2025 10:54:29 UTC] ✅ Logged: Invoices fetched successfully /backend/public/api/invoices
[29-Oct-2025 10:55:11 UTC] ✅ Logged: Invoice updated successfully /backend/public/api/invoices/6332C84574EC
[29-Oct-2025 10:55:11 UTC] ✅ Logged: Invoices fetched successfully /backend/public/api/invoices
[29-Oct-2025 10:55:17 UTC] ✅ Logged: Invoices fetched successfully /backend/public/api/invoices
[29-Oct-2025 10:55:32 UTC] ✅ Logged: Invoices fetched successfully /backend/public/api/invoices
[29-Oct-2025 10:58:56 UTC] ✅ Logged: Invoice updated successfully /backend/public/api/invoices/964B7874BBD4
[29-Oct-2025 10:58:56 UTC] ✅ Logged: Invoices fetched successfully /backend/public/api/invoices
[29-Oct-2025 10:59:56 UTC] ✅ Logged: Invoices fetched successfully /backend/public/api/invoices
[29-Oct-2025 11:00:27 UTC] ✅ Logged: Invoices fetched successfully /backend/public/api/invoices
[29-Oct-2025 11:01:20 UTC] ✅ Logged: Invoice updated successfully /backend/public/api/invoices/71A6E3259A44
[29-Oct-2025 11:01:21 UTC] ✅ Logged: Invoices fetched successfully /backend/public/api/invoices
[29-Oct-2025 11:01:28 UTC] ✅ Logged: Invoices fetched successfully /backend/public/api/invoices
[29-Oct-2025 11:01:41 UTC] ✅ Logged: Invoices fetched successfully /backend/public/api/invoices
[29-Oct-2025 11:02:17 UTC] ✅ Logged: Invoice updated successfully /backend/public/api/invoices/9955929C3921
[29-Oct-2025 11:02:17 UTC] ✅ Logged: Invoices fetched successfully /backend/public/api/invoices
[29-Oct-2025 11:02:21 UTC] ✅ Logged: Invoices fetched successfully /backend/public/api/invoices
[29-Oct-2025 11:14:37 UTC] ✅ Logged: Login successful /backend/public/api/auth/users/login
[29-Oct-2025 11:14:37 UTC] ✅ Logged: Business data fetched successfully. /backend/public/api/business
[29-Oct-2025 11:14:40 UTC] ✅ Logged: Today dashboard stats fetched successfully. /backend/public/api/business/stats
[29-Oct-2025 11:15:19 UTC] ✅ Logged: Yearly dashboard stats fetched successfully. /backend/public/api/business/stats
[29-Oct-2025 11:17:02 UTC] ✅ Logged: Activity logs fetched successfully. /backend/public/api/business/activity/logs
[29-Oct-2025 11:17:39 UTC] ✅ Logged: Login successful /backend/public/api/auth/users/login
[29-Oct-2025 11:17:39 UTC] ✅ Logged: Business data fetched successfully. /backend/public/api/business
[29-Oct-2025 11:20:47 UTC] ✅ Logged: Login successful /backend/public/api/auth/users/login
[29-Oct-2025 11:20:47 UTC] ✅ Logged: Business data fetched successfully. /backend/public/api/business
[29-Oct-2025 11:20:54 UTC] ✅ Logged: Invoices fetched successfully /backend/public/api/invoices
[29-Oct-2025 11:21:20 UTC] ✅ Logged: Invoices fetched successfully /backend/public/api/invoices
[29-Oct-2025 11:22:49 UTC] ✅ Logged: Invoice updated successfully /backend/public/api/invoices/0044A07822B4
[29-Oct-2025 11:22:49 UTC] ✅ Logged: Invoices fetched successfully /backend/public/api/invoices
[29-Oct-2025 11:22:55 UTC] ✅ Logged: Invoices fetched successfully /backend/public/api/invoices
[29-Oct-2025 11:23:24 UTC] ✅ Logged: Invoices fetched successfully /backend/public/api/invoices
[29-Oct-2025 11:24:03 UTC] ✅ Logged: Invoice updated successfully /backend/public/api/invoices/F4969E775753
[29-Oct-2025 11:24:03 UTC] ✅ Logged: Invoices fetched successfully /backend/public/api/invoices
[29-Oct-2025 11:24:46 UTC] ✅ Logged: Invoice updated successfully /backend/public/api/invoices/C5AC7E9031E5
[29-Oct-2025 11:24:46 UTC] ✅ Logged: Invoices fetched successfully /backend/public/api/invoices
[29-Oct-2025 11:25:18 UTC] ✅ Logged: Invoice updated successfully /backend/public/api/invoices/025735854F95
[29-Oct-2025 11:25:19 UTC] ✅ Logged: Invoices fetched successfully /backend/public/api/invoices
[29-Oct-2025 11:25:41 UTC] ✅ Logged: Invoice updated successfully /backend/public/api/invoices/F4969E775753
[29-Oct-2025 11:25:42 UTC] ✅ Logged: Invoices fetched successfully /backend/public/api/invoices
[29-Oct-2025 11:26:09 UTC] ✅ Logged: Invoices fetched successfully /backend/public/api/invoices
[29-Oct-2025 11:26:27 UTC] ✅ Logged: Invoices fetched successfully /backend/public/api/invoices
[29-Oct-2025 11:26:28 UTC] ✅ Logged: Invoices fetched successfully /backend/public/api/invoices
[29-Oct-2025 11:27:33 UTC] ✅ Logged: Invoice updated successfully /backend/public/api/invoices/E35EFB0540D2
[29-Oct-2025 11:27:33 UTC] ✅ Logged: Invoices fetched successfully /backend/public/api/invoices
[29-Oct-2025 11:27:52 UTC] ✅ Logged: Login successful /backend/public/api/auth/users/login
[29-Oct-2025 11:27:52 UTC] ✅ Logged: Business data fetched successfully. /backend/public/api/business
[29-Oct-2025 11:27:54 UTC] ✅ Logged: Invoice updated successfully /backend/public/api/invoices/B2E1EF760F8C
[29-Oct-2025 11:27:54 UTC] ✅ Logged: Invoices fetched successfully /backend/public/api/invoices
[29-Oct-2025 11:27:55 UTC] ✅ Logged: Today dashboard stats fetched successfully. /backend/public/api/business/stats
[29-Oct-2025 11:28:04 UTC] ✅ Logged: No valid changes detected /backend/public/api/business/E71CBEF705A1
[29-Oct-2025 11:28:12 UTC] ✅ Logged: Invoice updated successfully /backend/public/api/invoices/7A6E3261F14D
[29-Oct-2025 11:28:12 UTC] ✅ Logged: Invoices fetched successfully /backend/public/api/invoices
[29-Oct-2025 11:28:22 UTC] ✅ Logged: Business updated successfully /backend/public/api/business/E71CBEF705A1
[29-Oct-2025 11:28:27 UTC] ✅ Logged: Invoices fetched successfully /backend/public/api/invoices
[29-Oct-2025 11:28:37 UTC] ✅ Logged: Login successful /backend/public/api/auth/users/login
[29-Oct-2025 11:28:37 UTC] ✅ Logged: Business data fetched successfully. /backend/public/api/business
[29-Oct-2025 11:28:39 UTC] ✅ Logged: Today dashboard stats fetched successfully. /backend/public/api/business/stats
[29-Oct-2025 11:28:44 UTC] ✅ Logged: Invoice updated successfully /backend/public/api/invoices/F7AF981E994B
[29-Oct-2025 11:28:45 UTC] ✅ Logged: Invoices fetched successfully /backend/public/api/invoices
[29-Oct-2025 11:28:52 UTC] ✅ Logged: Invoices fetched successfully /backend/public/api/invoices
[29-Oct-2025 11:29:20 UTC] ✅ Logged: Invoice updated successfully /backend/public/api/invoices/D77ECED2B982
[29-Oct-2025 11:29:20 UTC] ✅ Logged: Invoices fetched successfully /backend/public/api/invoices
[29-Oct-2025 11:30:14 UTC] ✅ Logged: Invoice updated successfully /backend/public/api/invoices/D1A4F2FF2314
[29-Oct-2025 11:30:14 UTC] ✅ Logged: Invoices fetched successfully /backend/public/api/invoices
[29-Oct-2025 11:30:57 UTC] ✅ Logged: Invoices fetched successfully /backend/public/api/invoices
[29-Oct-2025 11:31:09 UTC] ✅ Logged: Invoice updated successfully /backend/public/api/invoices/8003F8447084
[29-Oct-2025 11:31:09 UTC] ✅ Logged: Invoices fetched successfully /backend/public/api/invoices
[29-Oct-2025 11:31:17 UTC] ✅ Logged: Activity logs fetched successfully. /backend/public/api/business/activity/logs
[29-Oct-2025 11:31:24 UTC] ✅ Logged: Invoice updated successfully /backend/public/api/invoices/E922573B8089
[29-Oct-2025 11:31:24 UTC] ✅ Logged: Invoices fetched successfully /backend/public/api/invoices
[29-Oct-2025 11:31:26 UTC] ✅ Logged: Activity logs fetched successfully. /backend/public/api/business/activity/logs
[29-Oct-2025 11:31:34 UTC] ✅ Logged: Invoice updated successfully /backend/public/api/invoices/E922573B8089
[29-Oct-2025 11:31:35 UTC] ✅ Logged: Invoices fetched successfully /backend/public/api/invoices
[29-Oct-2025 11:31:35 UTC] ✅ Logged: Today dashboard stats fetched successfully. /backend/public/api/business/stats
[29-Oct-2025 11:31:49 UTC] ✅ Logged: Invoice updated successfully /backend/public/api/invoices/F7AF981E994B
[29-Oct-2025 11:31:49 UTC] ✅ Logged: Invoices fetched successfully /backend/public/api/invoices
[29-Oct-2025 11:32:43 UTC] ✅ Logged: Invoices fetched successfully /backend/public/api/invoices
[29-Oct-2025 11:34:01 UTC] ✅ Logged: Yearly dashboard stats fetched successfully. /backend/public/api/business/stats
[29-Oct-2025 11:34:04 UTC] ✅ Logged: Yearly dashboard stats fetched successfully. /backend/public/api/business/stats
[29-Oct-2025 11:34:42 UTC] ✅ Logged: Invoices fetched successfully /backend/public/api/invoices
[29-Oct-2025 11:34:57 UTC] ✅ Logged: Shared invoices fetched successfully /backend/public/api/shared/invoices/16962C51A6EE
[29-Oct-2025 11:35:33 UTC] ✅ Logged: Activity logs fetched successfully. /backend/public/api/business/activity/logs
[29-Oct-2025 11:35:48 UTC] ✅ Logged: Activity logs fetched successfully. /backend/public/api/business/activity/logs
[29-Oct-2025 12:03:50 UTC] ✅ Logged: Login successful /backend/public/api/auth/users/login
[29-Oct-2025 12:03:50 UTC] ✅ Logged: Business data fetched successfully. /backend/public/api/business
[29-Oct-2025 12:03:53 UTC] ✅ Logged: Today dashboard stats fetched successfully. /backend/public/api/business/stats
[29-Oct-2025 12:04:42 UTC] ✅ Logged: Today dashboard stats fetched successfully. /backend/public/api/business/stats
[29-Oct-2025 12:12:36 UTC] ✅ Logged: Invoices fetched successfully /backend/public/api/invoices
[29-Oct-2025 14:49:42 UTC] ✅ Logged: Login successful /backend/public/api/auth/users/login
[29-Oct-2025 14:49:42 UTC] ✅ Logged: Business data fetched successfully. /backend/public/api/business
[29-Oct-2025 14:49:44 UTC] ✅ Logged: Today dashboard stats fetched successfully. /backend/public/api/business/stats
[29-Oct-2025 14:49:59 UTC] ✅ Logged: Yearly dashboard stats fetched successfully. /backend/public/api/business/stats
[30-Oct-2025 05:42:19 UTC] ✅ Logged: Login successful /backend/public/api/auth/users/login
[30-Oct-2025 05:42:19 UTC] ✅ Logged: Business data fetched successfully. /backend/public/api/business
[30-Oct-2025 05:42:22 UTC] ✅ Logged: Today dashboard stats fetched successfully. /backend/public/api/business/stats
[30-Oct-2025 05:42:27 UTC] ✅ Logged: Yearly dashboard stats fetched successfully. /backend/public/api/business/stats
[30-Oct-2025 05:42:34 UTC] ✅ Logged: Invoices fetched successfully /backend/public/api/invoices
[30-Oct-2025 05:43:07 UTC] ✅ Logged: Shared invoices fetched successfully /backend/public/api/shared/invoices/16962C51A6EE
[30-Oct-2025 05:43:54 UTC] ✅ Logged: Activity logs fetched successfully. /backend/public/api/business/activity/logs
[30-Oct-2025 05:44:02 UTC] ✅ Logged: User records fetched successfully. /backend/public/api/users
[30-Oct-2025 05:44:05 UTC] ✅ Logged: Invoices fetched successfully /backend/public/api/invoices
[30-Oct-2025 05:44:15 UTC] ✅ Logged: User records fetched successfully. /backend/public/api/users
[30-Oct-2025 05:44:20 UTC] ✅ Logged: Invoices fetched successfully /backend/public/api/invoices
[30-Oct-2025 05:44:29 UTC] ✅ Logged: Login successful /backend/public/api/auth/users/login
[30-Oct-2025 05:44:29 UTC] ✅ Logged: Business data fetched successfully. /backend/public/api/business
[30-Oct-2025 05:44:32 UTC] ✅ Logged: Today dashboard stats fetched successfully. /backend/public/api/business/stats
[30-Oct-2025 05:44:38 UTC] ✅ Logged: Invoices fetched successfully /backend/public/api/invoices
[30-Oct-2025 05:45:36 UTC] ✅ Logged: Today dashboard stats fetched successfully. /backend/public/api/business/stats
[30-Oct-2025 06:26:05 UTC] ✅ Logged: Invoices fetched successfully /backend/public/api/invoices
[30-Oct-2025 06:26:08 UTC] ✅ Logged: No invoices found matching the criteria. /backend/public/api/invoices
[30-Oct-2025 06:26:19 UTC] ✅ Logged: No invoices found matching the criteria. /backend/public/api/invoices
[30-Oct-2025 13:47:55 UTC] ✅ Logged: Login successful /backend/public/api/auth/users/login
[30-Oct-2025 13:47:55 UTC] ✅ Logged: Business data fetched successfully. /backend/public/api/business
[30-Oct-2025 13:47:58 UTC] ✅ Logged: Today dashboard stats fetched successfully. /backend/public/api/business/stats
[30-Oct-2025 13:48:00 UTC] ✅ Logged: Invoices fetched successfully /backend/public/api/invoices
[30-Oct-2025 13:48:05 UTC] ✅ Logged: Invoices fetched successfully /backend/public/api/invoices
[30-Oct-2025 13:49:55 UTC] ✅ Logged: Invoice updated successfully /backend/public/api/invoices/19832E8523B5
[30-Oct-2025 13:49:56 UTC] ✅ Logged: Invoices fetched successfully /backend/public/api/invoices
[30-Oct-2025 13:50:10 UTC] ✅ Logged: Invoice type is required. /backend/public/api/invoices/244803BD7180
[30-Oct-2025 13:50:23 UTC] ✅ Logged: Invoice updated successfully /backend/public/api/invoices/244803BD7180
[30-Oct-2025 13:50:24 UTC] ✅ Logged: Invoices fetched successfully /backend/public/api/invoices
[30-Oct-2025 14:14:09 UTC] ✅ Logged: Invoices fetched successfully /backend/public/api/invoices
[30-Oct-2025 14:14:16 UTC] ✅ Logged: Invoices fetched successfully /backend/public/api/invoices
[30-Oct-2025 14:14:19 UTC] ✅ Logged: Invoices fetched successfully /backend/public/api/invoices
[30-Oct-2025 14:14:20 UTC] ✅ Logged: Invoices fetched successfully /backend/public/api/invoices
[30-Oct-2025 14:15:00 UTC] ✅ Logged: Invoice updated successfully /backend/public/api/invoices/8F88D7848A5B
[30-Oct-2025 14:15:00 UTC] ✅ Logged: Invoices fetched successfully /backend/public/api/invoices
[30-Oct-2025 14:48:38 UTC] ✅ Logged: Login successful /backend/public/api/auth/users/login
[30-Oct-2025 14:48:38 UTC] ✅ Logged: Business data fetched successfully. /backend/public/api/business
[30-Oct-2025 14:50:37 UTC] ✅ Logged: Invoices fetched successfully /backend/public/api/invoices
[30-Oct-2025 15:12:00 UTC] ✅ Logged: Invoices fetched successfully /backend/public/api/invoices
[30-Oct-2025 15:14:05 UTC] ✅ Logged: Invoice created successfully /backend/public/api/invoices
[30-Oct-2025 15:14:05 UTC] ✅ Logged: Invoices fetched successfully /backend/public/api/invoices
[30-Oct-2025 15:17:47 UTC] ✅ Logged: Invoices fetched successfully /backend/public/api/invoices
[30-Oct-2025 15:17:55 UTC] ✅ Logged: Invoices fetched successfully /backend/public/api/invoices
[30-Oct-2025 15:17:59 UTC] ✅ Logged: Invoices fetched successfully /backend/public/api/invoices
[30-Oct-2025 15:18:00 UTC] ✅ Logged: Invoices fetched successfully /backend/public/api/invoices
[30-Oct-2025 15:18:02 UTC] ✅ Logged: No invoices found matching the criteria. /backend/public/api/invoices
[30-Oct-2025 15:18:09 UTC] ✅ Logged: No invoices found matching the criteria. /backend/public/api/invoices
[30-Oct-2025 15:18:10 UTC] ✅ Logged: No invoices found matching the criteria. /backend/public/api/invoices
[30-Oct-2025 15:18:19 UTC] ✅ Logged: No invoices found matching the criteria. /backend/public/api/invoices
[30-Oct-2025 15:18:19 UTC] ✅ Logged: No invoices found matching the criteria. /backend/public/api/invoices
[30-Oct-2025 15:18:28 UTC] ✅ Logged: No invoices found matching the criteria. /backend/public/api/invoices
[30-Oct-2025 15:18:28 UTC] ✅ Logged: No invoices found matching the criteria. /backend/public/api/invoices
[30-Oct-2025 15:18:34 UTC] ✅ Logged: Invoices fetched successfully /backend/public/api/invoices
[30-Oct-2025 15:18:38 UTC] ✅ Logged: Invoices fetched successfully /backend/public/api/invoices
[30-Oct-2025 15:18:50 UTC] ✅ Logged: Invoices fetched successfully /backend/public/api/invoices
[30-Oct-2025 15:19:07 UTC] ✅ Logged: Invoice updated successfully /backend/public/api/invoices/9D982EFE
[30-Oct-2025 15:19:07 UTC] ✅ Logged: Invoices fetched successfully /backend/public/api/invoices
[30-Oct-2025 15:22:15 UTC] ✅ Logged: Invoice created successfully /backend/public/api/invoices
[30-Oct-2025 15:22:15 UTC] ✅ Logged: Invoices fetched successfully /backend/public/api/invoices
[30-Oct-2025 15:22:47 UTC] ✅ Logged: Invoices fetched successfully /backend/public/api/invoices
[30-Oct-2025 15:22:52 UTC] ✅ Logged: Invoices fetched successfully /backend/public/api/invoices
[30-Oct-2025 15:22:55 UTC] ✅ Logged: Invoices fetched successfully /backend/public/api/invoices
[30-Oct-2025 15:22:56 UTC] ✅ Logged: Invoices fetched successfully /backend/public/api/invoices
[30-Oct-2025 15:22:57 UTC] ✅ Logged: Invoices fetched successfully /backend/public/api/invoices
[30-Oct-2025 15:22:57 UTC] ✅ Logged: Invoices fetched successfully /backend/public/api/invoices
[30-Oct-2025 15:26:04 UTC] ✅ Logged: Invoice created successfully /backend/public/api/invoices
[30-Oct-2025 15:26:05 UTC] ✅ Logged: Invoices fetched successfully /backend/public/api/invoices
[30-Oct-2025 15:26:49 UTC] ✅ Logged: Invoices fetched successfully /backend/public/api/invoices
[30-Oct-2025 17:42:21 UTC] ✅ Logged: Shared invoices fetched successfully /backend/public/api/shared/invoices/16962C51A6EE
[31-Oct-2025 06:56:50 UTC] ✅ Logged: Login successful /backend/public/api/auth/users/login
[31-Oct-2025 06:56:50 UTC] ✅ Logged: Business data fetched successfully. /backend/public/api/business
[31-Oct-2025 06:56:53 UTC] ✅ Logged: Today dashboard stats fetched successfully. /backend/public/api/business/stats
[31-Oct-2025 06:56:57 UTC] ✅ Logged: Invoices fetched successfully /backend/public/api/invoices
[31-Oct-2025 06:57:33 UTC] ✅ Logged: Invoices fetched successfully /backend/public/api/invoices
[31-Oct-2025 06:57:39 UTC] ✅ Logged: Invoices fetched successfully /backend/public/api/invoices
[31-Oct-2025 06:57:39 UTC] ✅ Logged: Invoices fetched successfully /backend/public/api/invoices
[31-Oct-2025 06:57:39 UTC] ✅ Logged: Invoices fetched successfully /backend/public/api/invoices
[31-Oct-2025 06:57:40 UTC] ✅ Logged: Invoices fetched successfully /backend/public/api/invoices
[31-Oct-2025 06:57:49 UTC] ✅ Logged: No invoices found matching the criteria. /backend/public/api/invoices
[31-Oct-2025 07:00:32 UTC] ✅ Logged: Invoice created successfully /backend/public/api/invoices
[31-Oct-2025 07:00:33 UTC] ✅ Logged: Invoices fetched successfully /backend/public/api/invoices
[31-Oct-2025 07:00:49 UTC] ✅ Logged: Invoices fetched successfully /backend/public/api/invoices
[31-Oct-2025 07:00:53 UTC] ✅ Logged: Invoices fetched successfully /backend/public/api/invoices
[31-Oct-2025 07:00:54 UTC] ✅ Logged: Invoices fetched successfully /backend/public/api/invoices
[31-Oct-2025 07:00:56 UTC] ✅ Logged: Invoices fetched successfully /backend/public/api/invoices
[31-Oct-2025 07:00:57 UTC] ✅ Logged: No invoices found matching the criteria. /backend/public/api/invoices
[31-Oct-2025 07:01:15 UTC] ✅ Logged: Invoices fetched successfully /backend/public/api/invoices
[31-Oct-2025 07:01:52 UTC] ✅ Logged: Invoice updated successfully /backend/public/api/invoices/8904438C66EF
[31-Oct-2025 07:01:52 UTC] ✅ Logged: Invoices fetched successfully /backend/public/api/invoices
[31-Oct-2025 07:02:00 UTC] ✅ Logged: Invoices fetched successfully /backend/public/api/invoices
[31-Oct-2025 07:04:26 UTC] ✅ Logged: Invoice created successfully /backend/public/api/invoices
[31-Oct-2025 07:04:27 UTC] ✅ Logged: Invoices fetched successfully /backend/public/api/invoices
[31-Oct-2025 07:06:43 UTC] ✅ Logged: Invoice created successfully /backend/public/api/invoices
[31-Oct-2025 07:06:43 UTC] ✅ Logged: Invoices fetched successfully /backend/public/api/invoices
[31-Oct-2025 07:06:53 UTC] ✅ Logged: Invoices fetched successfully /backend/public/api/invoices
[31-Oct-2025 07:06:56 UTC] ✅ Logged: Invoices fetched successfully /backend/public/api/invoices
[31-Oct-2025 07:06:57 UTC] ✅ Logged: Invoices fetched successfully /backend/public/api/invoices
[31-Oct-2025 07:06:57 UTC] ✅ Logged: Invoices fetched successfully /backend/public/api/invoices
[31-Oct-2025 07:06:57 UTC] ✅ Logged: Invoices fetched successfully /backend/public/api/invoices
[31-Oct-2025 07:07:00 UTC] ✅ Logged: Invoices fetched successfully /backend/public/api/invoices
[31-Oct-2025 07:07:00 UTC] ✅ Logged: No invoices found matching the criteria. /backend/public/api/invoices
[31-Oct-2025 07:09:40 UTC] ✅ Logged: Invoice created successfully /backend/public/api/invoices
[31-Oct-2025 07:09:40 UTC] ✅ Logged: Invoices fetched successfully /backend/public/api/invoices
[31-Oct-2025 07:14:17 UTC] ✅ Logged: Invoice created successfully /backend/public/api/invoices
[31-Oct-2025 07:14:18 UTC] ✅ Logged: Invoices fetched successfully /backend/public/api/invoices
[31-Oct-2025 07:17:36 UTC] ✅ Logged: Invoice created successfully /backend/public/api/invoices
[31-Oct-2025 07:17:37 UTC] ✅ Logged: Invoices fetched successfully /backend/public/api/invoices
[31-Oct-2025 07:21:27 UTC] ✅ Logged: Invoice created successfully /backend/public/api/invoices
[31-Oct-2025 07:21:27 UTC] ✅ Logged: Invoices fetched successfully /backend/public/api/invoices
[31-Oct-2025 07:21:53 UTC] ✅ Logged: Invoices fetched successfully /backend/public/api/invoices
[31-Oct-2025 07:21:57 UTC] ✅ Logged: Invoices fetched successfully /backend/public/api/invoices
[31-Oct-2025 07:21:58 UTC] ✅ Logged: Invoices fetched successfully /backend/public/api/invoices
[31-Oct-2025 07:22:00 UTC] ✅ Logged: Invoices fetched successfully /backend/public/api/invoices
[31-Oct-2025 07:22:00 UTC] ✅ Logged: Invoices fetched successfully /backend/public/api/invoices
[31-Oct-2025 07:22:04 UTC] ✅ Logged: Invoices fetched successfully /backend/public/api/invoices
[31-Oct-2025 07:22:04 UTC] ✅ Logged: Invoices fetched successfully /backend/public/api/invoices
[31-Oct-2025 07:24:02 UTC] ✅ Logged: Invoice created successfully /backend/public/api/invoices
[31-Oct-2025 07:24:02 UTC] ✅ Logged: Invoices fetched successfully /backend/public/api/invoices
[31-Oct-2025 07:24:25 UTC] ✅ Logged: Invoices fetched successfully /backend/public/api/invoices
[31-Oct-2025 07:24:31 UTC] ✅ Logged: Invoices fetched successfully /backend/public/api/invoices
[31-Oct-2025 07:24:35 UTC] ✅ Logged: Invoices fetched successfully /backend/public/api/invoices
[31-Oct-2025 07:24:35 UTC] ✅ Logged: Invoices fetched successfully /backend/public/api/invoices
[31-Oct-2025 07:24:38 UTC] ✅ Logged: Invoices fetched successfully /backend/public/api/invoices
[31-Oct-2025 07:24:38 UTC] ✅ Logged: Invoices fetched successfully /backend/public/api/invoices
[31-Oct-2025 07:24:39 UTC] ✅ Logged: Invoices fetched successfully /backend/public/api/invoices
[31-Oct-2025 07:24:41 UTC] ✅ Logged: Invoices fetched successfully /backend/public/api/invoices
[31-Oct-2025 07:26:13 UTC] ✅ Logged: Invoice created successfully /backend/public/api/invoices
[31-Oct-2025 07:26:13 UTC] ✅ Logged: Invoices fetched successfully /backend/public/api/invoices
[31-Oct-2025 07:28:25 UTC] ✅ Logged: Invoices fetched successfully /backend/public/api/invoices
[31-Oct-2025 07:28:59 UTC] ✅ Logged: Invoice updated successfully /backend/public/api/invoices/BE8E60ECA8EE
[31-Oct-2025 07:28:59 UTC] ✅ Logged: Invoices fetched successfully /backend/public/api/invoices
[31-Oct-2025 07:30:31 UTC] ✅ Logged: Invoice updated successfully /backend/public/api/invoices/EC131E226C27
[31-Oct-2025 07:30:31 UTC] ✅ Logged: Invoices fetched successfully /backend/public/api/invoices
[31-Oct-2025 07:30:43 UTC] ✅ Logged: Invoices fetched successfully /backend/public/api/invoices
[31-Oct-2025 07:31:16 UTC] ✅ Logged: Invoice updated successfully /backend/public/api/invoices/E90108AB3D50
[31-Oct-2025 07:31:17 UTC] ✅ Logged: Invoices fetched successfully /backend/public/api/invoices
[31-Oct-2025 07:32:02 UTC] ✅ Logged: Invoice updated successfully /backend/public/api/invoices/983CA54D30BE
[31-Oct-2025 07:32:03 UTC] ✅ Logged: Invoices fetched successfully /backend/public/api/invoices
[31-Oct-2025 07:32:35 UTC] ✅ Logged: Invoice updated successfully /backend/public/api/invoices/CF06DE75FBE0
[31-Oct-2025 07:32:35 UTC] ✅ Logged: Invoices fetched successfully /backend/public/api/invoices
[31-Oct-2025 07:33:58 UTC] ✅ Logged: Invoice updated successfully /backend/public/api/invoices/E05332046BB3
[31-Oct-2025 07:33:59 UTC] ✅ Logged: Invoices fetched successfully /backend/public/api/invoices
[31-Oct-2025 07:36:12 UTC] ✅ Logged: Invoice updated successfully /backend/public/api/invoices/E064A5A8A76C
[31-Oct-2025 07:36:12 UTC] ✅ Logged: Invoices fetched successfully /backend/public/api/invoices
[31-Oct-2025 07:38:03 UTC] ✅ Logged: Invoice updated successfully /backend/public/api/invoices/2AAC4F46AAD4
[31-Oct-2025 07:38:03 UTC] ✅ Logged: Invoices fetched successfully /backend/public/api/invoices
[31-Oct-2025 07:39:27 UTC] ✅ Logged: Invoice updated successfully /backend/public/api/invoices/0C38726F7082
[31-Oct-2025 07:39:27 UTC] ✅ Logged: Invoices fetched successfully /backend/public/api/invoices
[31-Oct-2025 07:40:37 UTC] ✅ Logged: Invoice updated successfully /backend/public/api/invoices/044267A0C52C
[31-Oct-2025 07:40:37 UTC] ✅ Logged: Invoices fetched successfully /backend/public/api/invoices
[31-Oct-2025 07:41:10 UTC] ✅ Logged: Invoices fetched successfully /backend/public/api/invoices
[31-Oct-2025 07:41:14 UTC] ✅ Logged: Invoices fetched successfully /backend/public/api/invoices
[31-Oct-2025 07:41:28 UTC] ✅ Logged: Invoices fetched successfully /backend/public/api/invoices
[31-Oct-2025 07:41:31 UTC] ✅ Logged: Invoices fetched successfully /backend/public/api/invoices
[31-Oct-2025 07:41:45 UTC] ✅ Logged: Invoices fetched successfully /backend/public/api/invoices
[31-Oct-2025 07:42:57 UTC] ✅ Logged: Invoice updated successfully /backend/public/api/invoices/8D120B010DC0
[31-Oct-2025 07:42:57 UTC] ✅ Logged: Invoices fetched successfully /backend/public/api/invoices
[31-Oct-2025 07:43:26 UTC] ✅ Logged: Invoices fetched successfully /backend/public/api/invoices
[31-Oct-2025 07:48:38 UTC] ✅ Logged: Invoices fetched successfully /backend/public/api/invoices
[31-Oct-2025 07:49:03 UTC] ✅ Logged: Invoice updated successfully /backend/public/api/invoices/B4C6788825C0
[31-Oct-2025 07:49:03 UTC] ✅ Logged: Invoices fetched successfully /backend/public/api/invoices
[31-Oct-2025 07:49:42 UTC] ✅ Logged: Invoice updated successfully /backend/public/api/invoices/3B62A6389542
[31-Oct-2025 07:49:42 UTC] ✅ Logged: Invoices fetched successfully /backend/public/api/invoices
[31-Oct-2025 07:50:20 UTC] ✅ Logged: Invoice updated successfully /backend/public/api/invoices/120E564D9170
[31-Oct-2025 07:50:20 UTC] ✅ Logged: Invoices fetched successfully /backend/public/api/invoices
[31-Oct-2025 07:50:26 UTC] ✅ Logged: Invoices fetched successfully /backend/public/api/invoices
[31-Oct-2025 07:50:43 UTC] ✅ Logged: Invoices fetched successfully /backend/public/api/invoices
[31-Oct-2025 07:50:57 UTC] ✅ Logged: Invoice updated successfully /backend/public/api/invoices/4B211400F3C9
[31-Oct-2025 07:50:57 UTC] ✅ Logged: Invoices fetched successfully /backend/public/api/invoices
[31-Oct-2025 07:51:02 UTC] ✅ Logged: Invoices fetched successfully /backend/public/api/invoices
[31-Oct-2025 07:51:33 UTC] ✅ Logged: Invoice updated successfully /backend/public/api/invoices/5EA8CA126E84
[31-Oct-2025 07:51:34 UTC] ✅ Logged: Invoices fetched successfully /backend/public/api/invoices
[31-Oct-2025 07:52:27 UTC] ✅ Logged: Invoices fetched successfully /backend/public/api/invoices
[31-Oct-2025 07:52:40 UTC] ✅ Logged: Invoices fetched successfully /backend/public/api/invoices
[31-Oct-2025 07:53:36 UTC] ✅ Logged: Invoice updated successfully /backend/public/api/invoices/4766EE57DACB
[31-Oct-2025 07:53:37 UTC] ✅ Logged: Invoices fetched successfully /backend/public/api/invoices
[31-Oct-2025 07:54:56 UTC] ✅ Logged: Invoice type is required. /backend/public/api/invoices/BB9C6BFB1358
[31-Oct-2025 07:55:01 UTC] ✅ Logged: Invoice updated successfully /backend/public/api/invoices/BB9C6BFB1358
[31-Oct-2025 07:55:01 UTC] ✅ Logged: Invoices fetched successfully /backend/public/api/invoices
[31-Oct-2025 07:55:16 UTC] ✅ Logged: Invoices fetched successfully /backend/public/api/invoices
[31-Oct-2025 07:55:21 UTC] ✅ Logged: Invoices fetched successfully /backend/public/api/invoices
[31-Oct-2025 07:55:34 UTC] ✅ Logged: Invoices fetched successfully /backend/public/api/invoices
[31-Oct-2025 07:55:52 UTC] ✅ Logged: Invoice updated successfully /backend/public/api/invoices/BB9C6BFB1358
[31-Oct-2025 07:55:53 UTC] ✅ Logged: Invoices fetched successfully /backend/public/api/invoices
[31-Oct-2025 07:58:10 UTC] ✅ Logged: Login successful /backend/public/api/auth/users/login
[31-Oct-2025 07:58:10 UTC] ✅ Logged: Business data fetched successfully. /backend/public/api/business
[31-Oct-2025 07:58:15 UTC] ✅ Logged: Invoices fetched successfully /backend/public/api/invoices
[31-Oct-2025 07:58:30 UTC] ✅ Logged: Invoices fetched successfully /backend/public/api/invoices
[31-Oct-2025 07:59:01 UTC] ✅ Logged: Invoice updated successfully /backend/public/api/invoices/366DFCA6E77F
[31-Oct-2025 07:59:01 UTC] ✅ Logged: Invoices fetched successfully /backend/public/api/invoices
[31-Oct-2025 07:59:07 UTC] ✅ Logged: Invoices fetched successfully /backend/public/api/invoices
[31-Oct-2025 10:30:26 UTC] ✅ Logged: Login successful /backend/public/api/auth/users/login
[31-Oct-2025 10:30:26 UTC] ✅ Logged: Business data fetched successfully. /backend/public/api/business
[31-Oct-2025 10:30:30 UTC] ✅ Logged: Today dashboard stats fetched successfully. /backend/public/api/business/stats
[31-Oct-2025 10:30:36 UTC] ✅ Logged: Invoices fetched successfully /backend/public/api/invoices
[31-Oct-2025 10:31:04 UTC] ✅ Logged: Monthly dashboard stats fetched successfully. /backend/public/api/business/stats
[31-Oct-2025 10:31:52 UTC] ✅ Logged: Daily dashboard stats fetched successfully. /backend/public/api/business/stats
[31-Oct-2025 10:32:28 UTC] ✅ Logged: Yesterday dashboard stats fetched successfully. /backend/public/api/business/stats
[31-Oct-2025 10:32:39 UTC] ✅ Logged: Yearly dashboard stats fetched successfully. /backend/public/api/business/stats
[31-Oct-2025 10:33:27 UTC] ✅ Logged: Invoices fetched successfully /backend/public/api/invoices
[31-Oct-2025 10:34:02 UTC] ✅ Logged: Invoices fetched successfully /backend/public/api/invoices
[31-Oct-2025 10:34:17 UTC] ✅ Logged: Invoice updated successfully /backend/public/api/invoices/77E81A9A9A81
[31-Oct-2025 10:34:17 UTC] ✅ Logged: Invoices fetched successfully /backend/public/api/invoices
[31-Oct-2025 10:34:23 UTC] ✅ Logged: Invoices fetched successfully /backend/public/api/invoices
[31-Oct-2025 10:34:40 UTC] ✅ Logged: Invoices fetched successfully /backend/public/api/invoices
[31-Oct-2025 10:34:57 UTC] ✅ Logged: Invoice updated successfully /backend/public/api/invoices/FFD273737479
[31-Oct-2025 10:34:57 UTC] ✅ Logged: Invoices fetched successfully /backend/public/api/invoices
[31-Oct-2025 10:35:17 UTC] ✅ Logged: Invoice updated successfully /backend/public/api/invoices/8873178E5DF8
[31-Oct-2025 10:35:17 UTC] ✅ Logged: Invoices fetched successfully /backend/public/api/invoices
[31-Oct-2025 10:35:31 UTC] ✅ Logged: Invoices fetched successfully /backend/public/api/invoices
[31-Oct-2025 10:35:51 UTC] ✅ Logged: Invoices fetched successfully /backend/public/api/invoices
[31-Oct-2025 10:36:06 UTC] ✅ Logged: Invoice updated successfully /backend/public/api/invoices/B9C786D0D31E
[31-Oct-2025 10:36:06 UTC] ✅ Logged: Invoices fetched successfully /backend/public/api/invoices
[31-Oct-2025 10:36:13 UTC] ✅ Logged: Invoices fetched successfully /backend/public/api/invoices
[31-Oct-2025 10:36:32 UTC] ✅ Logged: Invoices fetched successfully /backend/public/api/invoices
[31-Oct-2025 10:37:06 UTC] ✅ Logged: Invoice updated successfully /backend/public/api/invoices/7F0F3B239813
[31-Oct-2025 10:37:06 UTC] ✅ Logged: Invoices fetched successfully /backend/public/api/invoices
[31-Oct-2025 10:38:21 UTC] ✅ Logged: Invoice updated successfully /backend/public/api/invoices/4D5F26A3736F
[31-Oct-2025 10:38:21 UTC] ✅ Logged: Invoices fetched successfully /backend/public/api/invoices
[31-Oct-2025 10:38:45 UTC] ✅ Logged: Invoice type is required. /backend/public/api/invoices/B959CBEE216D
[31-Oct-2025 10:38:52 UTC] ✅ Logged: Invoice updated successfully /backend/public/api/invoices/B959CBEE216D
[31-Oct-2025 10:38:52 UTC] ✅ Logged: Invoices fetched successfully /backend/public/api/invoices
[31-Oct-2025 10:45:15 UTC] ✅ Logged: Invoices fetched successfully /backend/public/api/invoices
[31-Oct-2025 10:45:56 UTC] ✅ Logged: Invoices fetched successfully /backend/public/api/invoices
[31-Oct-2025 10:46:17 UTC] ✅ Logged: Invoice updated successfully /backend/public/api/invoices/4287AD80DFB2
[31-Oct-2025 10:46:17 UTC] ✅ Logged: Invoices fetched successfully /backend/public/api/invoices
[31-Oct-2025 10:46:23 UTC] ✅ Logged: Invoices fetched successfully /backend/public/api/invoices
[31-Oct-2025 10:47:37 UTC] ✅ Logged: Invoices fetched successfully /backend/public/api/invoices
[31-Oct-2025 10:48:02 UTC] ✅ Logged: Invoice updated successfully /backend/public/api/invoices/65E80D422B37
[31-Oct-2025 10:48:02 UTC] ✅ Logged: Invoices fetched successfully /backend/public/api/invoices
[31-Oct-2025 10:48:08 UTC] ✅ Logged: Invoices fetched successfully /backend/public/api/invoices
[31-Oct-2025 10:52:18 UTC] ✅ Logged: Invoices fetched successfully /backend/public/api/invoices
[31-Oct-2025 10:53:17 UTC] ✅ Logged: Invoices fetched successfully /backend/public/api/invoices
[31-Oct-2025 10:53:38 UTC] ✅ Logged: Invoices fetched successfully /backend/public/api/invoices
[31-Oct-2025 10:53:59 UTC] ✅ Logged: Invoice updated successfully /backend/public/api/invoices/4D5F26A3736F
[31-Oct-2025 10:53:59 UTC] ✅ Logged: Invoices fetched successfully /backend/public/api/invoices
[31-Oct-2025 10:54:42 UTC] ✅ Logged: Invoice updated successfully /backend/public/api/invoices/B959CBEE216D
[31-Oct-2025 10:54:42 UTC] ✅ Logged: Invoices fetched successfully /backend/public/api/invoices
[31-Oct-2025 10:54:53 UTC] ✅ Logged: Invoices fetched successfully /backend/public/api/invoices
[31-Oct-2025 10:56:37 UTC] ✅ Logged: Invoice updated successfully /backend/public/api/invoices/917799D3D325
[31-Oct-2025 10:56:37 UTC] ✅ Logged: Invoices fetched successfully /backend/public/api/invoices
[31-Oct-2025 10:57:26 UTC] ✅ Logged: Invoices fetched successfully /backend/public/api/invoices
[31-Oct-2025 10:57:46 UTC] ✅ Logged: Invoice updated successfully /backend/public/api/invoices/B5A2C22DECE8
[31-Oct-2025 10:57:47 UTC] ✅ Logged: Invoices fetched successfully /backend/public/api/invoices
[31-Oct-2025 10:57:51 UTC] ✅ Logged: Invoices fetched successfully /backend/public/api/invoices
[31-Oct-2025 10:58:33 UTC] ✅ Logged: Invoices fetched successfully /backend/public/api/invoices
[31-Oct-2025 10:58:38 UTC] ✅ Logged: Invoices fetched successfully /backend/public/api/invoices
[31-Oct-2025 10:58:53 UTC] ✅ Logged: Invoice updated successfully /backend/public/api/invoices/C1FA69A3165E
[31-Oct-2025 10:58:53 UTC] ✅ Logged: Invoices fetched successfully /backend/public/api/invoices
[31-Oct-2025 10:58:59 UTC] ✅ Logged: Invoices fetched successfully /backend/public/api/invoices
[31-Oct-2025 11:01:04 UTC] ✅ Logged: Invoice updated successfully /backend/public/api/invoices/5E77D4BD1266
[31-Oct-2025 11:01:04 UTC] ✅ Logged: Invoices fetched successfully /backend/public/api/invoices
[31-Oct-2025 11:04:31 UTC] ✅ Logged: Invoices fetched successfully /backend/public/api/invoices
[31-Oct-2025 11:43:37 UTC] ✅ Logged: Login successful /backend/public/api/auth/users/login
[31-Oct-2025 11:43:37 UTC] ✅ Logged: Business data fetched successfully. /backend/public/api/business
[31-Oct-2025 11:43:43 UTC] ✅ Logged: Invoices fetched successfully /backend/public/api/invoices
[31-Oct-2025 11:43:46 UTC] ✅ Logged: Invoices fetched successfully /backend/public/api/invoices
[31-Oct-2025 11:43:50 UTC] ✅ Logged: No invoices found matching the criteria. /backend/public/api/invoices
[31-Oct-2025 11:43:50 UTC] ✅ Logged: No invoices found matching the criteria. /backend/public/api/invoices
[31-Oct-2025 11:44:07 UTC] ✅ Logged: Invoices fetched successfully /backend/public/api/invoices
[31-Oct-2025 11:44:28 UTC] ✅ Logged: Invoices fetched successfully /backend/public/api/invoices
[31-Oct-2025 11:47:07 UTC] ✅ Logged: Invoices fetched successfully /backend/public/api/invoices
[31-Oct-2025 11:47:09 UTC] ✅ Logged: Invoices fetched successfully /backend/public/api/invoices
[31-Oct-2025 11:47:17 UTC] ✅ Logged: Invoices fetched successfully /backend/public/api/invoices
[31-Oct-2025 11:47:47 UTC] ✅ Logged: Invoices fetched successfully /backend/public/api/invoices
[31-Oct-2025 11:48:15 UTC] ✅ Logged: Invoice updated successfully /backend/public/api/invoices/71F126612220
[31-Oct-2025 11:48:15 UTC] ✅ Logged: Invoices fetched successfully /backend/public/api/invoices
[31-Oct-2025 12:39:04 UTC] ✅ Logged: Invoices fetched successfully /backend/public/api/invoices
[31-Oct-2025 12:39:39 UTC] ✅ Logged: Invoices fetched successfully /backend/public/api/invoices
[31-Oct-2025 13:04:07 UTC] ✅ Logged: Login successful /backend/public/api/auth/users/login
[31-Oct-2025 13:04:08 UTC] ✅ Logged: Business data fetched successfully. /backend/public/api/business
[31-Oct-2025 13:04:14 UTC] ✅ Logged: Invoices fetched successfully /backend/public/api/invoices
[31-Oct-2025 13:06:17 UTC] ✅ Logged: Invoice updated successfully /backend/public/api/invoices/C1FA69A3165E
[31-Oct-2025 13:06:17 UTC] ✅ Logged: Invoices fetched successfully /backend/public/api/invoices
[31-Oct-2025 13:08:20 UTC] ✅ Logged: Invoices fetched successfully /backend/public/api/invoices
[31-Oct-2025 13:10:18 UTC] ✅ Logged: Invoice updated successfully /backend/public/api/invoices/346102A2CA72
[31-Oct-2025 13:10:19 UTC] ✅ Logged: Invoices fetched successfully /backend/public/api/invoices
[31-Oct-2025 13:11:28 UTC] ✅ Logged: Invoice updated successfully /backend/public/api/invoices/346102A2CA72
[31-Oct-2025 13:11:28 UTC] ✅ Logged: Invoices fetched successfully /backend/public/api/invoices
[31-Oct-2025 13:12:30 UTC] ✅ Logged: Invoice updated successfully /backend/public/api/invoices/673A1C4082B1
[31-Oct-2025 13:12:30 UTC] ✅ Logged: Invoices fetched successfully /backend/public/api/invoices
[31-Oct-2025 13:13:54 UTC] ✅ Logged: Invoice updated successfully /backend/public/api/invoices/0979D4C477B4
[31-Oct-2025 13:13:55 UTC] ✅ Logged: Invoices fetched successfully /backend/public/api/invoices
[31-Oct-2025 13:14:39 UTC] ✅ Logged: Invoices fetched successfully /backend/public/api/invoices
[31-Oct-2025 13:15:11 UTC] ✅ Logged: Invoices fetched successfully /backend/public/api/invoices
[31-Oct-2025 13:16:59 UTC] ✅ Logged: Invoice type is required. /backend/public/api/invoices/7A381C95D84C
[31-Oct-2025 13:17:05 UTC] ✅ Logged: Invoice updated successfully /backend/public/api/invoices/7A381C95D84C
[31-Oct-2025 13:17:05 UTC] ✅ Logged: Invoices fetched successfully /backend/public/api/invoices
[31-Oct-2025 13:17:14 UTC] ✅ Logged: Invoices fetched successfully /backend/public/api/invoices
[31-Oct-2025 13:20:02 UTC] ✅ Logged: Invoices fetched successfully /backend/public/api/invoices
[31-Oct-2025 13:20:05 UTC] ✅ Logged: Invoices fetched successfully /backend/public/api/invoices
[31-Oct-2025 13:20:06 UTC] ✅ Logged: Invoices fetched successfully /backend/public/api/invoices
[31-Oct-2025 13:20:09 UTC] ✅ Logged: Invoices fetched successfully /backend/public/api/invoices
[31-Oct-2025 13:20:09 UTC] ✅ Logged: Invoices fetched successfully /backend/public/api/invoices
[31-Oct-2025 13:20:39 UTC] ✅ Logged: Invoices fetched successfully /backend/public/api/invoices
[31-Oct-2025 13:20:42 UTC] ✅ Logged: Invoices fetched successfully /backend/public/api/invoices
[31-Oct-2025 13:24:34 UTC] ✅ Logged: Invoice updated successfully /backend/public/api/invoices/1303CB3FE146
[31-Oct-2025 13:24:35 UTC] ✅ Logged: Invoices fetched successfully /backend/public/api/invoices
[31-Oct-2025 13:25:39 UTC] ✅ Logged: Invoice type is required. /backend/public/api/invoices/37EE17114B6A
[31-Oct-2025 13:25:46 UTC] ✅ Logged: Invoice updated successfully /backend/public/api/invoices/37EE17114B6A
[31-Oct-2025 13:25:46 UTC] ✅ Logged: Invoices fetched successfully /backend/public/api/invoices
[31-Oct-2025 13:26:38 UTC] ✅ Logged: Invoice updated successfully /backend/public/api/invoices/B287FF780B40
[31-Oct-2025 13:26:38 UTC] ✅ Logged: Invoices fetched successfully /backend/public/api/invoices
[31-Oct-2025 13:26:46 UTC] ✅ Logged: Invoices fetched successfully /backend/public/api/invoices
[31-Oct-2025 13:28:50 UTC] ✅ Logged: Invoice created successfully /backend/public/api/invoices
[31-Oct-2025 13:28:50 UTC] ✅ Logged: Invoices fetched successfully /backend/public/api/invoices
[31-Oct-2025 13:28:59 UTC] ✅ Logged: Invoices fetched successfully /backend/public/api/invoices
[31-Oct-2025 13:31:10 UTC] ✅ Logged: No invoices found matching the criteria. /backend/public/api/invoices
[31-Oct-2025 13:31:19 UTC] ✅ Logged: Invoices fetched successfully /backend/public/api/invoices
[31-Oct-2025 13:31:23 UTC] ✅ Logged: Invoices fetched successfully /backend/public/api/invoices
[31-Oct-2025 13:31:28 UTC] ✅ Logged: Invoices fetched successfully /backend/public/api/invoices
[31-Oct-2025 13:31:29 UTC] ✅ Logged: Invoices fetched successfully /backend/public/api/invoices
[31-Oct-2025 13:31:31 UTC] ✅ Logged: Invoices fetched successfully /backend/public/api/invoices
[31-Oct-2025 13:31:31 UTC] ✅ Logged: No invoices found matching the criteria. /backend/public/api/invoices
[31-Oct-2025 13:38:19 UTC] ✅ Logged: Invoice created successfully /backend/public/api/invoices
[31-Oct-2025 13:38:20 UTC] ✅ Logged: Invoices fetched successfully /backend/public/api/invoices
[31-Oct-2025 13:38:26 UTC] ✅ Logged: Invoices fetched successfully /backend/public/api/invoices
[31-Oct-2025 13:44:01 UTC] ✅ Logged: Invoices fetched successfully /backend/public/api/invoices
[31-Oct-2025 13:44:06 UTC] ✅ Logged: Invoices fetched successfully /backend/public/api/invoices
[31-Oct-2025 13:44:07 UTC] ✅ Logged: Invoices fetched successfully /backend/public/api/invoices
[31-Oct-2025 13:44:12 UTC] ✅ Logged: Invoices fetched successfully /backend/public/api/invoices
[31-Oct-2025 13:44:12 UTC] ✅ Logged: Invoices fetched successfully /backend/public/api/invoices
[31-Oct-2025 13:48:15 UTC] ✅ Logged: Invoice created successfully /backend/public/api/invoices
[31-Oct-2025 13:48:15 UTC] ✅ Logged: Invoices fetched successfully /backend/public/api/invoices
[31-Oct-2025 13:51:08 UTC] ✅ Logged: Invoices fetched successfully /backend/public/api/invoices
[31-Oct-2025 13:52:07 UTC] ✅ Logged: Invoice updated successfully /backend/public/api/invoices/5541EE8AF282
[31-Oct-2025 13:52:07 UTC] ✅ Logged: Invoices fetched successfully /backend/public/api/invoices
[31-Oct-2025 13:52:12 UTC] ✅ Logged: Invoices fetched successfully /backend/public/api/invoices
[01-Nov-2025 05:34:32 UTC] ✅ Logged: Login successful /backend/public/api/auth/users/login
[01-Nov-2025 05:34:32 UTC] ✅ Logged: Business data fetched successfully. /backend/public/api/business
[01-Nov-2025 05:34:35 UTC] ✅ Logged: Today dashboard stats fetched successfully. /backend/public/api/business/stats
[01-Nov-2025 05:34:42 UTC] ✅ Logged: Yesterday dashboard stats fetched successfully. /backend/public/api/business/stats
[01-Nov-2025 05:35:09 UTC] ✅ Logged: Invoices fetched successfully /backend/public/api/invoices
[01-Nov-2025 05:35:19 UTC] ✅ Logged: Login successful /backend/public/api/auth/users/login
[01-Nov-2025 05:35:19 UTC] ✅ Logged: Business data fetched successfully. /backend/public/api/business
[01-Nov-2025 05:35:21 UTC] ✅ Logged: Today dashboard stats fetched successfully. /backend/public/api/business/stats
[01-Nov-2025 05:35:28 UTC] ✅ Logged: Yesterday dashboard stats fetched successfully. /backend/public/api/business/stats
[01-Nov-2025 05:35:31 UTC] ✅ Logged: Activity logs fetched successfully. /backend/public/api/business/activity/logs
[01-Nov-2025 05:35:36 UTC] ✅ Logged: Activity logs fetched successfully. /backend/public/api/business/activity/logs
[01-Nov-2025 07:17:32 UTC] ✅ Logged: Login successful /backend/public/api/auth/users/login
[01-Nov-2025 07:17:33 UTC] ✅ Logged: Business data fetched successfully. /backend/public/api/business
[01-Nov-2025 07:17:36 UTC] ✅ Logged: Today dashboard stats fetched successfully. /backend/public/api/business/stats
[01-Nov-2025 07:17:39 UTC] ✅ Logged: Invoices fetched successfully /backend/public/api/invoices
[01-Nov-2025 07:22:02 UTC] ✅ Logged: Invoices fetched successfully /backend/public/api/invoices
[01-Nov-2025 07:22:05 UTC] ✅ Logged: Invoices fetched successfully /backend/public/api/invoices
[01-Nov-2025 07:22:08 UTC] ✅ Logged: Invoices fetched successfully /backend/public/api/invoices
[01-Nov-2025 07:22:08 UTC] ✅ Logged: Invoices fetched successfully /backend/public/api/invoices
[01-Nov-2025 07:28:56 UTC] ✅ Logged: Invoice updated successfully /backend/public/api/invoices/58DDD1CFDF81
[01-Nov-2025 07:28:56 UTC] ✅ Logged: Invoices fetched successfully /backend/public/api/invoices
[01-Nov-2025 07:29:22 UTC] ✅ Logged: Invoice updated successfully /backend/public/api/invoices/117E56978013
[01-Nov-2025 07:29:22 UTC] ✅ Logged: Invoices fetched successfully /backend/public/api/invoices
[01-Nov-2025 07:29:51 UTC] ✅ Logged: Invoice updated successfully /backend/public/api/invoices/9C69ADB67561
[01-Nov-2025 07:29:51 UTC] ✅ Logged: Invoices fetched successfully /backend/public/api/invoices
[01-Nov-2025 07:31:17 UTC] ✅ Logged: Invoice updated successfully /backend/public/api/invoices/F68BE62C8242
[01-Nov-2025 07:31:17 UTC] ✅ Logged: Invoices fetched successfully /backend/public/api/invoices
[01-Nov-2025 07:33:00 UTC] ✅ Logged: Invoice updated successfully /backend/public/api/invoices/1C4DAE1EFDF4
[01-Nov-2025 07:33:00 UTC] ✅ Logged: Invoices fetched successfully /backend/public/api/invoices
[01-Nov-2025 07:33:16 UTC] ✅ Logged: Invoice updated successfully /backend/public/api/invoices/3FD71BFE2061
[01-Nov-2025 07:33:16 UTC] ✅ Logged: Invoices fetched successfully /backend/public/api/invoices
[01-Nov-2025 07:34:40 UTC] ✅ Logged: Invoices fetched successfully /backend/public/api/invoices
[01-Nov-2025 07:34:51 UTC] ✅ Logged: No invoices found matching the criteria. /backend/public/api/invoices
[01-Nov-2025 07:35:02 UTC] ✅ Logged: Invoices fetched successfully /backend/public/api/invoices
[01-Nov-2025 09:47:52 UTC] ✅ Logged: Login successful /backend/public/api/auth/users/login
[01-Nov-2025 09:47:52 UTC] ✅ Logged: Business data fetched successfully. /backend/public/api/business
[01-Nov-2025 09:47:55 UTC] ✅ Logged: Today dashboard stats fetched successfully. /backend/public/api/business/stats
[01-Nov-2025 10:09:19 UTC] ✅ Logged: Today dashboard stats fetched successfully. /backend/public/api/business/stats
[01-Nov-2025 10:09:21 UTC] ✅ Logged: Invoices fetched successfully /backend/public/api/invoices
[01-Nov-2025 10:11:52 UTC] ✅ Logged: Invoices fetched successfully /backend/public/api/invoices
[01-Nov-2025 10:12:03 UTC] ✅ Logged: Invoices fetched successfully /backend/public/api/invoices
[01-Nov-2025 10:12:26 UTC] ✅ Logged: Invoices fetched successfully /backend/public/api/invoices
[01-Nov-2025 10:12:28 UTC] ✅ Logged: Invoices fetched successfully /backend/public/api/invoices
[01-Nov-2025 10:14:36 UTC] ✅ Logged: Invoice created successfully /backend/public/api/invoices
[01-Nov-2025 10:14:36 UTC] ✅ Logged: Invoices fetched successfully /backend/public/api/invoices
[01-Nov-2025 10:15:08 UTC] ✅ Logged: Invoice updated successfully /backend/public/api/invoices/C1CB7BB4A422
[01-Nov-2025 10:15:08 UTC] ✅ Logged: Invoices fetched successfully /backend/public/api/invoices
[01-Nov-2025 10:28:46 UTC] ✅ Logged: Invoices fetched successfully /backend/public/api/invoices
[01-Nov-2025 10:36:45 UTC] ✅ Logged: Invoices fetched successfully /backend/public/api/invoices
[01-Nov-2025 10:37:05 UTC] ✅ Logged: Invoice updated successfully /backend/public/api/invoices/4E4E2A8D
[01-Nov-2025 10:37:05 UTC] ✅ Logged: Invoices fetched successfully /backend/public/api/invoices
[01-Nov-2025 10:37:11 UTC] ✅ Logged: Invoices fetched successfully /backend/public/api/invoices
[01-Nov-2025 10:46:43 UTC] ✅ Logged: Invoices fetched successfully /backend/public/api/invoices
[01-Nov-2025 10:47:11 UTC] ✅ Logged: Invoice updated successfully /backend/public/api/invoices/E234F6CCD4EB
[01-Nov-2025 10:47:12 UTC] ✅ Logged: Invoices fetched successfully /backend/public/api/invoices
[01-Nov-2025 10:47:43 UTC] ✅ Logged: Invoice updated successfully /backend/public/api/invoices/F5FA4FE8DC97
[01-Nov-2025 10:47:43 UTC] ✅ Logged: Invoices fetched successfully /backend/public/api/invoices
[01-Nov-2025 10:48:18 UTC] ✅ Logged: Login successful /backend/public/api/auth/users/login
[01-Nov-2025 10:48:18 UTC] ✅ Logged: Business data fetched successfully. /backend/public/api/business
[01-Nov-2025 12:18:45 UTC] ✅ Logged: Login successful /backend/public/api/auth/users/login
[01-Nov-2025 12:18:46 UTC] ✅ Logged: Business data fetched successfully. /backend/public/api/business
[01-Nov-2025 12:18:52 UTC] ✅ Logged: Invoices fetched successfully /backend/public/api/invoices
[01-Nov-2025 12:19:08 UTC] ✅ Logged: Invoices fetched successfully /backend/public/api/invoices
[01-Nov-2025 12:19:09 UTC] ✅ Logged: Invoices fetched successfully /backend/public/api/invoices
[01-Nov-2025 12:20:28 UTC] ✅ Logged: Invoice updated successfully /backend/public/api/invoices/C22898561A82
[01-Nov-2025 12:20:28 UTC] ✅ Logged: Invoices fetched successfully /backend/public/api/invoices
[01-Nov-2025 12:20:36 UTC] ✅ Logged: Invoices fetched successfully /backend/public/api/invoices
[01-Nov-2025 12:43:47 UTC] ✅ Logged: Invoices fetched successfully /backend/public/api/invoices
[01-Nov-2025 12:43:48 UTC] ✅ Logged: Invoices fetched successfully /backend/public/api/invoices
[01-Nov-2025 12:45:48 UTC] ✅ Logged: Invoice updated successfully /backend/public/api/invoices/8540BE7C7033
[01-Nov-2025 12:45:49 UTC] ✅ Logged: Invoices fetched successfully /backend/public/api/invoices
[01-Nov-2025 12:47:42 UTC] ✅ Logged: Invoice updated successfully /backend/public/api/invoices/2E6FB34FD5F3
[01-Nov-2025 12:47:42 UTC] ✅ Logged: Invoices fetched successfully /backend/public/api/invoices
[01-Nov-2025 13:39:45 UTC] ✅ Logged: Invalid phone or password /backend/public/api/auth/users/login
[01-Nov-2025 13:39:52 UTC] ✅ Logged: Login successful /backend/public/api/auth/users/login
[01-Nov-2025 13:39:52 UTC] ✅ Logged: Business data fetched successfully. /backend/public/api/business
[01-Nov-2025 13:39:56 UTC] ✅ Logged: Today dashboard stats fetched successfully. /backend/public/api/business/stats
[01-Nov-2025 13:40:10 UTC] ✅ Logged: Invoices fetched successfully /backend/public/api/invoices
[01-Nov-2025 13:40:15 UTC] ✅ Logged: Invoices fetched successfully /backend/public/api/invoices
[01-Nov-2025 13:42:12 UTC] ✅ Logged: Invoices fetched successfully /backend/public/api/invoices
[01-Nov-2025 15:23:23 UTC] ✅ Logged: Login successful /backend/public/api/auth/users/login
[01-Nov-2025 15:23:24 UTC] ✅ Logged: Business data fetched successfully. /backend/public/api/business
[01-Nov-2025 15:23:28 UTC] ✅ Logged: Today dashboard stats fetched successfully. /backend/public/api/business/stats
[01-Nov-2025 15:23:30 UTC] ✅ Logged: Invoices fetched successfully /backend/public/api/invoices
[01-Nov-2025 15:23:38 UTC] ✅ Logged: Invoices fetched successfully /backend/public/api/invoices
[01-Nov-2025 15:23:42 UTC] ✅ Logged: Invoices fetched successfully /backend/public/api/invoices
[02-Nov-2025 09:37:47 UTC] ✅ Logged: Login successful /backend/public/api/auth/users/login
[02-Nov-2025 09:37:47 UTC] ✅ Logged: Business data fetched successfully. /backend/public/api/business
[02-Nov-2025 09:37:50 UTC] ✅ Logged: Today dashboard stats fetched successfully. /backend/public/api/business/stats
[02-Nov-2025 09:37:52 UTC] ✅ Logged: Invoices fetched successfully /backend/public/api/invoices
[02-Nov-2025 09:38:33 UTC] ✅ Logged: Invoices fetched successfully /backend/public/api/invoices
[02-Nov-2025 09:38:50 UTC] ✅ Logged: Invoice updated successfully /backend/public/api/invoices/E0C5D98EB7F2
[02-Nov-2025 09:38:51 UTC] ✅ Logged: Invoices fetched successfully /backend/public/api/invoices
[02-Nov-2025 09:38:59 UTC] ✅ Logged: Invoice updated successfully /backend/public/api/invoices/E0C5D98EB7F2
[02-Nov-2025 09:38:59 UTC] ✅ Logged: Invoices fetched successfully /backend/public/api/invoices
[02-Nov-2025 09:39:05 UTC] ✅ Logged: Invoices fetched successfully /backend/public/api/invoices
[02-Nov-2025 09:39:54 UTC] ✅ Logged: Invoices fetched successfully /backend/public/api/invoices
[02-Nov-2025 09:40:03 UTC] ✅ Logged: Invoices fetched successfully /backend/public/api/invoices
[02-Nov-2025 09:40:27 UTC] ✅ Logged: Invoices fetched successfully /backend/public/api/invoices
[02-Nov-2025 09:40:40 UTC] ✅ Logged: Invoice updated successfully /backend/public/api/invoices/7CDD8B79B721
[02-Nov-2025 09:40:40 UTC] ✅ Logged: Invoices fetched successfully /backend/public/api/invoices
[02-Nov-2025 09:40:45 UTC] ✅ Logged: Invoices fetched successfully /backend/public/api/invoices
[02-Nov-2025 09:47:16 UTC] ✅ Logged: Invoice updated successfully /backend/public/api/invoices/0B71F1DDBB0A
[02-Nov-2025 09:47:16 UTC] ✅ Logged: Invoices fetched successfully /backend/public/api/invoices
[02-Nov-2025 09:48:09 UTC] ✅ Logged: Invoice updated successfully /backend/public/api/invoices/66BFD442D2E0
[02-Nov-2025 09:48:09 UTC] ✅ Logged: Invoices fetched successfully /backend/public/api/invoices
[02-Nov-2025 09:48:50 UTC] ✅ Logged: Invoice updated successfully /backend/public/api/invoices/B14DF50C9B6E
[02-Nov-2025 09:48:51 UTC] ✅ Logged: Invoices fetched successfully /backend/public/api/invoices
[02-Nov-2025 09:49:13 UTC] ✅ Logged: Invoice updated successfully /backend/public/api/invoices/BD63E9EC03D0
[02-Nov-2025 09:49:13 UTC] ✅ Logged: Invoices fetched successfully /backend/public/api/invoices
[02-Nov-2025 09:49:30 UTC] ✅ Logged: Invoices fetched successfully /backend/public/api/invoices
[02-Nov-2025 09:49:34 UTC] ✅ Logged: Invoices fetched successfully /backend/public/api/invoices
[02-Nov-2025 09:49:46 UTC] ✅ Logged: Invoices fetched successfully /backend/public/api/invoices
[02-Nov-2025 09:49:55 UTC] ✅ Logged: Invoices fetched successfully /backend/public/api/invoices
[02-Nov-2025 09:50:16 UTC] ✅ Logged: Invoices fetched successfully /backend/public/api/invoices
[02-Nov-2025 09:50:22 UTC] ✅ Logged: Invoices fetched successfully /backend/public/api/invoices
[02-Nov-2025 09:50:35 UTC] ✅ Logged: Invoices fetched successfully /backend/public/api/invoices
[02-Nov-2025 09:50:38 UTC] ✅ Logged: Invoices fetched successfully /backend/public/api/invoices
[02-Nov-2025 09:50:55 UTC] ✅ Logged: Invoices fetched successfully /backend/public/api/invoices
[02-Nov-2025 09:52:09 UTC] ✅ Logged: Invoice updated successfully /backend/public/api/invoices/5E45F0CF6C34
[02-Nov-2025 09:52:09 UTC] ✅ Logged: Invoices fetched successfully /backend/public/api/invoices
[02-Nov-2025 09:52:14 UTC] ✅ Logged: Invoices fetched successfully /backend/public/api/invoices
[02-Nov-2025 09:52:45 UTC] ✅ Logged: Invoice updated successfully /backend/public/api/invoices/056522F89079
[02-Nov-2025 09:52:45 UTC] ✅ Logged: Invoices fetched successfully /backend/public/api/invoices
[02-Nov-2025 09:53:09 UTC] ✅ Logged: Invoice updated successfully /backend/public/api/invoices/FF4D9FBC6F6A
[02-Nov-2025 09:53:09 UTC] ✅ Logged: Invoices fetched successfully /backend/public/api/invoices
[02-Nov-2025 09:53:26 UTC] ✅ Logged: Invoices fetched successfully /backend/public/api/invoices
[02-Nov-2025 09:53:30 UTC] ✅ Logged: Invoices fetched successfully /backend/public/api/invoices
[02-Nov-2025 09:58:16 UTC] ✅ Logged: Invoices fetched successfully /backend/public/api/invoices
[02-Nov-2025 09:58:30 UTC] ✅ Logged: Invoice updated successfully /backend/public/api/invoices/10D859F251C5
[02-Nov-2025 09:58:30 UTC] ✅ Logged: Invoices fetched successfully /backend/public/api/invoices
[02-Nov-2025 09:58:37 UTC] ✅ Logged: Invoices fetched successfully /backend/public/api/invoices
[02-Nov-2025 09:58:50 UTC] ✅ Logged: Invoices fetched successfully /backend/public/api/invoices
[02-Nov-2025 09:59:04 UTC] ✅ Logged: Invoice updated successfully /backend/public/api/invoices/CABDCCEA8242
[02-Nov-2025 09:59:04 UTC] ✅ Logged: Invoices fetched successfully /backend/public/api/invoices
[02-Nov-2025 09:59:10 UTC] ✅ Logged: Invoices fetched successfully /backend/public/api/invoices
[02-Nov-2025 09:59:34 UTC] ✅ Logged: Name should be 3-50 characters, alphabetic only. /backend/public/api/invoices/58BAF51F0498
[02-Nov-2025 09:59:41 UTC] ✅ Logged: Name should be 3-50 characters, alphabetic only. /backend/public/api/invoices/58BAF51F0498
[02-Nov-2025 09:59:51 UTC] ✅ Logged: Invoice updated successfully /backend/public/api/invoices/58BAF51F0498
[02-Nov-2025 09:59:52 UTC] ✅ Logged: Invoices fetched successfully /backend/public/api/invoices
[02-Nov-2025 12:52:21 UTC] ✅ Logged: Login successful /backend/public/api/auth/users/login
[02-Nov-2025 12:52:22 UTC] ✅ Logged: Business data fetched successfully. /backend/public/api/business
[02-Nov-2025 12:52:25 UTC] ✅ Logged: Today dashboard stats fetched successfully. /backend/public/api/business/stats
[02-Nov-2025 12:52:28 UTC] ✅ Logged: Invoices fetched successfully /backend/public/api/invoices
[02-Nov-2025 12:52:37 UTC] ✅ Logged: Invoices fetched successfully /backend/public/api/invoices
[02-Nov-2025 12:52:39 UTC] ✅ Logged: Invoices fetched successfully /backend/public/api/invoices
[02-Nov-2025 12:52:39 UTC] ✅ Logged: Invoices fetched successfully /backend/public/api/invoices
[02-Nov-2025 12:54:24 UTC] ✅ Logged: Invoice updated successfully /backend/public/api/invoices/511EDF9E1FA7
[02-Nov-2025 12:54:24 UTC] ✅ Logged: Invoices fetched successfully /backend/public/api/invoices
[02-Nov-2025 12:54:47 UTC] ✅ Logged: Invoice updated successfully /backend/public/api/invoices/6CDC7AE47972
[02-Nov-2025 12:54:47 UTC] ✅ Logged: Invoices fetched successfully /backend/public/api/invoices
[03-Nov-2025 05:32:21 UTC] ✅ Logged: Login successful /backend/public/api/auth/users/login
[03-Nov-2025 05:32:22 UTC] ✅ Logged: Business data fetched successfully. /backend/public/api/business
[03-Nov-2025 05:32:24 UTC] ✅ Logged: Today dashboard stats fetched successfully. /backend/public/api/business/stats
[03-Nov-2025 05:32:27 UTC] ✅ Logged: Invoices fetched successfully /backend/public/api/invoices
[03-Nov-2025 05:32:41 UTC] ✅ Logged: Invoice updated successfully /backend/public/api/invoices/62901723
[03-Nov-2025 05:32:41 UTC] ✅ Logged: Invoices fetched successfully /backend/public/api/invoices
[03-Nov-2025 05:44:49 UTC] ✅ Logged: Invoices fetched successfully /backend/public/api/invoices
[03-Nov-2025 05:44:50 UTC] ✅ Logged: No invoices found matching the criteria. /backend/public/api/invoices
[03-Nov-2025 05:44:50 UTC] ✅ Logged: No invoices found matching the criteria. /backend/public/api/invoices
[03-Nov-2025 05:44:58 UTC] ✅ Logged: Invoices fetched successfully /backend/public/api/invoices
[03-Nov-2025 05:45:05 UTC] ✅ Logged: No invoices found matching the criteria. /backend/public/api/invoices
[03-Nov-2025 05:45:17 UTC] ✅ Logged: Invoices fetched successfully /backend/public/api/invoices
[03-Nov-2025 05:45:34 UTC] ✅ Logged: Invoices fetched successfully /backend/public/api/invoices
[03-Nov-2025 05:45:36 UTC] ✅ Logged: Invoices fetched successfully /backend/public/api/invoices
[03-Nov-2025 05:45:40 UTC] ✅ Logged: No invoices found matching the criteria. /backend/public/api/invoices
[03-Nov-2025 05:46:07 UTC] ✅ Logged: Invoices fetched successfully /backend/public/api/invoices
[03-Nov-2025 05:46:17 UTC] ✅ Logged: Invoices fetched successfully /backend/public/api/invoices
[03-Nov-2025 05:46:21 UTC] ✅ Logged: Invoices fetched successfully /backend/public/api/invoices
[03-Nov-2025 05:46:23 UTC] ✅ Logged: Invoices fetched successfully /backend/public/api/invoices
[03-Nov-2025 05:46:25 UTC] ✅ Logged: No invoices found matching the criteria. /backend/public/api/invoices
[03-Nov-2025 05:46:33 UTC] ✅ Logged: Invoices fetched successfully /backend/public/api/invoices
[03-Nov-2025 05:46:37 UTC] ✅ Logged: No invoices found matching the criteria. /backend/public/api/invoices
[03-Nov-2025 05:46:42 UTC] ✅ Logged: Invoices fetched successfully /backend/public/api/invoices
[03-Nov-2025 05:46:48 UTC] ✅ Logged: Invoices fetched successfully /backend/public/api/invoices
[03-Nov-2025 06:13:46 UTC] ✅ Logged: Invoices fetched successfully /backend/public/api/invoices
[03-Nov-2025 06:14:24 UTC] ✅ Logged: Invoices fetched successfully /backend/public/api/invoices
[03-Nov-2025 06:16:19 UTC] ✅ Logged: Invoice updated successfully /backend/public/api/invoices/A68D0E142BC8
[03-Nov-2025 06:16:19 UTC] ✅ Logged: Invoices fetched successfully /backend/public/api/invoices
[03-Nov-2025 06:18:10 UTC] ✅ Logged: Invoice updated successfully /backend/public/api/invoices/073C90B158DB
[03-Nov-2025 06:18:10 UTC] ✅ Logged: Invoices fetched successfully /backend/public/api/invoices
[03-Nov-2025 06:18:55 UTC] ✅ Logged: Invoice updated successfully /backend/public/api/invoices/B3818E1A8007
[03-Nov-2025 06:18:55 UTC] ✅ Logged: Invoices fetched successfully /backend/public/api/invoices
[03-Nov-2025 06:20:46 UTC] ✅ Logged: Invoices fetched successfully /backend/public/api/invoices
[03-Nov-2025 06:21:27 UTC] ✅ Logged: Invoices fetched successfully /backend/public/api/invoices
[03-Nov-2025 06:21:56 UTC] ✅ Logged: Invoice updated successfully /backend/public/api/invoices/8D97D93991B9
[03-Nov-2025 06:21:56 UTC] ✅ Logged: Invoices fetched successfully /backend/public/api/invoices
[03-Nov-2025 06:22:06 UTC] ✅ Logged: Invoice updated successfully /backend/public/api/invoices/AB1AB3AD0E2F
[03-Nov-2025 06:22:06 UTC] ✅ Logged: Invoices fetched successfully /backend/public/api/invoices
[03-Nov-2025 06:22:22 UTC] ✅ Logged: Invoices fetched successfully /backend/public/api/invoices
[03-Nov-2025 06:22:41 UTC] ✅ Logged: Invoices fetched successfully /backend/public/api/invoices
[03-Nov-2025 06:23:29 UTC] ✅ Logged: Invoice updated successfully /backend/public/api/invoices/3F347873CAD5
[03-Nov-2025 06:23:29 UTC] ✅ Logged: Invoices fetched successfully /backend/public/api/invoices
[03-Nov-2025 06:27:55 UTC] ✅ Logged: Invoice updated successfully /backend/public/api/invoices/B27119BB1CD1
[03-Nov-2025 06:27:55 UTC] ✅ Logged: Invoices fetched successfully /backend/public/api/invoices
[03-Nov-2025 06:28:08 UTC] ✅ Logged: Invoices fetched successfully /backend/public/api/invoices
[03-Nov-2025 06:31:32 UTC] ✅ Logged: Invoices fetched successfully /backend/public/api/invoices
[03-Nov-2025 06:46:13 UTC] ✅ Logged: Login successful /backend/public/api/auth/users/login
[03-Nov-2025 06:46:13 UTC] ✅ Logged: Business data fetched successfully. /backend/public/api/business
[03-Nov-2025 06:46:23 UTC] ✅ Logged: Invoices fetched successfully /backend/public/api/invoices
[03-Nov-2025 06:47:38 UTC] ✅ Logged: Invoice updated successfully /backend/public/api/invoices/B2D8DB96773E
[03-Nov-2025 06:47:38 UTC] ✅ Logged: Invoices fetched successfully /backend/public/api/invoices
[03-Nov-2025 06:53:27 UTC] ✅ Logged: Invoice updated successfully /backend/public/api/invoices/0C430184D49D
[03-Nov-2025 06:53:27 UTC] ✅ Logged: Invoices fetched successfully /backend/public/api/invoices
[03-Nov-2025 14:55:17 UTC] ✅ Logged: Login successful /backend/public/api/auth/users/login
[03-Nov-2025 14:55:18 UTC] ✅ Logged: Business data fetched successfully. /backend/public/api/business
[03-Nov-2025 14:55:20 UTC] ✅ Logged: Today dashboard stats fetched successfully. /backend/public/api/business/stats
[03-Nov-2025 14:55:31 UTC] ✅ Logged: Invoices fetched successfully /backend/public/api/invoices
[05-Nov-2025 07:23:03 UTC] ✅ Logged: Login successful /backend/public/api/auth/users/login
[05-Nov-2025 07:23:03 UTC] ✅ Logged: Business data fetched successfully. /backend/public/api/business
[05-Nov-2025 07:23:06 UTC] ✅ Logged: Today dashboard stats fetched successfully. /backend/public/api/business/stats
[05-Nov-2025 07:27:16 UTC] ✅ Logged: Yearly dashboard stats fetched successfully. /backend/public/api/business/stats
[05-Nov-2025 08:14:54 UTC] ✅ Logged: Invoices fetched successfully /backend/public/api/invoices
[05-Nov-2025 08:19:10 UTC] ✅ Logged: Invoice updated successfully /backend/public/api/invoices/D72F8206DEE0
[05-Nov-2025 08:19:10 UTC] ✅ Logged: Invoices fetched successfully /backend/public/api/invoices
[05-Nov-2025 11:36:43 UTC] ✅ Logged: Login successful /backend/public/api/auth/users/login
[05-Nov-2025 11:36:43 UTC] ✅ Logged: Business data fetched successfully. /backend/public/api/business
[05-Nov-2025 11:36:48 UTC] ✅ Logged: Invoices fetched successfully /backend/public/api/invoices
[05-Nov-2025 11:37:21 UTC] ✅ Logged: Invoices fetched successfully /backend/public/api/invoices
[05-Nov-2025 11:37:22 UTC] ✅ Logged: No invoices found matching the criteria. /backend/public/api/invoices
[05-Nov-2025 11:37:22 UTC] ✅ Logged: No invoices found matching the criteria. /backend/public/api/invoices
[05-Nov-2025 11:37:37 UTC] ✅ Logged: Invoices fetched successfully /backend/public/api/invoices
[05-Nov-2025 11:37:42 UTC] ✅ Logged: No invoices found matching the criteria. /backend/public/api/invoices
[05-Nov-2025 11:37:54 UTC] ✅ Logged: Invoices fetched successfully /backend/public/api/invoices
[05-Nov-2025 11:38:03 UTC] ✅ Logged: Invoices fetched successfully /backend/public/api/invoices
[05-Nov-2025 11:38:05 UTC] ✅ Logged: Invoices fetched successfully /backend/public/api/invoices
[05-Nov-2025 11:38:06 UTC] ✅ Logged: No invoices found matching the criteria. /backend/public/api/invoices
[05-Nov-2025 11:38:18 UTC] ✅ Logged: Invoices fetched successfully /backend/public/api/invoices
[05-Nov-2025 11:38:22 UTC] ✅ Logged: No invoices found matching the criteria. /backend/public/api/invoices
[05-Nov-2025 11:38:33 UTC] ✅ Logged: Invoices fetched successfully /backend/public/api/invoices
[05-Nov-2025 11:38:37 UTC] ✅ Logged: Invoices fetched successfully /backend/public/api/invoices
[05-Nov-2025 11:38:37 UTC] ✅ Logged: No invoices found matching the criteria. /backend/public/api/invoices
[05-Nov-2025 11:38:46 UTC] ✅ Logged: Invoices fetched successfully /backend/public/api/invoices
[05-Nov-2025 11:38:51 UTC] ✅ Logged: Invoices fetched successfully /backend/public/api/invoices
[05-Nov-2025 11:38:53 UTC] ✅ Logged: Invoices fetched successfully /backend/public/api/invoices
[05-Nov-2025 11:38:54 UTC] ✅ Logged: No invoices found matching the criteria. /backend/public/api/invoices
[05-Nov-2025 11:39:01 UTC] ✅ Logged: Invoices fetched successfully /backend/public/api/invoices
[05-Nov-2025 11:39:13 UTC] ✅ Logged: Invoices fetched successfully /backend/public/api/invoices
[05-Nov-2025 11:39:16 UTC] ✅ Logged: No invoices found matching the criteria. /backend/public/api/invoices
[05-Nov-2025 11:39:24 UTC] ✅ Logged: Invoices fetched successfully /backend/public/api/invoices
[05-Nov-2025 11:39:24 UTC] ✅ Logged: No invoices found matching the criteria. /backend/public/api/invoices
[05-Nov-2025 11:39:33 UTC] ✅ Logged: Invoices fetched successfully /backend/public/api/invoices
[05-Nov-2025 11:41:51 UTC] ✅ Logged: Invoices fetched successfully /backend/public/api/invoices
[05-Nov-2025 11:41:58 UTC] ✅ Logged: No invoices found matching the criteria. /backend/public/api/invoices
[05-Nov-2025 11:42:06 UTC] ✅ Logged: Invoices fetched successfully /backend/public/api/invoices
[05-Nov-2025 11:42:34 UTC] ✅ Logged: No invoices found matching the criteria. /backend/public/api/invoices
[05-Nov-2025 11:42:41 UTC] ✅ Logged: Invoices fetched successfully /backend/public/api/invoices
[05-Nov-2025 11:43:25 UTC] ✅ Logged: Invoices fetched successfully /backend/public/api/invoices
[05-Nov-2025 11:45:44 UTC] ✅ Logged: Invoice updated successfully /backend/public/api/invoices/C97EDE2A6B4C
[05-Nov-2025 11:45:44 UTC] ✅ Logged: Invoices fetched successfully /backend/public/api/invoices
[05-Nov-2025 11:46:04 UTC] ✅ Logged: Invoices fetched successfully /backend/public/api/invoices
[05-Nov-2025 14:57:14 UTC] ✅ Logged: Login successful /backend/public/api/auth/users/login
[05-Nov-2025 14:57:15 UTC] ✅ Logged: Business data fetched successfully. /backend/public/api/business
[05-Nov-2025 14:57:18 UTC] ✅ Logged: Today dashboard stats fetched successfully. /backend/public/api/business/stats
[05-Nov-2025 14:57:21 UTC] ✅ Logged: Invoices fetched successfully /backend/public/api/invoices
[05-Nov-2025 14:57:29 UTC] ✅ Logged: Invoices fetched successfully /backend/public/api/invoices
[05-Nov-2025 14:57:30 UTC] ✅ Logged: Invoices fetched successfully /backend/public/api/invoices
[05-Nov-2025 14:57:59 UTC] ✅ Logged: Invoice updated successfully /backend/public/api/invoices/CA51418CB1E7
[05-Nov-2025 14:57:59 UTC] ✅ Logged: Invoices fetched successfully /backend/public/api/invoices
[06-Nov-2025 19:25:38 UTC] ✅ Logged: Login successful /backend/public/api/auth/users/login
[06-Nov-2025 19:25:38 UTC] ✅ Logged: Business data fetched successfully. /backend/public/api/business
[06-Nov-2025 19:25:41 UTC] ✅ Logged: Today dashboard stats fetched successfully. /backend/public/api/business/stats
[06-Nov-2025 19:26:13 UTC] ✅ Logged: Invoices fetched successfully /backend/public/api/invoices
[06-Nov-2025 19:26:21 UTC] ✅ Logged: Invoices fetched successfully /backend/public/api/invoices
[07-Nov-2025 08:18:25 UTC] ✅ Logged: Login successful /backend/public/api/auth/users/login
[07-Nov-2025 08:18:25 UTC] ✅ Logged: Business data fetched successfully. /backend/public/api/business
[07-Nov-2025 08:18:28 UTC] ✅ Logged: Today dashboard stats fetched successfully. /backend/public/api/business/stats
[07-Nov-2025 08:18:32 UTC] ✅ Logged: Invoices fetched successfully /backend/public/api/invoices
[08-Nov-2025 06:56:44 UTC] ✅ Logged: Login successful /backend/public/api/auth/users/login
[08-Nov-2025 06:56:45 UTC] ✅ Logged: Business data fetched successfully. /backend/public/api/business
[08-Nov-2025 06:56:49 UTC] ✅ Logged: Today dashboard stats fetched successfully. /backend/public/api/business/stats
[08-Nov-2025 06:58:06 UTC] ✅ Logged: Today dashboard stats fetched successfully. /backend/public/api/business/stats
[08-Nov-2025 06:59:04 UTC] ✅ Logged: Invoices fetched successfully /backend/public/api/invoices
[08-Nov-2025 06:59:10 UTC] ✅ Logged: Invoices fetched successfully /backend/public/api/invoices
[08-Nov-2025 06:59:21 UTC] ✅ Logged: Invoices fetched successfully /backend/public/api/invoices
[08-Nov-2025 06:59:24 UTC] ✅ Logged: Invoices fetched successfully /backend/public/api/invoices
[08-Nov-2025 06:59:39 UTC] ✅ Logged: Invoices fetched successfully /backend/public/api/invoices
[08-Nov-2025 07:00:23 UTC] ✅ Logged: Invoices fetched successfully /backend/public/api/invoices
[08-Nov-2025 07:00:23 UTC] ✅ Logged: Invoices fetched successfully /backend/public/api/invoices
[08-Nov-2025 07:01:05 UTC] ✅ Logged: Invoices fetched successfully /backend/public/api/invoices
[08-Nov-2025 07:01:12 UTC] ✅ Logged: Invoices fetched successfully /backend/public/api/invoices
[08-Nov-2025 07:01:23 UTC] ✅ Logged: Invoices fetched successfully /backend/public/api/invoices
[08-Nov-2025 07:01:57 UTC] ✅ Logged: Invoices fetched successfully /backend/public/api/invoices
[08-Nov-2025 07:02:05 UTC] ✅ Logged: Invoices fetched successfully /backend/public/api/invoices
[08-Nov-2025 07:02:10 UTC] ✅ Logged: Invoices fetched successfully /backend/public/api/invoices
[08-Nov-2025 07:02:20 UTC] ✅ Logged: Invoices fetched successfully /backend/public/api/invoices
[08-Nov-2025 07:02:26 UTC] ✅ Logged: Invoices fetched successfully /backend/public/api/invoices
[08-Nov-2025 07:02:35 UTC] ✅ Logged: Invoices fetched successfully /backend/public/api/invoices
[08-Nov-2025 07:02:54 UTC] ✅ Logged: Invoices fetched successfully /backend/public/api/invoices
[08-Nov-2025 07:03:12 UTC] ✅ Logged: Invoices fetched successfully /backend/public/api/invoices
[08-Nov-2025 07:03:33 UTC] ✅ Logged: Invoices fetched successfully /backend/public/api/invoices
[08-Nov-2025 07:03:45 UTC] ✅ Logged: Invoices fetched successfully /backend/public/api/invoices
[08-Nov-2025 07:05:12 UTC] ✅ Logged: Invoices fetched successfully /backend/public/api/invoices
[08-Nov-2025 07:05:32 UTC] ✅ Logged: Invoices fetched successfully /backend/public/api/invoices
[08-Nov-2025 07:05:35 UTC] ✅ Logged: Invoices fetched successfully /backend/public/api/invoices
[08-Nov-2025 07:05:36 UTC] ✅ Logged: Invoices fetched successfully /backend/public/api/invoices
[08-Nov-2025 07:05:39 UTC] ✅ Logged: Invoices fetched successfully /backend/public/api/invoices
[08-Nov-2025 07:05:44 UTC] ✅ Logged: Invoices fetched successfully /backend/public/api/invoices
[08-Nov-2025 07:05:46 UTC] ✅ Logged: Invoices fetched successfully /backend/public/api/invoices
[08-Nov-2025 07:05:57 UTC] ✅ Logged: Invoices fetched successfully /backend/public/api/invoices
[08-Nov-2025 07:06:00 UTC] ✅ Logged: Invoices fetched successfully /backend/public/api/invoices
[08-Nov-2025 07:06:01 UTC] ✅ Logged: Invoices fetched successfully /backend/public/api/invoices
[08-Nov-2025 12:17:52 UTC] ✅ Logged: Login successful /backend/public/api/auth/users/login
[08-Nov-2025 12:17:53 UTC] ✅ Logged: Business data fetched successfully. /backend/public/api/business
[08-Nov-2025 12:17:59 UTC] ✅ Logged: Today dashboard stats fetched successfully. /backend/public/api/business/stats
[08-Nov-2025 12:18:09 UTC] ✅ Logged: Invoices fetched successfully /backend/public/api/invoices
[08-Nov-2025 12:18:20 UTC] ✅ Logged: Invoices fetched successfully /backend/public/api/invoices
[08-Nov-2025 12:18:21 UTC] ✅ Logged: Invoices fetched successfully /backend/public/api/invoices
[08-Nov-2025 12:18:25 UTC] ✅ Logged: Invoices fetched successfully /backend/public/api/invoices
[08-Nov-2025 12:18:30 UTC] ✅ Logged: Invoices fetched successfully /backend/public/api/invoices
[08-Nov-2025 12:18:33 UTC] ✅ Logged: Invoices fetched successfully /backend/public/api/invoices
[08-Nov-2025 12:18:38 UTC] ✅ Logged: Invoices fetched successfully /backend/public/api/invoices
[08-Nov-2025 12:18:45 UTC] ✅ Logged: Invoices fetched successfully /backend/public/api/invoices
[08-Nov-2025 12:18:48 UTC] ✅ Logged: No invoices found matching the criteria. /backend/public/api/invoices
[08-Nov-2025 12:18:49 UTC] ✅ Logged: No invoices found matching the criteria. /backend/public/api/invoices
[08-Nov-2025 12:20:49 UTC] ✅ Logged: Invoices fetched successfully /backend/public/api/invoices
[09-Nov-2025 07:11:28 UTC] ✅ Logged: Login successful /backend/public/api/auth/users/login
[09-Nov-2025 07:11:28 UTC] ✅ Logged: Business data fetched successfully. /backend/public/api/business
[09-Nov-2025 07:11:31 UTC] ✅ Logged: Today dashboard stats fetched successfully. /backend/public/api/business/stats
[09-Nov-2025 07:11:34 UTC] ✅ Logged: Invoices fetched successfully /backend/public/api/invoices
[09-Nov-2025 07:11:43 UTC] ✅ Logged: Invoices fetched successfully /backend/public/api/invoices
[09-Nov-2025 07:11:45 UTC] ✅ Logged: Invoices fetched successfully /backend/public/api/invoices
[09-Nov-2025 07:11:46 UTC] ✅ Logged: No invoices found matching the criteria. /backend/public/api/invoices
[09-Nov-2025 07:11:53 UTC] ✅ Logged: Invoices fetched successfully /backend/public/api/invoices
[09-Nov-2025 07:11:56 UTC] ✅ Logged: Invoices fetched successfully /backend/public/api/invoices
[09-Nov-2025 07:11:56 UTC] ✅ Logged: Invoices fetched successfully /backend/public/api/invoices
[09-Nov-2025 07:11:58 UTC] ✅ Logged: No invoices found matching the criteria. /backend/public/api/invoices
[09-Nov-2025 07:12:14 UTC] ✅ Logged: Invoices fetched successfully /backend/public/api/invoices
[09-Nov-2025 07:12:40 UTC] ✅ Logged: Invoices fetched successfully /backend/public/api/invoices
[09-Nov-2025 07:12:42 UTC] ✅ Logged: Invoices fetched successfully /backend/public/api/invoices
[09-Nov-2025 07:14:25 UTC] ✅ Logged: Invoices fetched successfully /backend/public/api/invoices
[09-Nov-2025 13:44:57 UTC] ✅ Logged: Login successful /backend/public/api/auth/users/login
[09-Nov-2025 13:44:57 UTC] ✅ Logged: Business data fetched successfully. /backend/public/api/business
[09-Nov-2025 13:45:00 UTC] ✅ Logged: Today dashboard stats fetched successfully. /backend/public/api/business/stats
[09-Nov-2025 13:45:03 UTC] ✅ Logged: Invoices fetched successfully /backend/public/api/invoices
[09-Nov-2025 13:45:10 UTC] ✅ Logged: Invoices fetched successfully /backend/public/api/invoices
[09-Nov-2025 13:45:12 UTC] ✅ Logged: No invoices found matching the criteria. /backend/public/api/invoices
[09-Nov-2025 13:45:19 UTC] ✅ Logged: Invoices fetched successfully /backend/public/api/invoices
[09-Nov-2025 13:45:21 UTC] ✅ Logged: No invoices found matching the criteria. /backend/public/api/invoices
[09-Nov-2025 13:45:27 UTC] ✅ Logged: Invoices fetched successfully /backend/public/api/invoices
[09-Nov-2025 13:45:33 UTC] ✅ Logged: Invoices fetched successfully /backend/public/api/invoices
[09-Nov-2025 13:46:31 UTC] ✅ Logged: Invoice updated successfully /backend/public/api/invoices/B40492319B35
[09-Nov-2025 13:46:32 UTC] ✅ Logged: Invoices fetched successfully /backend/public/api/invoices
[12-Nov-2025 06:13:32 UTC] ✅ Logged: Login successful /backend/public/api/auth/users/login
[12-Nov-2025 06:13:32 UTC] ✅ Logged: Business data fetched successfully. /backend/public/api/business
[12-Nov-2025 06:13:37 UTC] ✅ Logged: Today dashboard stats fetched successfully. /backend/public/api/business/stats
[12-Nov-2025 06:13:40 UTC] ✅ Logged: Invoices fetched successfully /backend/public/api/invoices
[12-Nov-2025 08:31:19 UTC] ✅ Logged: Login successful /backend/public/api/auth/users/login
[12-Nov-2025 08:31:19 UTC] ✅ Logged: Business data fetched successfully. /backend/public/api/business
[12-Nov-2025 08:31:25 UTC] ✅ Logged: Invoices fetched successfully /backend/public/api/invoices
[12-Nov-2025 08:31:30 UTC] ✅ Logged: Invoices fetched successfully /backend/public/api/invoices
[12-Nov-2025 08:31:31 UTC] ✅ Logged: Invoices fetched successfully /backend/public/api/invoices
[12-Nov-2025 08:31:44 UTC] ✅ Logged: Invoices fetched successfully /backend/public/api/invoices
[12-Nov-2025 08:32:40 UTC] ✅ Logged: Invoice updated successfully /backend/public/api/invoices/CBC3FD5B6644
[12-Nov-2025 08:32:40 UTC] ✅ Logged: Invoices fetched successfully /backend/public/api/invoices
[12-Nov-2025 08:33:20 UTC] ✅ Logged: Invoice type is required. /backend/public/api/invoices/DBFAD96E8754
[12-Nov-2025 08:33:25 UTC] ✅ Logged: Invoice updated successfully /backend/public/api/invoices/DBFAD96E8754
[12-Nov-2025 08:33:26 UTC] ✅ Logged: Invoices fetched successfully /backend/public/api/invoices
[12-Nov-2025 08:33:40 UTC] ✅ Logged: Invoice updated successfully /backend/public/api/invoices/CBC3FD5B6644
[12-Nov-2025 08:33:40 UTC] ✅ Logged: Invoices fetched successfully /backend/public/api/invoices
[12-Nov-2025 08:34:45 UTC] ✅ Logged: Invoice updated successfully /backend/public/api/invoices/BAB69848E489
[12-Nov-2025 08:34:45 UTC] ✅ Logged: Invoices fetched successfully /backend/public/api/invoices
[12-Nov-2025 12:13:19 UTC] ✅ Logged: Login successful /backend/public/api/auth/users/login
[12-Nov-2025 12:13:19 UTC] ✅ Logged: Business data fetched successfully. /backend/public/api/business
[12-Nov-2025 12:13:22 UTC] ✅ Logged: Today dashboard stats fetched successfully. /backend/public/api/business/stats
[12-Nov-2025 12:13:24 UTC] ✅ Logged: Invoices fetched successfully /backend/public/api/invoices
[12-Nov-2025 12:39:06 UTC] ✅ Logged: Invoices fetched successfully /backend/public/api/invoices
[12-Nov-2025 12:39:10 UTC] ✅ Logged: No invoices found matching the criteria. /backend/public/api/invoices
[12-Nov-2025 12:39:15 UTC] ✅ Logged: Invoices fetched successfully /backend/public/api/invoices
[12-Nov-2025 12:39:18 UTC] ✅ Logged: Invoices fetched successfully /backend/public/api/invoices
[12-Nov-2025 12:39:21 UTC] ✅ Logged: Invoices fetched successfully /backend/public/api/invoices
[12-Nov-2025 12:39:24 UTC] ✅ Logged: Invoices fetched successfully /backend/public/api/invoices
[12-Nov-2025 12:39:26 UTC] ✅ Logged: Invoices fetched successfully /backend/public/api/invoices
[12-Nov-2025 12:39:26 UTC] ✅ Logged: Invoices fetched successfully /backend/public/api/invoices
[12-Nov-2025 12:39:29 UTC] ✅ Logged: No invoices found matching the criteria. /backend/public/api/invoices
[12-Nov-2025 12:41:56 UTC] ✅ Logged: Invoice created successfully /backend/public/api/invoices
[12-Nov-2025 12:41:57 UTC] ✅ Logged: Invoices fetched successfully /backend/public/api/invoices
[12-Nov-2025 12:42:08 UTC] ✅ Logged: Invoices fetched successfully /backend/public/api/invoices
[12-Nov-2025 12:42:10 UTC] ✅ Logged: Invoices fetched successfully /backend/public/api/invoices
[12-Nov-2025 12:42:11 UTC] ✅ Logged: Invoices fetched successfully /backend/public/api/invoices
[12-Nov-2025 12:42:11 UTC] ✅ Logged: Invoices fetched successfully /backend/public/api/invoices
[12-Nov-2025 12:42:12 UTC] ✅ Logged: Invoices fetched successfully /backend/public/api/invoices
[12-Nov-2025 12:42:14 UTC] ✅ Logged: Invoices fetched successfully /backend/public/api/invoices
[12-Nov-2025 12:42:15 UTC] ✅ Logged: No invoices found matching the criteria. /backend/public/api/invoices
[12-Nov-2025 12:44:47 UTC] ✅ Logged: Today dashboard stats fetched successfully. /backend/public/api/business/stats
[12-Nov-2025 12:44:52 UTC] ✅ Logged: Invoices fetched successfully /backend/public/api/invoices
[12-Nov-2025 12:48:59 UTC] ✅ Logged: Invoice created successfully /backend/public/api/invoices
[12-Nov-2025 12:48:59 UTC] ✅ Logged: Invoices fetched successfully /backend/public/api/invoices
[12-Nov-2025 12:49:11 UTC] ✅ Logged: Invoices fetched successfully /backend/public/api/invoices
[12-Nov-2025 12:49:13 UTC] ✅ Logged: Invoices fetched successfully /backend/public/api/invoices
[12-Nov-2025 12:49:13 UTC] ✅ Logged: Invoices fetched successfully /backend/public/api/invoices
[12-Nov-2025 12:49:15 UTC] ✅ Logged: Invoices fetched successfully /backend/public/api/invoices
[12-Nov-2025 12:49:16 UTC] ✅ Logged: Invoices fetched successfully /backend/public/api/invoices
[12-Nov-2025 12:49:27 UTC] ✅ Logged: Invoices fetched successfully /backend/public/api/invoices
[12-Nov-2025 12:49:27 UTC] ✅ Logged: No invoices found matching the criteria. /backend/public/api/invoices
[12-Nov-2025 12:49:32 UTC] ✅ Logged: Invoices fetched successfully /backend/public/api/invoices
[12-Nov-2025 12:52:51 UTC] ✅ Logged: Invoice created successfully /backend/public/api/invoices
[12-Nov-2025 12:52:51 UTC] ✅ Logged: Invoices fetched successfully /backend/public/api/invoices
[13-Nov-2025 06:51:10 UTC] ✅ Logged: Login successful /backend/public/api/auth/users/login
[13-Nov-2025 06:51:10 UTC] ✅ Logged: Business data fetched successfully. /backend/public/api/business
[13-Nov-2025 06:51:13 UTC] ✅ Logged: Today dashboard stats fetched successfully. /backend/public/api/business/stats
[13-Nov-2025 06:51:15 UTC] ✅ Logged: Invoices fetched successfully /backend/public/api/invoices
[13-Nov-2025 06:51:23 UTC] ✅ Logged: Invoices fetched successfully /backend/public/api/invoices
[13-Nov-2025 06:51:26 UTC] ✅ Logged: Invoices fetched successfully /backend/public/api/invoices
[13-Nov-2025 06:51:36 UTC] ✅ Logged: Invoices fetched successfully /backend/public/api/invoices
[13-Nov-2025 06:51:36 UTC] ✅ Logged: Invoices fetched successfully /backend/public/api/invoices
[13-Nov-2025 06:53:11 UTC] ✅ Logged: Invoice updated successfully /backend/public/api/invoices/568C68B9414D
[13-Nov-2025 06:53:11 UTC] ✅ Logged: Invoices fetched successfully /backend/public/api/invoices
[13-Nov-2025 06:53:21 UTC] ✅ Logged: Invoices fetched successfully /backend/public/api/invoices
[13-Nov-2025 06:54:58 UTC] ✅ Logged: Invoice updated successfully /backend/public/api/invoices/9D729563AFE3
[13-Nov-2025 06:54:58 UTC] ✅ Logged: Invoices fetched successfully /backend/public/api/invoices
[13-Nov-2025 06:56:46 UTC] ✅ Logged: Invoices fetched successfully /backend/public/api/invoices
[13-Nov-2025 06:57:58 UTC] ✅ Logged: Invoices fetched successfully /backend/public/api/invoices
[13-Nov-2025 06:59:33 UTC] ✅ Logged: Invoice updated successfully /backend/public/api/invoices/1399A28EB4F6
[13-Nov-2025 06:59:33 UTC] ✅ Logged: Invoices fetched successfully /backend/public/api/invoices
[13-Nov-2025 07:00:13 UTC] ✅ Logged: Invoice updated successfully /backend/public/api/invoices/F07851AC57F1
[13-Nov-2025 07:00:13 UTC] ✅ Logged: Invoices fetched successfully /backend/public/api/invoices
[13-Nov-2025 07:00:29 UTC] ✅ Logged: Invoices fetched successfully /backend/public/api/invoices
[13-Nov-2025 07:00:50 UTC] ✅ Logged: Invoices fetched successfully /backend/public/api/invoices
[13-Nov-2025 07:01:33 UTC] ✅ Logged: Invoice type is required. /backend/public/api/invoices/67A154F1182C
[13-Nov-2025 07:01:38 UTC] ✅ Logged: Invoice updated successfully /backend/public/api/invoices/67A154F1182C
[13-Nov-2025 07:01:38 UTC] ✅ Logged: Invoices fetched successfully /backend/public/api/invoices
[13-Nov-2025 07:02:32 UTC] ✅ Logged: Invoice updated successfully /backend/public/api/invoices/7695591D1B85
[13-Nov-2025 07:02:32 UTC] ✅ Logged: Invoices fetched successfully /backend/public/api/invoices
[13-Nov-2025 07:02:59 UTC] ✅ Logged: Invoice updated successfully /backend/public/api/invoices/7695591D1B85
[13-Nov-2025 07:03:00 UTC] ✅ Logged: Invoices fetched successfully /backend/public/api/invoices
[13-Nov-2025 07:03:56 UTC] ✅ Logged: Invoice updated successfully /backend/public/api/invoices/13A049FC0862
[13-Nov-2025 07:03:57 UTC] ✅ Logged: Invoices fetched successfully /backend/public/api/invoices
[13-Nov-2025 07:04:07 UTC] ✅ Logged: Invoices fetched successfully /backend/public/api/invoices
[13-Nov-2025 07:04:25 UTC] ✅ Logged: Invoices fetched successfully /backend/public/api/invoices
[13-Nov-2025 07:04:43 UTC] ✅ Logged: Invoice updated successfully /backend/public/api/invoices/8CB40DA76A9E
[13-Nov-2025 07:04:43 UTC] ✅ Logged: Invoices fetched successfully /backend/public/api/invoices
[13-Nov-2025 07:04:49 UTC] ✅ Logged: Invoices fetched successfully /backend/public/api/invoices
[13-Nov-2025 07:05:15 UTC] ✅ Logged: Invoice updated successfully /backend/public/api/invoices/8CB40DA76A9E
[13-Nov-2025 07:05:15 UTC] ✅ Logged: Invoices fetched successfully /backend/public/api/invoices
[13-Nov-2025 07:05:37 UTC] ✅ Logged: Invoices fetched successfully /backend/public/api/invoices
[13-Nov-2025 07:06:06 UTC] ✅ Logged: Invoice type is required. /backend/public/api/invoices/2A3D138B568E
[13-Nov-2025 07:06:12 UTC] ✅ Logged: Invoice updated successfully /backend/public/api/invoices/2A3D138B568E
[13-Nov-2025 07:06:12 UTC] ✅ Logged: Invoices fetched successfully /backend/public/api/invoices
[13-Nov-2025 07:06:36 UTC] ✅ Logged: Invoice updated successfully /backend/public/api/invoices/8EFFAEC7DC01
[13-Nov-2025 07:06:36 UTC] ✅ Logged: Invoices fetched successfully /backend/public/api/invoices
[13-Nov-2025 07:06:51 UTC] ✅ Logged: Invoices fetched successfully /backend/public/api/invoices
[13-Nov-2025 07:07:05 UTC] ✅ Logged: Invoices fetched successfully /backend/public/api/invoices
[13-Nov-2025 07:07:29 UTC] ✅ Logged: Invoice updated successfully /backend/public/api/invoices/D069E41DEB7C
[13-Nov-2025 07:07:30 UTC] ✅ Logged: Invoices fetched successfully /backend/public/api/invoices
[13-Nov-2025 07:07:34 UTC] ✅ Logged: Invoices fetched successfully /backend/public/api/invoices
[13-Nov-2025 07:09:19 UTC] ✅ Logged: Invoices fetched successfully /backend/public/api/invoices
[13-Nov-2025 07:09:27 UTC] ✅ Logged: Invoices fetched successfully /backend/public/api/invoices
[13-Nov-2025 10:09:37 UTC] ✅ Logged: Login successful /backend/public/api/auth/users/login
[13-Nov-2025 10:09:38 UTC] ✅ Logged: Business data fetched successfully. /backend/public/api/business
[13-Nov-2025 10:09:43 UTC] ✅ Logged: Invoices fetched successfully /backend/public/api/invoices
[13-Nov-2025 10:22:03 UTC] ✅ Logged: Invoices fetched successfully /backend/public/api/invoices
[13-Nov-2025 10:22:37 UTC] ✅ Logged: Invoice updated successfully /backend/public/api/invoices/D5EF2EB67F0F
[13-Nov-2025 10:22:38 UTC] ✅ Logged: Invoices fetched successfully /backend/public/api/invoices
[13-Nov-2025 10:23:24 UTC] ✅ Logged: Invoice type is required. /backend/public/api/invoices/5A481AAA70E8
[13-Nov-2025 10:23:29 UTC] ✅ Logged: Invoice updated successfully /backend/public/api/invoices/5A481AAA70E8
[13-Nov-2025 10:23:30 UTC] ✅ Logged: Invoices fetched successfully /backend/public/api/invoices
[13-Nov-2025 10:23:40 UTC] ✅ Logged: Invoice updated successfully /backend/public/api/invoices/D5EF2EB67F0F
[13-Nov-2025 10:23:40 UTC] ✅ Logged: Invoices fetched successfully /backend/public/api/invoices
[13-Nov-2025 10:23:50 UTC] ✅ Logged: Invoices fetched successfully /backend/public/api/invoices
[13-Nov-2025 10:24:13 UTC] ✅ Logged: Invoices fetched successfully /backend/public/api/invoices
[13-Nov-2025 10:25:07 UTC] ✅ Logged: Invoice updated successfully /backend/public/api/invoices/91CBE7724DEB
[13-Nov-2025 10:25:07 UTC] ✅ Logged: Invoices fetched successfully /backend/public/api/invoices
[13-Nov-2025 10:25:35 UTC] ✅ Logged: Invoice updated successfully /backend/public/api/invoices/62887D2073B3
[13-Nov-2025 10:25:36 UTC] ✅ Logged: Invoices fetched successfully /backend/public/api/invoices
[13-Nov-2025 10:25:55 UTC] ✅ Logged: Invoice updated successfully /backend/public/api/invoices/B94566E236FA
[13-Nov-2025 10:25:55 UTC] ✅ Logged: Invoices fetched successfully /backend/public/api/invoices
[13-Nov-2025 10:26:05 UTC] ✅ Logged: Invoices fetched successfully /backend/public/api/invoices
[13-Nov-2025 10:28:50 UTC] ✅ Logged: Invoices fetched successfully /backend/public/api/invoices
[13-Nov-2025 10:29:15 UTC] ✅ Logged: Invoice updated successfully /backend/public/api/invoices/10991BBAB7F4
[13-Nov-2025 10:29:15 UTC] ✅ Logged: Invoices fetched successfully /backend/public/api/invoices
[13-Nov-2025 10:29:19 UTC] ✅ Logged: Invoices fetched successfully /backend/public/api/invoices
[13-Nov-2025 10:29:52 UTC] ✅ Logged: Invoices fetched successfully /backend/public/api/invoices
[13-Nov-2025 10:31:07 UTC] ✅ Logged: Invoice updated successfully /backend/public/api/invoices/5198E633D065
[13-Nov-2025 10:31:07 UTC] ✅ Logged: Invoices fetched successfully /backend/public/api/invoices
[13-Nov-2025 10:32:06 UTC] ✅ Logged: Invoice updated successfully /backend/public/api/invoices/B1C30175F6E4
[13-Nov-2025 10:32:06 UTC] ✅ Logged: Invoices fetched successfully /backend/public/api/invoices
[13-Nov-2025 10:32:14 UTC] ✅ Logged: Invoices fetched successfully /backend/public/api/invoices
[13-Nov-2025 10:33:12 UTC] ✅ Logged: Invoices fetched successfully /backend/public/api/invoices
[13-Nov-2025 10:33:33 UTC] ✅ Logged: Invoice updated successfully /backend/public/api/invoices/06D88C2AAA8F
[13-Nov-2025 10:33:33 UTC] ✅ Logged: Invoices fetched successfully /backend/public/api/invoices
[13-Nov-2025 10:33:38 UTC] ✅ Logged: Invoices fetched successfully /backend/public/api/invoices
[13-Nov-2025 10:35:00 UTC] ✅ Logged: Invoices fetched successfully /backend/public/api/invoices
[13-Nov-2025 10:35:17 UTC] ✅ Logged: Invoice updated successfully /backend/public/api/invoices/32A923A581BA
[13-Nov-2025 10:35:17 UTC] ✅ Logged: Invoices fetched successfully /backend/public/api/invoices
[13-Nov-2025 10:35:21 UTC] ✅ Logged: Invoices fetched successfully /backend/public/api/invoices
[13-Nov-2025 10:45:28 UTC] ✅ Logged: Invoices fetched successfully /backend/public/api/invoices
[13-Nov-2025 10:46:29 UTC] ✅ Logged: Invoice updated successfully /backend/public/api/invoices/4EDF3DFD8469
[13-Nov-2025 10:46:40 UTC] ✅ Logged: Invoice updated successfully /backend/public/api/invoices/4EDF3DFD8469
[13-Nov-2025 10:46:40 UTC] ✅ Logged: Invoices fetched successfully /backend/public/api/invoices
[13-Nov-2025 10:46:44 UTC] ✅ Logged: Invoices fetched successfully /backend/public/api/invoices
[13-Nov-2025 11:05:57 UTC] ✅ Logged: Invoices fetched successfully /backend/public/api/invoices
[13-Nov-2025 11:05:58 UTC] ✅ Logged: Invoices fetched successfully /backend/public/api/invoices
[13-Nov-2025 11:07:08 UTC] ✅ Logged: Invoice updated successfully /backend/public/api/invoices/84ADC3AE2433
[13-Nov-2025 11:07:08 UTC] ✅ Logged: Invoices fetched successfully /backend/public/api/invoices
[13-Nov-2025 11:25:56 UTC] ✅ Logged: Login successful /backend/public/api/auth/users/login
[13-Nov-2025 11:25:56 UTC] ✅ Logged: Business data fetched successfully. /backend/public/api/business
[13-Nov-2025 11:26:01 UTC] ✅ Logged: Invoices fetched successfully /backend/public/api/invoices
[13-Nov-2025 11:27:10 UTC] ✅ Logged: Invoices fetched successfully /backend/public/api/invoices
[13-Nov-2025 11:27:12 UTC] ✅ Logged: Invoices fetched successfully /backend/public/api/invoices
[13-Nov-2025 11:27:13 UTC] ✅ Logged: Invoices fetched successfully /backend/public/api/invoices
[13-Nov-2025 11:27:15 UTC] ✅ Logged: Invoices fetched successfully /backend/public/api/invoices
[13-Nov-2025 11:27:18 UTC] ✅ Logged: Invoices fetched successfully /backend/public/api/invoices
[13-Nov-2025 11:27:20 UTC] ✅ Logged: Invoices fetched successfully /backend/public/api/invoices
[13-Nov-2025 11:30:30 UTC] ✅ Logged: Invoice created successfully /backend/public/api/invoices
[13-Nov-2025 11:30:31 UTC] ✅ Logged: Invoices fetched successfully /backend/public/api/invoices
[13-Nov-2025 11:39:29 UTC] ✅ Logged: Invoices fetched successfully /backend/public/api/invoices
[13-Nov-2025 11:39:30 UTC] ✅ Logged: Invoices fetched successfully /backend/public/api/invoices
[13-Nov-2025 11:39:31 UTC] ✅ Logged: Invoices fetched successfully /backend/public/api/invoices
[13-Nov-2025 11:41:05 UTC] ✅ Logged: Invoice updated successfully /backend/public/api/invoices/80D78C77B2D7
[13-Nov-2025 11:41:05 UTC] ✅ Logged: Invoices fetched successfully /backend/public/api/invoices
[13-Nov-2025 13:44:25 UTC] ✅ Logged: Login successful /backend/public/api/auth/users/login
[13-Nov-2025 13:44:25 UTC] ✅ Logged: Business data fetched successfully. /backend/public/api/business
[13-Nov-2025 14:08:07 UTC] ✅ Logged: Invoices fetched successfully /backend/public/api/invoices
[13-Nov-2025 14:11:58 UTC] ✅ Logged: Invoice updated successfully /backend/public/api/invoices/11D4EDFB7440
[13-Nov-2025 14:11:58 UTC] ✅ Logged: Invoices fetched successfully /backend/public/api/invoices
[13-Nov-2025 14:12:04 UTC] ✅ Logged: Invoices fetched successfully /backend/public/api/invoices
[13-Nov-2025 14:12:11 UTC] ✅ Logged: Invoices fetched successfully /backend/public/api/invoices
[13-Nov-2025 14:13:05 UTC] ✅ Logged: Invoice updated successfully /backend/public/api/invoices/272EAD908182
[13-Nov-2025 14:13:05 UTC] ✅ Logged: Invoices fetched successfully /backend/public/api/invoices
[13-Nov-2025 14:13:34 UTC] ✅ Logged: Invoices fetched successfully /backend/public/api/invoices
[13-Nov-2025 14:13:38 UTC] ✅ Logged: Invoices fetched successfully /backend/public/api/invoices
[13-Nov-2025 14:13:58 UTC] ✅ Logged: Invoices fetched successfully /backend/public/api/invoices
[13-Nov-2025 14:14:10 UTC] ✅ Logged: Invoices fetched successfully /backend/public/api/invoices
[13-Nov-2025 14:14:27 UTC] ✅ Logged: Invoices fetched successfully /backend/public/api/invoices
[13-Nov-2025 14:14:57 UTC] ✅ Logged: Invoice updated successfully /backend/public/api/invoices/1A1FC6FC5330
[13-Nov-2025 14:14:58 UTC] ✅ Logged: Invoices fetched successfully /backend/public/api/invoices
[13-Nov-2025 14:15:13 UTC] ✅ Logged: Invoice updated successfully /backend/public/api/invoices/F4406188F44D
[13-Nov-2025 14:15:13 UTC] ✅ Logged: Invoices fetched successfully /backend/public/api/invoices
[13-Nov-2025 14:15:26 UTC] ✅ Logged: Invoices fetched successfully /backend/public/api/invoices
[13-Nov-2025 14:16:08 UTC] ✅ Logged: Invoices fetched successfully /backend/public/api/invoices
[13-Nov-2025 14:16:46 UTC] ✅ Logged: Invoice updated successfully /backend/public/api/invoices/A8497FCA225B
[13-Nov-2025 14:16:46 UTC] ✅ Logged: Invoices fetched successfully /backend/public/api/invoices
[13-Nov-2025 14:17:19 UTC] ✅ Logged: Invoice updated successfully /backend/public/api/invoices/8171E4F7D747
[13-Nov-2025 14:17:19 UTC] ✅ Logged: Invoices fetched successfully /backend/public/api/invoices
[13-Nov-2025 14:18:06 UTC] ✅ Logged: Invoices fetched successfully /backend/public/api/invoices
[13-Nov-2025 14:20:04 UTC] ✅ Logged: Invoice updated successfully /backend/public/api/invoices/3EE409404715
[13-Nov-2025 14:20:04 UTC] ✅ Logged: Invoices fetched successfully /backend/public/api/invoices
[13-Nov-2025 14:20:29 UTC] ✅ Logged: Invoices fetched successfully /backend/public/api/invoices
[13-Nov-2025 14:20:41 UTC] ✅ Logged: Invoice updated successfully /backend/public/api/invoices/DCD4C45A44EF
[13-Nov-2025 14:20:42 UTC] ✅ Logged: Invoices fetched successfully /backend/public/api/invoices
[13-Nov-2025 14:20:53 UTC] ✅ Logged: Invoice updated successfully /backend/public/api/invoices/B6930A8D21DA
[13-Nov-2025 14:20:53 UTC] ✅ Logged: Invoices fetched successfully /backend/public/api/invoices
[13-Nov-2025 14:42:51 UTC] ✅ Logged: Invoices fetched successfully /backend/public/api/invoices
[13-Nov-2025 14:42:57 UTC] ✅ Logged: Invoices fetched successfully /backend/public/api/invoices
[13-Nov-2025 15:00:59 UTC] ✅ Logged: Login successful /backend/public/api/auth/users/login
[13-Nov-2025 15:00:59 UTC] ✅ Logged: Business data fetched successfully. /backend/public/api/business
[13-Nov-2025 15:01:04 UTC] ✅ Logged: Invoices fetched successfully /backend/public/api/invoices
[13-Nov-2025 15:01:08 UTC] ✅ Logged: Invoices fetched successfully /backend/public/api/invoices
[13-Nov-2025 15:01:12 UTC] ✅ Logged: Invoices fetched successfully /backend/public/api/invoices
[13-Nov-2025 15:01:14 UTC] ✅ Logged: Invoices fetched successfully /backend/public/api/invoices
[13-Nov-2025 15:01:15 UTC] ✅ Logged: Invoices fetched successfully /backend/public/api/invoices
[13-Nov-2025 15:01:17 UTC] ✅ Logged: Invoices fetched successfully /backend/public/api/invoices
[13-Nov-2025 15:01:18 UTC] ✅ Logged: Invoices fetched successfully /backend/public/api/invoices
[13-Nov-2025 15:01:18 UTC] ✅ Logged: Invoices fetched successfully /backend/public/api/invoices
[13-Nov-2025 15:01:36 UTC] ✅ Logged: Invoices fetched successfully /backend/public/api/invoices
[13-Nov-2025 15:02:50 UTC] ✅ Logged: Invoice updated successfully /backend/public/api/invoices/511EDF9E1FA7
[13-Nov-2025 15:02:50 UTC] ✅ Logged: Invoices fetched successfully /backend/public/api/invoices
[13-Nov-2025 15:02:57 UTC] ✅ Logged: Invoices fetched successfully /backend/public/api/invoices
[13-Nov-2025 15:03:01 UTC] ✅ Logged: Invoices fetched successfully /backend/public/api/invoices
[13-Nov-2025 15:03:04 UTC] ✅ Logged: Invoices fetched successfully /backend/public/api/invoices
[13-Nov-2025 15:03:06 UTC] ✅ Logged: Invoices fetched successfully /backend/public/api/invoices
[13-Nov-2025 15:03:09 UTC] ✅ Logged: Invoices fetched successfully /backend/public/api/invoices
[13-Nov-2025 15:05:39 UTC] ✅ Logged: Invoice created successfully /backend/public/api/invoices
[13-Nov-2025 15:05:39 UTC] ✅ Logged: Invoices fetched successfully /backend/public/api/invoices
[13-Nov-2025 15:06:06 UTC] ✅ Logged: Invoices fetched successfully /backend/public/api/invoices
[13-Nov-2025 15:14:37 UTC] ✅ Logged: Invoices fetched successfully /backend/public/api/invoices
[13-Nov-2025 15:14:39 UTC] ✅ Logged: Invoices fetched successfully /backend/public/api/invoices
[13-Nov-2025 15:14:41 UTC] ✅ Logged: Invoices fetched successfully /backend/public/api/invoices
[13-Nov-2025 15:14:43 UTC] ✅ Logged: Invoices fetched successfully /backend/public/api/invoices
[13-Nov-2025 15:14:43 UTC] ✅ Logged: Invoices fetched successfully /backend/public/api/invoices
[13-Nov-2025 15:14:46 UTC] ✅ Logged: Invoices fetched successfully /backend/public/api/invoices
[13-Nov-2025 15:14:47 UTC] ✅ Logged: Invoices fetched successfully /backend/public/api/invoices
[13-Nov-2025 15:15:23 UTC] ✅ Logged: No invoices found matching the criteria. /backend/public/api/invoices
[13-Nov-2025 15:18:22 UTC] ✅ Logged: Invoice created successfully /backend/public/api/invoices
[13-Nov-2025 15:18:22 UTC] ✅ Logged: Invoices fetched successfully /backend/public/api/invoices
[13-Nov-2025 15:18:41 UTC] ✅ Logged: Invoices fetched successfully /backend/public/api/invoices
[13-Nov-2025 15:18:44 UTC] ✅ Logged: Invoices fetched successfully /backend/public/api/invoices
[13-Nov-2025 15:18:44 UTC] ✅ Logged: Invoices fetched successfully /backend/public/api/invoices
[13-Nov-2025 15:18:45 UTC] ✅ Logged: Invoices fetched successfully /backend/public/api/invoices
[13-Nov-2025 15:18:47 UTC] ✅ Logged: Invoices fetched successfully /backend/public/api/invoices
[13-Nov-2025 15:18:47 UTC] ✅ Logged: No invoices found matching the criteria. /backend/public/api/invoices
[13-Nov-2025 15:21:02 UTC] ✅ Logged: Invoice created successfully /backend/public/api/invoices
[13-Nov-2025 15:21:02 UTC] ✅ Logged: Invoices fetched successfully /backend/public/api/invoices
[13-Nov-2025 15:21:18 UTC] ✅ Logged: Invoices fetched successfully /backend/public/api/invoices
[13-Nov-2025 15:21:20 UTC] ✅ Logged: Invoices fetched successfully /backend/public/api/invoices
[13-Nov-2025 15:21:23 UTC] ✅ Logged: Invoices fetched successfully /backend/public/api/invoices
[13-Nov-2025 15:21:24 UTC] ✅ Logged: Invoices fetched successfully /backend/public/api/invoices
[13-Nov-2025 15:21:24 UTC] ✅ Logged: Invoices fetched successfully /backend/public/api/invoices
[13-Nov-2025 15:21:25 UTC] ✅ Logged: Invoices fetched successfully /backend/public/api/invoices
[13-Nov-2025 15:21:28 UTC] ✅ Logged: Invoices fetched successfully /backend/public/api/invoices
[13-Nov-2025 15:21:28 UTC] ✅ Logged: No invoices found matching the criteria. /backend/public/api/invoices
[13-Nov-2025 18:02:44 UTC] ✅ Logged: Login successful /backend/public/api/auth/users/login
[13-Nov-2025 18:02:44 UTC] ✅ Logged: Business data fetched successfully. /backend/public/api/business
[13-Nov-2025 18:02:48 UTC] ✅ Logged: Today dashboard stats fetched successfully. /backend/public/api/business/stats
[13-Nov-2025 18:03:17 UTC] ✅ Logged: Activity logs fetched successfully. /backend/public/api/business/activity/logs
[13-Nov-2025 18:03:50 UTC] ✅ Logged: User records fetched successfully. /backend/public/api/users
[13-Nov-2025 18:03:59 UTC] ✅ Logged: User records fetched successfully. /backend/public/api/users
[13-Nov-2025 18:04:10 UTC] ✅ Logged: Invoices fetched successfully /backend/public/api/invoices
[14-Nov-2025 12:08:22 UTC] ✅ Logged: Login successful /backend/public/api/auth/users/login
[14-Nov-2025 12:08:22 UTC] ✅ Logged: Business data fetched successfully. /backend/public/api/business
[14-Nov-2025 12:08:26 UTC] ✅ Logged: Today dashboard stats fetched successfully. /backend/public/api/business/stats
[14-Nov-2025 12:08:29 UTC] ✅ Logged: Invoices fetched successfully /backend/public/api/invoices
[14-Nov-2025 12:08:30 UTC] ✅ Logged: Invoices fetched successfully /backend/public/api/invoices
[14-Nov-2025 12:09:22 UTC] ✅ Logged: Invoices fetched successfully /backend/public/api/invoices
[14-Nov-2025 12:09:25 UTC] ✅ Logged: Invoices fetched successfully /backend/public/api/invoices
[14-Nov-2025 12:09:26 UTC] ✅ Logged: Invoices fetched successfully /backend/public/api/invoices
[14-Nov-2025 12:09:26 UTC] ✅ Logged: Invoices fetched successfully /backend/public/api/invoices
[14-Nov-2025 12:09:27 UTC] ✅ Logged: Invoices fetched successfully /backend/public/api/invoices
[14-Nov-2025 12:09:30 UTC] ✅ Logged: Invoices fetched successfully /backend/public/api/invoices
[14-Nov-2025 12:09:30 UTC] ✅ Logged: No invoices found matching the criteria. /backend/public/api/invoices
[14-Nov-2025 12:12:13 UTC] ✅ Logged: Invoice created successfully /backend/public/api/invoices
[14-Nov-2025 12:12:13 UTC] ✅ Logged: Invoices fetched successfully /backend/public/api/invoices
[14-Nov-2025 12:12:40 UTC] ✅ Logged: Invoices fetched successfully /backend/public/api/invoices
[14-Nov-2025 12:12:42 UTC] ✅ Logged: Invoices fetched successfully /backend/public/api/invoices
[14-Nov-2025 12:12:42 UTC] ✅ Logged: Invoices fetched successfully /backend/public/api/invoices
[14-Nov-2025 12:12:44 UTC] ✅ Logged: Invoices fetched successfully /backend/public/api/invoices
[14-Nov-2025 12:12:45 UTC] ✅ Logged: No invoices found matching the criteria. /backend/public/api/invoices
[14-Nov-2025 12:16:47 UTC] ✅ Logged: Invoice created successfully /backend/public/api/invoices
[14-Nov-2025 12:16:48 UTC] ✅ Logged: Invoices fetched successfully /backend/public/api/invoices
[14-Nov-2025 12:17:41 UTC] ✅ Logged: Invoices fetched successfully /backend/public/api/invoices
[14-Nov-2025 12:17:48 UTC] ✅ Logged: Invoices fetched successfully /backend/public/api/invoices
[14-Nov-2025 12:17:48 UTC] ✅ Logged: Invoices fetched successfully /backend/public/api/invoices
[14-Nov-2025 12:17:51 UTC] ✅ Logged: Invoices fetched successfully /backend/public/api/invoices
[14-Nov-2025 12:17:52 UTC] ✅ Logged: Invoices fetched successfully /backend/public/api/invoices
[14-Nov-2025 12:20:23 UTC] ✅ Logged: Invoice created successfully /backend/public/api/invoices
[14-Nov-2025 12:20:23 UTC] ✅ Logged: Invoices fetched successfully /backend/public/api/invoices
[14-Nov-2025 12:21:31 UTC] ✅ Logged: Invoices fetched successfully /backend/public/api/invoices
[14-Nov-2025 12:21:40 UTC] ✅ Logged: Invoices fetched successfully /backend/public/api/invoices
[14-Nov-2025 12:21:41 UTC] ✅ Logged: Invoices fetched successfully /backend/public/api/invoices
[14-Nov-2025 12:21:45 UTC] ✅ Logged: Invoices fetched successfully /backend/public/api/invoices
[14-Nov-2025 12:21:46 UTC] ✅ Logged: Invoices fetched successfully /backend/public/api/invoices
[14-Nov-2025 12:21:47 UTC] ✅ Logged: Invoices fetched successfully /backend/public/api/invoices
[14-Nov-2025 12:25:42 UTC] ✅ Logged: Invoice created successfully /backend/public/api/invoices
[14-Nov-2025 12:25:42 UTC] ✅ Logged: Invoices fetched successfully /backend/public/api/invoices
[14-Nov-2025 12:26:01 UTC] ✅ Logged: Invoices fetched successfully /backend/public/api/invoices
[14-Nov-2025 12:26:05 UTC] ✅ Logged: Invoices fetched successfully /backend/public/api/invoices
[14-Nov-2025 12:26:06 UTC] ✅ Logged: Invoices fetched successfully /backend/public/api/invoices
[14-Nov-2025 12:26:07 UTC] ✅ Logged: Invoices fetched successfully /backend/public/api/invoices
[14-Nov-2025 12:26:10 UTC] ✅ Logged: No invoices found matching the criteria. /backend/public/api/invoices
[14-Nov-2025 12:26:16 UTC] ✅ Logged: No invoices found matching the criteria. /backend/public/api/invoices
[14-Nov-2025 12:29:03 UTC] ✅ Logged: Invoice created successfully /backend/public/api/invoices
[14-Nov-2025 12:29:03 UTC] ✅ Logged: Invoices fetched successfully /backend/public/api/invoices
[14-Nov-2025 12:29:48 UTC] ✅ Logged: Invoices fetched successfully /backend/public/api/invoices
[14-Nov-2025 12:29:50 UTC] ✅ Logged: Invoices fetched successfully /backend/public/api/invoices
[14-Nov-2025 12:29:51 UTC] ✅ Logged: Invoices fetched successfully /backend/public/api/invoices
[14-Nov-2025 12:29:54 UTC] ✅ Logged: No invoices found matching the criteria. /backend/public/api/invoices
[14-Nov-2025 12:33:33 UTC] ✅ Logged: Invoice created successfully /backend/public/api/invoices
[14-Nov-2025 12:33:33 UTC] ✅ Logged: Invoices fetched successfully /backend/public/api/invoices
[14-Nov-2025 14:32:14 UTC] ✅ Logged: Login successful /backend/public/api/auth/users/login
[14-Nov-2025 14:32:15 UTC] ✅ Logged: Business data fetched successfully. /backend/public/api/business
[14-Nov-2025 14:32:21 UTC] ✅ Logged: Invoices fetched successfully /backend/public/api/invoices
[14-Nov-2025 14:34:24 UTC] ✅ Logged: Invoices fetched successfully /backend/public/api/invoices
[14-Nov-2025 14:34:33 UTC] ✅ Logged: Invoices fetched successfully /backend/public/api/invoices
[14-Nov-2025 14:34:34 UTC] ✅ Logged: Invoices fetched successfully /backend/public/api/invoices
[14-Nov-2025 14:34:40 UTC] ✅ Logged: Invoices fetched successfully /backend/public/api/invoices
[14-Nov-2025 14:34:41 UTC] ✅ Logged: Invoices fetched successfully /backend/public/api/invoices
[14-Nov-2025 14:34:48 UTC] ✅ Logged: Invoices fetched successfully /backend/public/api/invoices
[14-Nov-2025 14:34:51 UTC] ✅ Logged: No invoices found matching the criteria. /backend/public/api/invoices
[14-Nov-2025 14:37:44 UTC] ✅ Logged: Invoice created successfully /backend/public/api/invoices
[14-Nov-2025 14:37:45 UTC] ✅ Logged: Invoices fetched successfully /backend/public/api/invoices
[14-Nov-2025 14:39:35 UTC] ✅ Logged: Invoices fetched successfully /backend/public/api/invoices
[14-Nov-2025 15:21:31 UTC] ✅ Logged: Invoices fetched successfully /backend/public/api/invoices
[15-Nov-2025 05:34:44 UTC] ✅ Logged: Login successful /backend/public/api/auth/users/login
[15-Nov-2025 05:34:45 UTC] ✅ Logged: Business data fetched successfully. /backend/public/api/business
[15-Nov-2025 05:34:48 UTC] ✅ Logged: Today dashboard stats fetched successfully. /backend/public/api/business/stats
[15-Nov-2025 05:34:52 UTC] ✅ Logged: Invoices fetched successfully /backend/public/api/invoices
[15-Nov-2025 05:35:21 UTC] ✅ Logged: Invoices fetched successfully /backend/public/api/invoices
[15-Nov-2025 05:35:25 UTC] ✅ Logged: Invoices fetched successfully /backend/public/api/invoices
[15-Nov-2025 05:35:26 UTC] ✅ Logged: Invoices fetched successfully /backend/public/api/invoices
[15-Nov-2025 05:35:27 UTC] ✅ Logged: Invoices fetched successfully /backend/public/api/invoices
[15-Nov-2025 05:35:30 UTC] ✅ Logged: Invoices fetched successfully /backend/public/api/invoices
[15-Nov-2025 05:35:30 UTC] ✅ Logged: Invoices fetched successfully /backend/public/api/invoices
[15-Nov-2025 05:38:04 UTC] ✅ Logged: Invoice created successfully /backend/public/api/invoices
[15-Nov-2025 05:38:04 UTC] ✅ Logged: Invoices fetched successfully /backend/public/api/invoices
[15-Nov-2025 05:38:19 UTC] ✅ Logged: Invoices fetched successfully /backend/public/api/invoices
[15-Nov-2025 05:40:33 UTC] ✅ Logged: Invoice created successfully /backend/public/api/invoices
[15-Nov-2025 05:40:34 UTC] ✅ Logged: Invoices fetched successfully /backend/public/api/invoices
[15-Nov-2025 06:39:46 UTC] ✅ Logged: Login successful /backend/public/api/auth/users/login
[15-Nov-2025 06:39:47 UTC] ✅ Logged: Business data fetched successfully. /backend/public/api/business
[15-Nov-2025 06:39:50 UTC] ✅ Logged: Today dashboard stats fetched successfully. /backend/public/api/business/stats
[15-Nov-2025 06:39:53 UTC] ✅ Logged: Invoices fetched successfully /backend/public/api/invoices
[15-Nov-2025 06:40:19 UTC] ✅ Logged: Invoices fetched successfully /backend/public/api/invoices
[15-Nov-2025 06:40:22 UTC] ✅ Logged: Invoices fetched successfully /backend/public/api/invoices
[15-Nov-2025 06:40:23 UTC] ✅ Logged: Invoices fetched successfully /backend/public/api/invoices
[15-Nov-2025 06:40:25 UTC] ✅ Logged: Invoices fetched successfully /backend/public/api/invoices
[15-Nov-2025 06:40:26 UTC] ✅ Logged: Invoices fetched successfully /backend/public/api/invoices
[15-Nov-2025 06:40:29 UTC] ✅ Logged: Invoices fetched successfully /backend/public/api/invoices
[15-Nov-2025 06:42:39 UTC] ✅ Logged: Invoice created successfully /backend/public/api/invoices
[15-Nov-2025 06:42:40 UTC] ✅ Logged: Invoices fetched successfully /backend/public/api/invoices
[15-Nov-2025 06:47:10 UTC] ✅ Logged: Invoice created successfully /backend/public/api/invoices
[15-Nov-2025 06:47:10 UTC] ✅ Logged: Invoices fetched successfully /backend/public/api/invoices
[15-Nov-2025 06:47:31 UTC] ✅ Logged: Invoices fetched successfully /backend/public/api/invoices
[15-Nov-2025 06:50:16 UTC] ✅ Logged: Invoice created successfully /backend/public/api/invoices
[15-Nov-2025 06:50:16 UTC] ✅ Logged: Invoices fetched successfully /backend/public/api/invoices
[15-Nov-2025 06:50:38 UTC] ✅ Logged: Invoices fetched successfully /backend/public/api/invoices
[15-Nov-2025 06:50:41 UTC] ✅ Logged: Invoices fetched successfully /backend/public/api/invoices
[15-Nov-2025 06:50:44 UTC] ✅ Logged: No invoices found matching the criteria. /backend/public/api/invoices
[15-Nov-2025 06:50:47 UTC] ✅ Logged: Invoices fetched successfully /backend/public/api/invoices
[15-Nov-2025 06:50:49 UTC] ✅ Logged: Invoices fetched successfully /backend/public/api/invoices
[15-Nov-2025 06:50:49 UTC] ✅ Logged: Invoices fetched successfully /backend/public/api/invoices
[15-Nov-2025 06:50:52 UTC] ✅ Logged: Invoices fetched successfully /backend/public/api/invoices
[15-Nov-2025 06:50:54 UTC] ✅ Logged: Invoices fetched successfully /backend/public/api/invoices
[15-Nov-2025 06:50:55 UTC] ✅ Logged: Invoices fetched successfully /backend/public/api/invoices
[15-Nov-2025 06:52:45 UTC] ✅ Logged: Invoice created successfully /backend/public/api/invoices
[15-Nov-2025 06:52:46 UTC] ✅ Logged: Invoices fetched successfully /backend/public/api/invoices
[15-Nov-2025 06:53:46 UTC] ✅ Logged: Invoices fetched successfully /backend/public/api/invoices
[15-Nov-2025 06:53:47 UTC] ✅ Logged: Invoices fetched successfully /backend/public/api/invoices
[15-Nov-2025 06:53:53 UTC] ✅ Logged: Invoices fetched successfully /backend/public/api/invoices
[15-Nov-2025 06:53:54 UTC] ✅ Logged: Invoices fetched successfully /backend/public/api/invoices
[15-Nov-2025 06:53:58 UTC] ✅ Logged: Invoices fetched successfully /backend/public/api/invoices
[15-Nov-2025 06:53:59 UTC] ✅ Logged: Invoices fetched successfully /backend/public/api/invoices
[15-Nov-2025 06:54:00 UTC] ✅ Logged: Invoices fetched successfully /backend/public/api/invoices
[15-Nov-2025 06:55:39 UTC] ✅ Logged: Invoice created successfully /backend/public/api/invoices
[15-Nov-2025 06:55:39 UTC] ✅ Logged: Invoices fetched successfully /backend/public/api/invoices
[15-Nov-2025 06:56:23 UTC] ✅ Logged: Invoices fetched successfully /backend/public/api/invoices
[15-Nov-2025 06:56:25 UTC] ✅ Logged: Invoices fetched successfully /backend/public/api/invoices
[15-Nov-2025 06:56:32 UTC] ✅ Logged: Invoices fetched successfully /backend/public/api/invoices
[15-Nov-2025 06:56:33 UTC] ✅ Logged: Invoices fetched successfully /backend/public/api/invoices
[15-Nov-2025 06:56:34 UTC] ✅ Logged: Invoices fetched successfully /backend/public/api/invoices
[15-Nov-2025 06:56:36 UTC] ✅ Logged: Invoices fetched successfully /backend/public/api/invoices
[15-Nov-2025 06:58:20 UTC] ✅ Logged: Invoice created successfully /backend/public/api/invoices
[15-Nov-2025 06:58:20 UTC] ✅ Logged: Invoices fetched successfully /backend/public/api/invoices
[15-Nov-2025 07:01:02 UTC] ✅ Logged: Invoices fetched successfully /backend/public/api/invoices
[15-Nov-2025 07:01:04 UTC] ✅ Logged: Invoices fetched successfully /backend/public/api/invoices
[15-Nov-2025 07:01:06 UTC] ✅ Logged: Invoices fetched successfully /backend/public/api/invoices
[15-Nov-2025 07:01:11 UTC] ✅ Logged: Invoices fetched successfully /backend/public/api/invoices
[15-Nov-2025 07:01:12 UTC] ✅ Logged: Invoices fetched successfully /backend/public/api/invoices
[15-Nov-2025 07:01:12 UTC] ✅ Logged: Invoices fetched successfully /backend/public/api/invoices
[15-Nov-2025 07:01:15 UTC] ✅ Logged: Invoices fetched successfully /backend/public/api/invoices
[15-Nov-2025 07:03:27 UTC] ✅ Logged: Invoice created successfully /backend/public/api/invoices
[15-Nov-2025 07:03:28 UTC] ✅ Logged: Invoices fetched successfully /backend/public/api/invoices
[15-Nov-2025 07:03:43 UTC] ✅ Logged: Invoices fetched successfully /backend/public/api/invoices
[15-Nov-2025 07:03:58 UTC] ✅ Logged: Invoices fetched successfully /backend/public/api/invoices
[15-Nov-2025 10:01:15 UTC] ✅ Logged: Login successful /backend/public/api/auth/users/login
[15-Nov-2025 10:01:16 UTC] ✅ Logged: Business data fetched successfully. /backend/public/api/business
[15-Nov-2025 10:01:20 UTC] ✅ Logged: Today dashboard stats fetched successfully. /backend/public/api/business/stats
[15-Nov-2025 10:01:23 UTC] ✅ Logged: Invoices fetched successfully /backend/public/api/invoices
[15-Nov-2025 10:01:30 UTC] ✅ Logged: Invoices fetched successfully /backend/public/api/invoices
[15-Nov-2025 10:01:58 UTC] ✅ Logged: Invoices fetched successfully /backend/public/api/invoices
[15-Nov-2025 10:02:16 UTC] ✅ Logged: Invoices fetched successfully /backend/public/api/invoices
[15-Nov-2025 10:02:21 UTC] ✅ Logged: Invoices fetched successfully /backend/public/api/invoices
[15-Nov-2025 10:02:25 UTC] ✅ Logged: Invoices fetched successfully /backend/public/api/invoices
[15-Nov-2025 10:03:33 UTC] ✅ Logged: Invoices fetched successfully /backend/public/api/invoices
[15-Nov-2025 10:03:40 UTC] ✅ Logged: Invoices fetched successfully /backend/public/api/invoices
[15-Nov-2025 10:04:41 UTC] ✅ Logged: Invoices fetched successfully /backend/public/api/invoices
[15-Nov-2025 10:04:48 UTC] ✅ Logged: Invoices fetched successfully /backend/public/api/invoices
[15-Nov-2025 10:04:51 UTC] ✅ Logged: Invoices fetched successfully /backend/public/api/invoices
[15-Nov-2025 10:05:01 UTC] ✅ Logged: Invoices fetched successfully /backend/public/api/invoices
[15-Nov-2025 10:05:02 UTC] ✅ Logged: Invoices fetched successfully /backend/public/api/invoices
[15-Nov-2025 10:05:06 UTC] ✅ Logged: Invoices fetched successfully /backend/public/api/invoices
[15-Nov-2025 10:09:48 UTC] ✅ Logged: Invoice updated successfully /backend/public/api/invoices/D7DA73389D08
[15-Nov-2025 10:09:48 UTC] ✅ Logged: Invoices fetched successfully /backend/public/api/invoices
[15-Nov-2025 10:10:01 UTC] ✅ Logged: Invoices fetched successfully /backend/public/api/invoices
[15-Nov-2025 10:10:03 UTC] ✅ Logged: No invoices found matching the criteria. /backend/public/api/invoices
[15-Nov-2025 10:10:16 UTC] ✅ Logged: Invoices fetched successfully /backend/public/api/invoices
[15-Nov-2025 10:10:25 UTC] ✅ Logged: Invoices fetched successfully /backend/public/api/invoices
[15-Nov-2025 10:11:10 UTC] ✅ Logged: Invoices fetched successfully /backend/public/api/invoices
[15-Nov-2025 10:11:15 UTC] ✅ Logged: Invoices fetched successfully /backend/public/api/invoices
[15-Nov-2025 10:11:25 UTC] ✅ Logged: Invoices fetched successfully /backend/public/api/invoices
[15-Nov-2025 10:11:27 UTC] ✅ Logged: Invoices fetched successfully /backend/public/api/invoices
[15-Nov-2025 10:11:30 UTC] ✅ Logged: Invoices fetched successfully /backend/public/api/invoices
[15-Nov-2025 10:12:10 UTC] ✅ Logged: Invoices fetched successfully /backend/public/api/invoices
[15-Nov-2025 10:12:13 UTC] ✅ Logged: Invoices fetched successfully /backend/public/api/invoices
[15-Nov-2025 10:12:14 UTC] ✅ Logged: No invoices found matching the criteria. /backend/public/api/invoices
[15-Nov-2025 10:25:04 UTC] ✅ Logged: Invoice updated successfully /backend/public/api/invoices/F79AEF27AC7F
[15-Nov-2025 10:25:05 UTC] ✅ Logged: No invoices found matching the criteria. /backend/public/api/invoices
[15-Nov-2025 10:25:15 UTC] ✅ Logged: Invoices fetched successfully /backend/public/api/invoices
[15-Nov-2025 10:26:03 UTC] ✅ Logged: Invoices fetched successfully /backend/public/api/invoices
[15-Nov-2025 10:26:21 UTC] ✅ Logged: Invoice updated successfully /backend/public/api/invoices/9DDAF724C846
[15-Nov-2025 10:26:21 UTC] ✅ Logged: Invoices fetched successfully /backend/public/api/invoices
[15-Nov-2025 10:39:44 UTC] ✅ Logged: Invoices fetched successfully /backend/public/api/invoices
[15-Nov-2025 10:39:53 UTC] ✅ Logged: Invoices fetched successfully /backend/public/api/invoices
[15-Nov-2025 10:39:56 UTC] ✅ Logged: Invoices fetched successfully /backend/public/api/invoices
[15-Nov-2025 10:40:28 UTC] ✅ Logged: Invoice updated successfully /backend/public/api/invoices/D7DA73389D08
[15-Nov-2025 10:40:29 UTC] ✅ Logged: Invoices fetched successfully /backend/public/api/invoices
[15-Nov-2025 11:10:42 UTC] ✅ Logged: Login successful /backend/public/api/auth/users/login
[15-Nov-2025 11:10:42 UTC] ✅ Logged: Business data fetched successfully. /backend/public/api/business
[15-Nov-2025 11:10:47 UTC] ✅ Logged: Invoices fetched successfully /backend/public/api/invoices
[15-Nov-2025 11:10:52 UTC] ✅ Logged: Invoices fetched successfully /backend/public/api/invoices
[15-Nov-2025 11:11:45 UTC] ✅ Logged: Invoice updated successfully /backend/public/api/invoices/D7DA73389D08
[15-Nov-2025 11:11:45 UTC] ✅ Logged: Invoices fetched successfully /backend/public/api/invoices
[15-Nov-2025 11:11:58 UTC] ✅ Logged: Invoices fetched successfully /backend/public/api/invoices
[15-Nov-2025 11:12:01 UTC] ✅ Logged: Invoices fetched successfully /backend/public/api/invoices
[15-Nov-2025 11:12:02 UTC] ✅ Logged: Invoices fetched successfully /backend/public/api/invoices
[15-Nov-2025 11:12:04 UTC] ✅ Logged: Invoices fetched successfully /backend/public/api/invoices
[15-Nov-2025 11:12:06 UTC] ✅ Logged: Invoices fetched successfully /backend/public/api/invoices
[15-Nov-2025 11:12:36 UTC] ✅ Logged: Invoices fetched successfully /backend/public/api/invoices
[15-Nov-2025 11:12:38 UTC] ✅ Logged: Invoices fetched successfully /backend/public/api/invoices
[15-Nov-2025 11:12:41 UTC] ✅ Logged: Invoices fetched successfully /backend/public/api/invoices
[15-Nov-2025 11:12:44 UTC] ✅ Logged: Invoices fetched successfully /backend/public/api/invoices
[15-Nov-2025 11:12:45 UTC] ✅ Logged: Invoices fetched successfully /backend/public/api/invoices
[15-Nov-2025 11:12:48 UTC] ✅ Logged: Invoices fetched successfully /backend/public/api/invoices
[15-Nov-2025 11:15:36 UTC] ✅ Logged: Invoice created successfully /backend/public/api/invoices
[15-Nov-2025 11:15:36 UTC] ✅ Logged: Invoices fetched successfully /backend/public/api/invoices
[15-Nov-2025 11:15:55 UTC] ✅ Logged: Invoices fetched successfully /backend/public/api/invoices
[15-Nov-2025 11:15:57 UTC] ✅ Logged: Invoices fetched successfully /backend/public/api/invoices
[15-Nov-2025 11:16:04 UTC] ✅ Logged: Invoices fetched successfully /backend/public/api/invoices
[15-Nov-2025 11:16:06 UTC] ✅ Logged: Invoices fetched successfully /backend/public/api/invoices
[15-Nov-2025 11:20:51 UTC] ✅ Logged: Invoice created successfully /backend/public/api/invoices
[15-Nov-2025 11:20:51 UTC] ✅ Logged: Invoices fetched successfully /backend/public/api/invoices
[15-Nov-2025 11:20:59 UTC] ✅ Logged: Invoices fetched successfully /backend/public/api/invoices
[15-Nov-2025 11:21:00 UTC] ✅ Logged: Invoices fetched successfully /backend/public/api/invoices
[15-Nov-2025 11:21:10 UTC] ✅ Logged: Invoices fetched successfully /backend/public/api/invoices
[15-Nov-2025 11:21:14 UTC] ✅ Logged: Invoices fetched successfully /backend/public/api/invoices
[15-Nov-2025 11:21:16 UTC] ✅ Logged: Invoices fetched successfully /backend/public/api/invoices
[15-Nov-2025 11:24:12 UTC] ✅ Logged: Invoice created successfully /backend/public/api/invoices
[15-Nov-2025 11:24:12 UTC] ✅ Logged: Invoices fetched successfully /backend/public/api/invoices
[15-Nov-2025 12:48:09 UTC] ✅ Logged: Login successful /backend/public/api/auth/users/login
[15-Nov-2025 12:48:09 UTC] ✅ Logged: Business data fetched successfully. /backend/public/api/business
[15-Nov-2025 12:48:12 UTC] ✅ Logged: Today dashboard stats fetched successfully. /backend/public/api/business/stats
[15-Nov-2025 12:48:42 UTC] ✅ Logged: Invoices fetched successfully /backend/public/api/invoices
[15-Nov-2025 12:48:55 UTC] ✅ Logged: Invoices fetched successfully /backend/public/api/invoices
[15-Nov-2025 12:48:59 UTC] ✅ Logged: Invoices fetched successfully /backend/public/api/invoices
[15-Nov-2025 12:49:00 UTC] ✅ Logged: Invoices fetched successfully /backend/public/api/invoices
[15-Nov-2025 12:49:02 UTC] ✅ Logged: Invoices fetched successfully /backend/public/api/invoices
[15-Nov-2025 12:49:05 UTC] ✅ Logged: Invoices fetched successfully /backend/public/api/invoices
[15-Nov-2025 12:49:10 UTC] ✅ Logged: Invoices fetched successfully /backend/public/api/invoices
[15-Nov-2025 12:49:44 UTC] ✅ Logged: Invoices fetched successfully /backend/public/api/invoices
[15-Nov-2025 12:50:08 UTC] ✅ Logged: Invoices fetched successfully /backend/public/api/invoices
[15-Nov-2025 12:50:52 UTC] ✅ Logged: Invoices fetched successfully /backend/public/api/invoices
[15-Nov-2025 12:50:59 UTC] ✅ Logged: Invoices fetched successfully /backend/public/api/invoices
[15-Nov-2025 12:51:01 UTC] ✅ Logged: Invoices fetched successfully /backend/public/api/invoices
[15-Nov-2025 12:51:02 UTC] ✅ Logged: Invoices fetched successfully /backend/public/api/invoices
[15-Nov-2025 12:51:06 UTC] ✅ Logged: Invoices fetched successfully /backend/public/api/invoices
[15-Nov-2025 12:51:09 UTC] ✅ Logged: No invoices found matching the criteria. /backend/public/api/invoices
[15-Nov-2025 12:58:02 UTC] ✅ Logged: Invoice type is required. /backend/public/api/invoices/504029D42F32
[15-Nov-2025 12:58:11 UTC] ✅ Logged: Invoices fetched successfully /backend/public/api/invoices
[15-Nov-2025 12:58:32 UTC] ✅ Logged: Invoices fetched successfully /backend/public/api/invoices
[15-Nov-2025 12:58:36 UTC] ✅ Logged: Invoices fetched successfully /backend/public/api/invoices
[15-Nov-2025 13:00:28 UTC] ✅ Logged: Invoice type is required. /backend/public/api/invoices/504029D42F32
[15-Nov-2025 13:00:35 UTC] ✅ Logged: Invoice updated successfully /backend/public/api/invoices/504029D42F32
[15-Nov-2025 13:00:36 UTC] ✅ Logged: Invoices fetched successfully /backend/public/api/invoices
[15-Nov-2025 13:04:56 UTC] ✅ Logged: Invoice updated successfully /backend/public/api/invoices/DA3E569516A9
[15-Nov-2025 13:04:56 UTC] ✅ Logged: Invoices fetched successfully /backend/public/api/invoices
[15-Nov-2025 13:06:00 UTC] ✅ Logged: Invoice updated successfully /backend/public/api/invoices/2D3408C126E3
[15-Nov-2025 13:06:02 UTC] ✅ Logged: Invoices fetched successfully /backend/public/api/invoices
[15-Nov-2025 13:06:14 UTC] ✅ Logged: Invoice updated successfully /backend/public/api/invoices/504029D42F32
[15-Nov-2025 13:06:14 UTC] ✅ Logged: Invoices fetched successfully /backend/public/api/invoices
[15-Nov-2025 13:20:46 UTC] ✅ Logged: Invoices fetched successfully /backend/public/api/invoices
[15-Nov-2025 13:20:54 UTC] ✅ Logged: Invoices fetched successfully /backend/public/api/invoices
[15-Nov-2025 13:20:55 UTC] ✅ Logged: Invoices fetched successfully /backend/public/api/invoices
[15-Nov-2025 13:20:56 UTC] ✅ Logged: Invoices fetched successfully /backend/public/api/invoices
[15-Nov-2025 13:21:11 UTC] ✅ Logged: Invoices fetched successfully /backend/public/api/invoices
[15-Nov-2025 13:21:15 UTC] ✅ Logged: Invoices fetched successfully /backend/public/api/invoices
[15-Nov-2025 13:21:20 UTC] ✅ Logged: Invoices fetched successfully /backend/public/api/invoices
[15-Nov-2025 14:40:38 UTC] ✅ Logged: Login successful /backend/public/api/auth/users/login
[15-Nov-2025 14:40:39 UTC] ✅ Logged: Business data fetched successfully. /backend/public/api/business
[15-Nov-2025 14:40:43 UTC] ✅ Logged: Today dashboard stats fetched successfully. /backend/public/api/business/stats
[15-Nov-2025 14:41:00 UTC] ✅ Logged: Invoices fetched successfully /backend/public/api/invoices
[15-Nov-2025 14:44:30 UTC] ✅ Logged: Invoices fetched successfully /backend/public/api/invoices
[15-Nov-2025 14:47:47 UTC] ✅ Logged: Invoice created successfully /backend/public/api/invoices
[15-Nov-2025 14:47:47 UTC] ✅ Logged: Invoices fetched successfully /backend/public/api/invoices
[15-Nov-2025 14:47:54 UTC] ✅ Logged: Invoices fetched successfully /backend/public/api/invoices
[15-Nov-2025 14:47:57 UTC] ✅ Logged: Invoices fetched successfully /backend/public/api/invoices
[15-Nov-2025 14:47:58 UTC] ✅ Logged: Invoices fetched successfully /backend/public/api/invoices
[15-Nov-2025 14:48:00 UTC] ✅ Logged: Invoices fetched successfully /backend/public/api/invoices
[15-Nov-2025 14:48:01 UTC] ✅ Logged: Invoices fetched successfully /backend/public/api/invoices
[15-Nov-2025 14:49:55 UTC] ✅ Logged: Invoice created successfully /backend/public/api/invoices
[15-Nov-2025 14:49:55 UTC] ✅ Logged: Invoices fetched successfully /backend/public/api/invoices
[15-Nov-2025 14:51:20 UTC] ✅ Logged: Invoices fetched successfully /backend/public/api/invoices
[15-Nov-2025 14:52:23 UTC] ✅ Logged: Invoice type is required. /backend/public/api/invoices/705DB8038C8A
[15-Nov-2025 14:52:30 UTC] ✅ Logged: Invoice updated successfully /backend/public/api/invoices/705DB8038C8A
[15-Nov-2025 14:52:30 UTC] ✅ Logged: Invoices fetched successfully /backend/public/api/invoices
[15-Nov-2025 14:53:09 UTC] ✅ Logged: Invoices fetched successfully /backend/public/api/invoices
[15-Nov-2025 14:53:28 UTC] ✅ Logged: Invoice updated successfully /backend/public/api/invoices/F1593C88
[15-Nov-2025 14:53:29 UTC] ✅ Logged: Invoices fetched successfully /backend/public/api/invoices
[15-Nov-2025 14:54:50 UTC] ✅ Logged: Invoices fetched successfully /backend/public/api/invoices
[15-Nov-2025 14:55:32 UTC] ✅ Logged: Invoice updated successfully /backend/public/api/invoices/AAC5244F0FAA
[15-Nov-2025 14:55:33 UTC] ✅ Logged: Invoices fetched successfully /backend/public/api/invoices
[15-Nov-2025 14:55:37 UTC] ✅ Logged: Invoices fetched successfully /backend/public/api/invoices
[15-Nov-2025 15:12:37 UTC] ✅ Logged: Invoices fetched successfully /backend/public/api/invoices
[15-Nov-2025 15:12:38 UTC] ✅ Logged: No invoices found matching the criteria. /backend/public/api/invoices
[15-Nov-2025 15:17:00 UTC] ✅ Logged: Today dashboard stats fetched successfully. /backend/public/api/business/stats
[15-Nov-2025 15:17:03 UTC] ✅ Logged: Invoices fetched successfully /backend/public/api/invoices
[15-Nov-2025 15:17:29 UTC] ✅ Logged: Invoices fetched successfully /backend/public/api/invoices
[15-Nov-2025 15:18:14 UTC] ✅ Logged: Invoice updated successfully /backend/public/api/invoices/568712B24526
[15-Nov-2025 15:18:14 UTC] ✅ Logged: Invoices fetched successfully /backend/public/api/invoices
[15-Nov-2025 15:18:55 UTC] ✅ Logged: Invoice updated successfully /backend/public/api/invoices/A76D2A998797
[15-Nov-2025 15:18:56 UTC] ✅ Logged: Invoices fetched successfully /backend/public/api/invoices
[15-Nov-2025 15:19:34 UTC] ✅ Logged: Invoice updated successfully /backend/public/api/invoices/CE986038EF4F
[15-Nov-2025 15:19:35 UTC] ✅ Logged: Invoices fetched successfully /backend/public/api/invoices
[15-Nov-2025 15:20:18 UTC] ✅ Logged: Invoice updated successfully /backend/public/api/invoices/8425D4B875E4
[15-Nov-2025 15:20:18 UTC] ✅ Logged: Invoices fetched successfully /backend/public/api/invoices
[15-Nov-2025 15:21:04 UTC] ✅ Logged: Invoice updated successfully /backend/public/api/invoices/233AF865FBF0
[15-Nov-2025 15:21:05 UTC] ✅ Logged: Invoices fetched successfully /backend/public/api/invoices
[15-Nov-2025 15:21:09 UTC] ✅ Logged: Invoices fetched successfully /backend/public/api/invoices
[15-Nov-2025 15:21:50 UTC] ✅ Logged: Invoices fetched successfully /backend/public/api/invoices
[15-Nov-2025 15:22:19 UTC] ✅ Logged: Invoice updated successfully /backend/public/api/invoices/497068940FA6
[15-Nov-2025 15:22:21 UTC] ✅ Logged: Invoices fetched successfully /backend/public/api/invoices
[15-Nov-2025 15:22:26 UTC] ✅ Logged: Invoices fetched successfully /backend/public/api/invoices
[15-Nov-2025 15:22:47 UTC] ✅ Logged: Invoices fetched successfully /backend/public/api/invoices
[15-Nov-2025 15:23:29 UTC] ✅ Logged: Invoice updated successfully /backend/public/api/invoices/2C4778780AAE
[15-Nov-2025 15:23:29 UTC] ✅ Logged: Invoices fetched successfully /backend/public/api/invoices
[15-Nov-2025 15:23:53 UTC] ✅ Logged: Invoice updated successfully /backend/public/api/invoices/B1F0E7024BFE
[15-Nov-2025 15:23:53 UTC] ✅ Logged: Invoices fetched successfully /backend/public/api/invoices
[15-Nov-2025 15:23:57 UTC] ✅ Logged: Invoices fetched successfully /backend/public/api/invoices
[15-Nov-2025 15:24:21 UTC] ✅ Logged: Invoices fetched successfully /backend/public/api/invoices
[15-Nov-2025 15:25:04 UTC] ✅ Logged: Invoice updated successfully /backend/public/api/invoices/6C03B2407F97
[15-Nov-2025 15:25:04 UTC] ✅ Logged: Invoices fetched successfully /backend/public/api/invoices
[15-Nov-2025 15:25:33 UTC] ✅ Logged: Invoice updated successfully /backend/public/api/invoices/0B06AC1E751E
[15-Nov-2025 15:25:33 UTC] ✅ Logged: Invoices fetched successfully /backend/public/api/invoices
[15-Nov-2025 15:26:00 UTC] ✅ Logged: Invoice updated successfully /backend/public/api/invoices/67117BE61DAD
[15-Nov-2025 15:26:00 UTC] ✅ Logged: Invoices fetched successfully /backend/public/api/invoices
[15-Nov-2025 15:26:04 UTC] ✅ Logged: Invoices fetched successfully /backend/public/api/invoices
[15-Nov-2025 15:26:08 UTC] ✅ Logged: Invoices fetched successfully /backend/public/api/invoices
[15-Nov-2025 15:26:57 UTC] ✅ Logged: Invoices fetched successfully /backend/public/api/invoices
[15-Nov-2025 15:27:49 UTC] ✅ Logged: Invoice updated successfully /backend/public/api/invoices/680EA9FA1F69
[15-Nov-2025 15:27:49 UTC] ✅ Logged: Invoices fetched successfully /backend/public/api/invoices
[15-Nov-2025 15:27:56 UTC] ✅ Logged: Invoices fetched successfully /backend/public/api/invoices
[15-Nov-2025 15:29:11 UTC] ✅ Logged: Invoice updated successfully /backend/public/api/invoices/DDA64D599B5D
[15-Nov-2025 15:29:11 UTC] ✅ Logged: Invoices fetched successfully /backend/public/api/invoices
[15-Nov-2025 15:30:49 UTC] ✅ Logged: Invoice updated successfully /backend/public/api/invoices/D3D4024F670D
[15-Nov-2025 15:30:49 UTC] ✅ Logged: Invoices fetched successfully /backend/public/api/invoices
[15-Nov-2025 15:32:00 UTC] ✅ Logged: Invoice updated successfully /backend/public/api/invoices/D44DA757262A
[15-Nov-2025 15:32:01 UTC] ✅ Logged: Invoices fetched successfully /backend/public/api/invoices
[15-Nov-2025 15:32:23 UTC] ✅ Logged: Invoices fetched successfully /backend/public/api/invoices
[16-Nov-2025 05:32:36 UTC] ✅ Logged: Login successful /backend/public/api/auth/users/login
[16-Nov-2025 05:32:36 UTC] ✅ Logged: Business data fetched successfully. /backend/public/api/business
[16-Nov-2025 05:32:41 UTC] ✅ Logged: Today dashboard stats fetched successfully. /backend/public/api/business/stats
[16-Nov-2025 05:32:48 UTC] ✅ Logged: Invoices fetched successfully /backend/public/api/invoices
[16-Nov-2025 05:36:38 UTC] ✅ Logged: Invoice updated successfully /backend/public/api/invoices/BF700F01C1E9
[16-Nov-2025 05:36:39 UTC] ✅ Logged: Invoices fetched successfully /backend/public/api/invoices
[16-Nov-2025 05:38:51 UTC] ✅ Logged: Invoice updated successfully /backend/public/api/invoices/F2E599D184C0
[16-Nov-2025 05:38:52 UTC] ✅ Logged: Invoices fetched successfully /backend/public/api/invoices
[16-Nov-2025 05:40:11 UTC] ✅ Logged: Invoice updated successfully /backend/public/api/invoices/D76050144883
[16-Nov-2025 05:40:12 UTC] ✅ Logged: Invoices fetched successfully /backend/public/api/invoices
[16-Nov-2025 05:41:15 UTC] ✅ Logged: Invoice type is required. /backend/public/api/invoices/E2FD6F1E09D9
[16-Nov-2025 05:41:20 UTC] ✅ Logged: Invoice updated successfully /backend/public/api/invoices/E2FD6F1E09D9
[16-Nov-2025 05:41:21 UTC] ✅ Logged: Invoices fetched successfully /backend/public/api/invoices
[16-Nov-2025 05:43:10 UTC] ✅ Logged: Invoice updated successfully /backend/public/api/invoices/1D0B009C52BC
[16-Nov-2025 05:43:10 UTC] ✅ Logged: Invoices fetched successfully /backend/public/api/invoices
[16-Nov-2025 05:44:29 UTC] ✅ Logged: Invoices fetched successfully /backend/public/api/invoices
[16-Nov-2025 05:45:06 UTC] ✅ Logged: Invoice updated successfully /backend/public/api/invoices/A608DDEEFC92
[16-Nov-2025 05:45:06 UTC] ✅ Logged: Invoices fetched successfully /backend/public/api/invoices
[16-Nov-2025 05:48:22 UTC] ✅ Logged: Invoices fetched successfully /backend/public/api/invoices
[16-Nov-2025 05:48:26 UTC] ✅ Logged: Invoices fetched successfully /backend/public/api/invoices
[16-Nov-2025 05:50:15 UTC] ✅ Logged: Invoice updated successfully /backend/public/api/invoices/85A7E2B06A71
[16-Nov-2025 05:50:15 UTC] ✅ Logged: Invoices fetched successfully /backend/public/api/invoices
[16-Nov-2025 05:52:01 UTC] ✅ Logged: Invoice updated successfully /backend/public/api/invoices/975D436247C3
[16-Nov-2025 05:52:01 UTC] ✅ Logged: Invoices fetched successfully /backend/public/api/invoices
[16-Nov-2025 05:53:48 UTC] ✅ Logged: Invoice type is required. /backend/public/api/invoices/FF790BBAACDE
[16-Nov-2025 05:54:02 UTC] ✅ Logged: Invoice updated successfully /backend/public/api/invoices/FF790BBAACDE
[16-Nov-2025 05:54:03 UTC] ✅ Logged: Invoices fetched successfully /backend/public/api/invoices
[17-Nov-2025 07:16:58 UTC] ✅ Logged: Login successful /backend/public/api/auth/users/login
[17-Nov-2025 07:16:58 UTC] ✅ Logged: Business data fetched successfully. /backend/public/api/business
[17-Nov-2025 07:17:02 UTC] ✅ Logged: Today dashboard stats fetched successfully. /backend/public/api/business/stats
[17-Nov-2025 07:17:06 UTC] ✅ Logged: Invoices fetched successfully /backend/public/api/invoices
[17-Nov-2025 07:17:17 UTC] ✅ Logged: Invoices fetched successfully /backend/public/api/invoices
[17-Nov-2025 07:17:21 UTC] ✅ Logged: Invoices fetched successfully /backend/public/api/invoices
[17-Nov-2025 07:18:09 UTC] ✅ Logged: Invoice updated successfully /backend/public/api/invoices/E349C4FA7475
[17-Nov-2025 07:18:10 UTC] ✅ Logged: Invoices fetched successfully /backend/public/api/invoices
[17-Nov-2025 10:06:21 UTC] ✅ Logged: Login successful /backend/public/api/auth/users/login
[17-Nov-2025 10:06:22 UTC] ✅ Logged: Business data fetched successfully. /backend/public/api/business
[17-Nov-2025 10:06:26 UTC] ✅ Logged: Invoices fetched successfully /backend/public/api/invoices
[17-Nov-2025 10:06:30 UTC] ✅ Logged: Invoices fetched successfully /backend/public/api/invoices
[17-Nov-2025 10:06:32 UTC] ✅ Logged: Invoices fetched successfully /backend/public/api/invoices
[17-Nov-2025 11:48:06 UTC] ✅ Logged: Login successful /backend/public/api/auth/users/login
[17-Nov-2025 11:48:06 UTC] ✅ Logged: Business data fetched successfully. /backend/public/api/business
[17-Nov-2025 11:48:09 UTC] ✅ Logged: Today dashboard stats fetched successfully. /backend/public/api/business/stats
[17-Nov-2025 11:48:12 UTC] ✅ Logged: Invoices fetched successfully /backend/public/api/invoices
[17-Nov-2025 11:48:20 UTC] ✅ Logged: Invoices fetched successfully /backend/public/api/invoices
[17-Nov-2025 11:48:21 UTC] ✅ Logged: Invoices fetched successfully /backend/public/api/invoices
[17-Nov-2025 11:49:09 UTC] ✅ Logged: Invoice updated successfully /backend/public/api/invoices/444B1AEF6329
[17-Nov-2025 11:49:09 UTC] ✅ Logged: Invoices fetched successfully /backend/public/api/invoices
[17-Nov-2025 12:51:30 UTC] ✅ Logged: Login successful /backend/public/api/auth/users/login
[17-Nov-2025 12:51:30 UTC] ✅ Logged: Business data fetched successfully. /backend/public/api/business
[17-Nov-2025 12:51:33 UTC] ✅ Logged: Today dashboard stats fetched successfully. /backend/public/api/business/stats
[17-Nov-2025 12:51:35 UTC] ✅ Logged: Invoices fetched successfully /backend/public/api/invoices
[17-Nov-2025 12:51:48 UTC] ✅ Logged: Invoices fetched successfully /backend/public/api/invoices
[17-Nov-2025 12:51:49 UTC] ✅ Logged: No invoices found matching the criteria. /backend/public/api/invoices
[17-Nov-2025 12:52:09 UTC] ✅ Logged: Invoices fetched successfully /backend/public/api/invoices
[17-Nov-2025 12:52:13 UTC] ✅ Logged: Invoices fetched successfully /backend/public/api/invoices
[17-Nov-2025 12:52:15 UTC] ✅ Logged: Invoices fetched successfully /backend/public/api/invoices
[18-Nov-2025 05:13:41 UTC] ✅ Logged: Login successful /backend/public/api/auth/users/login
[18-Nov-2025 05:13:42 UTC] ✅ Logged: Business data fetched successfully. /backend/public/api/business
[18-Nov-2025 05:13:45 UTC] ✅ Logged: Today dashboard stats fetched successfully. /backend/public/api/business/stats
[18-Nov-2025 05:13:50 UTC] ✅ Logged: Invoices fetched successfully /backend/public/api/invoices
[18-Nov-2025 05:15:41 UTC] ✅ Logged: Invoices fetched successfully /backend/public/api/invoices
[18-Nov-2025 05:15:50 UTC] ✅ Logged: Invoices fetched successfully /backend/public/api/invoices
[18-Nov-2025 05:15:50 UTC] ✅ Logged: Invoices fetched successfully /backend/public/api/invoices
[18-Nov-2025 05:15:53 UTC] ✅ Logged: Invoices fetched successfully /backend/public/api/invoices
[18-Nov-2025 05:15:54 UTC] ✅ Logged: Invoices fetched successfully /backend/public/api/invoices
[18-Nov-2025 05:15:54 UTC] ✅ Logged: Invoices fetched successfully /backend/public/api/invoices
[18-Nov-2025 05:15:59 UTC] ✅ Logged: No invoices found matching the criteria. /backend/public/api/invoices
[18-Nov-2025 05:20:35 UTC] ✅ Logged: Invoice created successfully /backend/public/api/invoices
[18-Nov-2025 05:20:35 UTC] ✅ Logged: Invoices fetched successfully /backend/public/api/invoices
[18-Nov-2025 05:20:55 UTC] ✅ Logged: Invoice updated successfully /backend/public/api/invoices/A6870069
[18-Nov-2025 05:20:56 UTC] ✅ Logged: Invoices fetched successfully /backend/public/api/invoices
[18-Nov-2025 05:21:26 UTC] ✅ Logged: Invoices fetched successfully /backend/public/api/invoices
[18-Nov-2025 05:21:50 UTC] ✅ Logged: Invoices fetched successfully /backend/public/api/invoices
[18-Nov-2025 05:21:50 UTC] ✅ Logged: Invoices fetched successfully /backend/public/api/invoices
[18-Nov-2025 05:21:53 UTC] ✅ Logged: Invoices fetched successfully /backend/public/api/invoices
[18-Nov-2025 05:21:53 UTC] ✅ Logged: Invoices fetched successfully /backend/public/api/invoices
[18-Nov-2025 05:21:59 UTC] ✅ Logged: Invoices fetched successfully /backend/public/api/invoices
[18-Nov-2025 05:22:02 UTC] ✅ Logged: No invoices found matching the criteria. /backend/public/api/invoices
[18-Nov-2025 05:22:08 UTC] ✅ Logged: Invoices fetched successfully /backend/public/api/invoices
[18-Nov-2025 05:22:09 UTC] ✅ Logged: Invoices fetched successfully /backend/public/api/invoices
[18-Nov-2025 05:27:07 UTC] ✅ Logged: Invoice created successfully /backend/public/api/invoices
[18-Nov-2025 05:27:07 UTC] ✅ Logged: Invoices fetched successfully /backend/public/api/invoices
[18-Nov-2025 05:27:31 UTC] ✅ Logged: Invoice updated successfully /backend/public/api/invoices/11C105F9
[18-Nov-2025 05:27:31 UTC] ✅ Logged: Invoices fetched successfully /backend/public/api/invoices
[18-Nov-2025 05:54:33 UTC] ✅ Logged: Invoices fetched successfully /backend/public/api/invoices
[18-Nov-2025 07:13:58 UTC] ✅ Logged: Login successful /backend/public/api/auth/users/login
[18-Nov-2025 07:13:59 UTC] ✅ Logged: Business data fetched successfully. /backend/public/api/business
[18-Nov-2025 07:14:04 UTC] ✅ Logged: Invoices fetched successfully /backend/public/api/invoices
[18-Nov-2025 08:57:20 UTC] ✅ Logged: Login successful /backend/public/api/auth/users/login
[18-Nov-2025 08:57:21 UTC] ✅ Logged: Business data fetched successfully. /backend/public/api/business
[18-Nov-2025 08:57:23 UTC] ✅ Logged: Today dashboard stats fetched successfully. /backend/public/api/business/stats
[18-Nov-2025 08:57:26 UTC] ✅ Logged: Invoices fetched successfully /backend/public/api/invoices
[18-Nov-2025 08:58:27 UTC] ✅ Logged: Invoices fetched successfully /backend/public/api/invoices
[18-Nov-2025 08:59:14 UTC] ✅ Logged: Invoices fetched successfully /backend/public/api/invoices
[18-Nov-2025 08:59:25 UTC] ✅ Logged: Invoices fetched successfully /backend/public/api/invoices
[18-Nov-2025 08:59:57 UTC] ✅ Logged: Invoices fetched successfully /backend/public/api/invoices
[18-Nov-2025 09:04:12 UTC] ✅ Logged: Today dashboard stats fetched successfully. /backend/public/api/business/stats
[18-Nov-2025 09:04:14 UTC] ✅ Logged: Invoices fetched successfully /backend/public/api/invoices
[18-Nov-2025 09:04:18 UTC] ✅ Logged: Invoices fetched successfully /backend/public/api/invoices
[18-Nov-2025 09:04:45 UTC] ✅ Logged: Invoices fetched successfully /backend/public/api/invoices
[18-Nov-2025 09:04:52 UTC] ✅ Logged: Invoices fetched successfully /backend/public/api/invoices
[18-Nov-2025 09:06:53 UTC] ✅ Logged: Login successful /backend/public/api/auth/users/login
[18-Nov-2025 09:06:54 UTC] ✅ Logged: Business data fetched successfully. /backend/public/api/business
[18-Nov-2025 09:06:56 UTC] ✅ Logged: Today dashboard stats fetched successfully. /backend/public/api/business/stats
[18-Nov-2025 09:07:01 UTC] ✅ Logged: Invoices fetched successfully /backend/public/api/invoices
[18-Nov-2025 09:07:14 UTC] ✅ Logged: Invoice updated successfully /backend/public/api/invoices/51909202
[18-Nov-2025 09:07:14 UTC] ✅ Logged: Invoices fetched successfully /backend/public/api/invoices
[18-Nov-2025 09:07:19 UTC] ✅ Logged: Invoices fetched successfully /backend/public/api/invoices
[18-Nov-2025 09:07:21 UTC] ✅ Logged: Invoices fetched successfully /backend/public/api/invoices
[18-Nov-2025 09:07:22 UTC] ✅ Logged: Invoices fetched successfully /backend/public/api/invoices
[18-Nov-2025 09:07:27 UTC] ✅ Logged: Invoices fetched successfully /backend/public/api/invoices
[18-Nov-2025 09:07:33 UTC] ✅ Logged: Invoices fetched successfully /backend/public/api/invoices
[19-Nov-2025 04:42:26 UTC] ✅ Logged: Login successful /backend/public/api/auth/users/login
[19-Nov-2025 04:42:26 UTC] ✅ Logged: Business data fetched successfully. /backend/public/api/business
[19-Nov-2025 04:42:29 UTC] ✅ Logged: Today dashboard stats fetched successfully. /backend/public/api/business/stats
[19-Nov-2025 04:42:33 UTC] ✅ Logged: Invoices fetched successfully /backend/public/api/invoices
[19-Nov-2025 04:42:43 UTC] ✅ Logged: Today dashboard stats fetched successfully. /backend/public/api/business/stats
[19-Nov-2025 11:27:13 UTC] ✅ Logged: Login successful /backend/public/api/auth/users/login
[19-Nov-2025 11:27:13 UTC] ✅ Logged: Business data fetched successfully. /backend/public/api/business
[19-Nov-2025 11:27:16 UTC] ✅ Logged: Today dashboard stats fetched successfully. /backend/public/api/business/stats
[19-Nov-2025 11:27:19 UTC] ✅ Logged: Invoices fetched successfully /backend/public/api/invoices
[19-Nov-2025 11:27:25 UTC] ✅ Logged: Invoices fetched successfully /backend/public/api/invoices
[19-Nov-2025 11:27:28 UTC] ✅ Logged: Invoices fetched successfully /backend/public/api/invoices
[19-Nov-2025 11:27:30 UTC] ✅ Logged: Invoices fetched successfully /backend/public/api/invoices
[19-Nov-2025 11:27:31 UTC] ✅ Logged: Invoices fetched successfully /backend/public/api/invoices
[19-Nov-2025 11:27:32 UTC] ✅ Logged: No invoices found matching the criteria. /backend/public/api/invoices
[19-Nov-2025 11:27:38 UTC] ✅ Logged: Invoices fetched successfully /backend/public/api/invoices
[19-Nov-2025 11:27:39 UTC] ✅ Logged: Invoices fetched successfully /backend/public/api/invoices
[19-Nov-2025 11:27:39 UTC] ✅ Logged: Invoices fetched successfully /backend/public/api/invoices
[19-Nov-2025 11:27:44 UTC] ✅ Logged: No invoices found matching the criteria. /backend/public/api/invoices
[19-Nov-2025 11:27:53 UTC] ✅ Logged: Invoices fetched successfully /backend/public/api/invoices
[19-Nov-2025 11:28:06 UTC] ✅ Logged: No invoices found matching the criteria. /backend/public/api/invoices
[19-Nov-2025 11:28:15 UTC] ✅ Logged: Invoices fetched successfully /backend/public/api/invoices
[19-Nov-2025 11:28:20 UTC] ✅ Logged: Invoices fetched successfully /backend/public/api/invoices
[19-Nov-2025 11:37:17 UTC] ✅ Logged: Invoice updated successfully /backend/public/api/invoices/48A21E3B5A3A
[19-Nov-2025 11:37:18 UTC] ✅ Logged: Invoices fetched successfully /backend/public/api/invoices
[19-Nov-2025 11:41:05 UTC] ✅ Logged: Invoice updated successfully /backend/public/api/invoices/5E77D4BD1266
[19-Nov-2025 11:41:05 UTC] ✅ Logged: Invoices fetched successfully /backend/public/api/invoices
[19-Nov-2025 11:56:46 UTC] ✅ Logged: Invoice updated successfully /backend/public/api/invoices/8E81FC63A89D
[19-Nov-2025 11:56:47 UTC] ✅ Logged: Invoices fetched successfully /backend/public/api/invoices
[19-Nov-2025 12:02:43 UTC] ✅ Logged: Invoices fetched successfully /backend/public/api/invoices
[19-Nov-2025 12:03:56 UTC] ✅ Logged: Invoice type is required. /backend/public/api/invoices/B7E04288810B
[19-Nov-2025 12:04:00 UTC] ✅ Logged: Invoice updated successfully /backend/public/api/invoices/B7E04288810B
[19-Nov-2025 12:04:00 UTC] ✅ Logged: Invoices fetched successfully /backend/public/api/invoices
[19-Nov-2025 12:04:04 UTC] ✅ Logged: Invoices fetched successfully /backend/public/api/invoices
[19-Nov-2025 12:04:19 UTC] ✅ Logged: Invoices fetched successfully /backend/public/api/invoices
[19-Nov-2025 12:07:28 UTC] ✅ Logged: Invoices fetched successfully /backend/public/api/invoices
[19-Nov-2025 12:07:31 UTC] ✅ Logged: Invoices fetched successfully /backend/public/api/invoices
[19-Nov-2025 12:07:55 UTC] ✅ Logged: Invoices fetched successfully /backend/public/api/invoices
[19-Nov-2025 12:08:04 UTC] ✅ Logged: Invoices fetched successfully /backend/public/api/invoices
[19-Nov-2025 12:08:05 UTC] ✅ Logged: Invoices fetched successfully /backend/public/api/invoices
[19-Nov-2025 12:08:14 UTC] ✅ Logged: No invoices found matching the criteria. /backend/public/api/invoices
[19-Nov-2025 12:08:23 UTC] ✅ Logged: No invoices found matching the criteria. /backend/public/api/invoices
[19-Nov-2025 12:08:29 UTC] ✅ Logged: Invoices fetched successfully /backend/public/api/invoices
[19-Nov-2025 12:08:48 UTC] ✅ Logged: Invoices fetched successfully /backend/public/api/invoices
[19-Nov-2025 12:08:52 UTC] ✅ Logged: Invoices fetched successfully /backend/public/api/invoices
[19-Nov-2025 12:08:57 UTC] ✅ Logged: Invoices fetched successfully /backend/public/api/invoices
[19-Nov-2025 12:09:02 UTC] ✅ Logged: No invoices found matching the criteria. /backend/public/api/invoices
[19-Nov-2025 12:09:10 UTC] ✅ Logged: Invoices fetched successfully /backend/public/api/invoices
[19-Nov-2025 13:45:37 UTC] ✅ Logged: Login successful /backend/public/api/auth/users/login
[19-Nov-2025 13:45:38 UTC] ✅ Logged: Business data fetched successfully. /backend/public/api/business
[19-Nov-2025 13:45:41 UTC] ✅ Logged: Today dashboard stats fetched successfully. /backend/public/api/business/stats
[19-Nov-2025 13:45:44 UTC] ✅ Logged: Invoices fetched successfully /backend/public/api/invoices
[19-Nov-2025 13:46:24 UTC] ✅ Logged: Invoices fetched successfully /backend/public/api/invoices
[19-Nov-2025 13:46:26 UTC] ✅ Logged: Invoices fetched successfully /backend/public/api/invoices
[19-Nov-2025 13:46:35 UTC] ✅ Logged: Invoices fetched successfully /backend/public/api/invoices
[19-Nov-2025 13:46:39 UTC] ✅ Logged: Invoices fetched successfully /backend/public/api/invoices
[19-Nov-2025 13:57:11 UTC] ✅ Logged: Invoice updated successfully /backend/public/api/invoices/9837AF1C0AF1
[19-Nov-2025 13:57:11 UTC] ✅ Logged: Invoices fetched successfully /backend/public/api/invoices
[19-Nov-2025 14:01:00 UTC] ✅ Logged: Invoice updated successfully /backend/public/api/invoices/4317389755D1
[19-Nov-2025 14:01:00 UTC] ✅ Logged: Invoices fetched successfully /backend/public/api/invoices
[19-Nov-2025 14:02:02 UTC] ✅ Logged: Invoice updated successfully /backend/public/api/invoices/35CDDA782061
[19-Nov-2025 14:02:02 UTC] ✅ Logged: Invoices fetched successfully /backend/public/api/invoices
[19-Nov-2025 14:03:15 UTC] ✅ Logged: Invoice updated successfully /backend/public/api/invoices/38EB82358EF9
[19-Nov-2025 14:03:15 UTC] ✅ Logged: Invoices fetched successfully /backend/public/api/invoices
[19-Nov-2025 14:20:06 UTC] ✅ Logged: Invoice updated successfully /backend/public/api/invoices/F10199ADCFF7
[19-Nov-2025 14:20:06 UTC] ✅ Logged: Invoices fetched successfully /backend/public/api/invoices
[19-Nov-2025 14:20:48 UTC] ✅ Logged: Invoice updated successfully /backend/public/api/invoices/6F0705812D76
[19-Nov-2025 14:20:49 UTC] ✅ Logged: Invoices fetched successfully /backend/public/api/invoices
[19-Nov-2025 14:22:05 UTC] ✅ Logged: Invoices fetched successfully /backend/public/api/invoices
[19-Nov-2025 14:26:29 UTC] ✅ Logged: Invoices fetched successfully /backend/public/api/invoices
[19-Nov-2025 15:05:54 UTC] ✅ Logged: Login successful /backend/public/api/auth/users/login
[19-Nov-2025 15:05:54 UTC] ✅ Logged: Business data fetched successfully. /backend/public/api/business
[19-Nov-2025 15:06:38 UTC] ✅ Logged: Today dashboard stats fetched successfully. /backend/public/api/business/stats
[19-Nov-2025 15:06:41 UTC] ✅ Logged: Invoices fetched successfully /backend/public/api/invoices
[19-Nov-2025 15:07:40 UTC] ✅ Logged: Invoice updated successfully /backend/public/api/invoices/F467B5965B59
[19-Nov-2025 15:07:41 UTC] ✅ Logged: Invoices fetched successfully /backend/public/api/invoices
[19-Nov-2025 15:08:15 UTC] ✅ Logged: Invoice updated successfully /backend/public/api/invoices/326C8E77F1CB
[19-Nov-2025 15:08:15 UTC] ✅ Logged: Invoices fetched successfully /backend/public/api/invoices
[19-Nov-2025 15:09:50 UTC] ✅ Logged: Invoices fetched successfully /backend/public/api/invoices
[19-Nov-2025 15:10:12 UTC] ✅ Logged: Invoice updated successfully /backend/public/api/invoices/CF5CCC776F03
[19-Nov-2025 15:10:12 UTC] ✅ Logged: Invoices fetched successfully /backend/public/api/invoices
[19-Nov-2025 15:10:19 UTC] ✅ Logged: Invoices fetched successfully /backend/public/api/invoices
[19-Nov-2025 15:14:13 UTC] ✅ Logged: Invoice updated successfully /backend/public/api/invoices/DFF89C5DC13E
[19-Nov-2025 15:14:13 UTC] ✅ Logged: Invoices fetched successfully /backend/public/api/invoices
[19-Nov-2025 15:16:00 UTC] ✅ Logged: Invoices fetched successfully /backend/public/api/invoices
[19-Nov-2025 15:16:34 UTC] ✅ Logged: Invoice updated successfully /backend/public/api/invoices/E2ECFB670A5B
[19-Nov-2025 15:16:34 UTC] ✅ Logged: Invoices fetched successfully /backend/public/api/invoices
[19-Nov-2025 15:17:33 UTC] ✅ Logged: Invoice updated successfully /backend/public/api/invoices/952774A78526
[19-Nov-2025 15:17:34 UTC] ✅ Logged: Invoices fetched successfully /backend/public/api/invoices
[19-Nov-2025 15:17:38 UTC] ✅ Logged: Invoices fetched successfully /backend/public/api/invoices
[19-Nov-2025 15:18:02 UTC] ✅ Logged: Invoices fetched successfully /backend/public/api/invoices
[19-Nov-2025 15:18:19 UTC] ✅ Logged: Invoice updated successfully /backend/public/api/invoices/8C1B3A2819F2
[19-Nov-2025 15:18:20 UTC] ✅ Logged: Invoices fetched successfully /backend/public/api/invoices
[19-Nov-2025 15:18:23 UTC] ✅ Logged: Invoices fetched successfully /backend/public/api/invoices
[19-Nov-2025 15:18:38 UTC] ✅ Logged: Invoices fetched successfully /backend/public/api/invoices
[19-Nov-2025 15:19:07 UTC] ✅ Logged: Invoice updated successfully /backend/public/api/invoices/109565652967
[19-Nov-2025 15:19:07 UTC] ✅ Logged: Invoices fetched successfully /backend/public/api/invoices
[19-Nov-2025 15:20:18 UTC] ✅ Logged: Invoice updated successfully /backend/public/api/invoices/E8AEDB097375
[19-Nov-2025 15:20:19 UTC] ✅ Logged: Invoices fetched successfully /backend/public/api/invoices
[19-Nov-2025 15:20:24 UTC] ✅ Logged: Invoices fetched successfully /backend/public/api/invoices
[19-Nov-2025 15:20:37 UTC] ✅ Logged: Invoices fetched successfully /backend/public/api/invoices
[19-Nov-2025 15:21:01 UTC] ✅ Logged: Invoice updated successfully /backend/public/api/invoices/907A55A4C905
[19-Nov-2025 15:21:02 UTC] ✅ Logged: Invoices fetched successfully /backend/public/api/invoices
[19-Nov-2025 15:21:05 UTC] ✅ Logged: Invoices fetched successfully /backend/public/api/invoices
[19-Nov-2025 15:27:24 UTC] ✅ Logged: Invoices fetched successfully /backend/public/api/invoices
[19-Nov-2025 15:28:48 UTC] ✅ Logged: Invoice updated successfully /backend/public/api/invoices/9A9EDE115C0E
[19-Nov-2025 15:28:48 UTC] ✅ Logged: Invoices fetched successfully /backend/public/api/invoices
[19-Nov-2025 15:29:20 UTC] ✅ Logged: Invoices fetched successfully /backend/public/api/invoices
[19-Nov-2025 15:30:24 UTC] ✅ Logged: Invoices fetched successfully /backend/public/api/invoices
[19-Nov-2025 15:30:53 UTC] ✅ Logged: Invoice updated successfully /backend/public/api/invoices/2FB2989339A8
[19-Nov-2025 15:30:53 UTC] ✅ Logged: Invoices fetched successfully /backend/public/api/invoices
[19-Nov-2025 15:31:00 UTC] ✅ Logged: Invoices fetched successfully /backend/public/api/invoices
[19-Nov-2025 15:31:17 UTC] ✅ Logged: Invoices fetched successfully /backend/public/api/invoices
[19-Nov-2025 15:32:02 UTC] ✅ Logged: Invoice updated successfully /backend/public/api/invoices/EE25E9E269F9
[19-Nov-2025 15:32:02 UTC] ✅ Logged: Invoices fetched successfully /backend/public/api/invoices
[19-Nov-2025 15:33:04 UTC] ✅ Logged: Invoice updated successfully /backend/public/api/invoices/55D77D4A4D28
[19-Nov-2025 15:33:04 UTC] ✅ Logged: Invoices fetched successfully /backend/public/api/invoices
[19-Nov-2025 15:34:40 UTC] ✅ Logged: Invoice updated successfully /backend/public/api/invoices/EE25E9E269F9
[19-Nov-2025 15:34:40 UTC] ✅ Logged: Invoices fetched successfully /backend/public/api/invoices
[20-Nov-2025 15:26:16 UTC] ✅ Logged: Login successful /backend/public/api/auth/users/login
[20-Nov-2025 15:26:17 UTC] ✅ Logged: Business data fetched successfully. /backend/public/api/business
[20-Nov-2025 15:26:20 UTC] ✅ Logged: Today dashboard stats fetched successfully. /backend/public/api/business/stats
[20-Nov-2025 15:26:22 UTC] ✅ Logged: Invoices fetched successfully /backend/public/api/invoices
[20-Nov-2025 15:26:30 UTC] ✅ Logged: Invoices fetched successfully /backend/public/api/invoices
[21-Nov-2025 11:06:58 UTC] ✅ Logged: Login successful /backend/public/api/auth/users/login
[21-Nov-2025 11:06:59 UTC] ✅ Logged: Business data fetched successfully. /backend/public/api/business
[21-Nov-2025 11:07:01 UTC] ✅ Logged: Today dashboard stats fetched successfully. /backend/public/api/business/stats
[21-Nov-2025 11:07:04 UTC] ✅ Logged: Invoices fetched successfully /backend/public/api/invoices
[21-Nov-2025 11:07:08 UTC] ✅ Logged: Invoices fetched successfully /backend/public/api/invoices
[21-Nov-2025 11:07:12 UTC] ✅ Logged: Invoices fetched successfully /backend/public/api/invoices
[21-Nov-2025 11:07:12 UTC] ✅ Logged: Invoices fetched successfully /backend/public/api/invoices
[21-Nov-2025 12:05:32 UTC] ✅ Logged: Invoice updated successfully /backend/public/api/invoices/6D47959CAF0B
[21-Nov-2025 12:05:33 UTC] ✅ Logged: Invoices fetched successfully /backend/public/api/invoices
[21-Nov-2025 12:08:01 UTC] ✅ Logged: Login successful /backend/public/api/auth/users/login
[21-Nov-2025 12:08:01 UTC] ✅ Logged: Business data fetched successfully. /backend/public/api/business
[21-Nov-2025 12:08:07 UTC] ✅ Logged: Invoices fetched successfully /backend/public/api/invoices
[21-Nov-2025 12:08:12 UTC] ✅ Logged: Invoices fetched successfully /backend/public/api/invoices
[21-Nov-2025 12:08:46 UTC] ✅ Logged: Invoice updated successfully /backend/public/api/invoices/9EDE1FF47F2F
[21-Nov-2025 12:08:46 UTC] ✅ Logged: Invoices fetched successfully /backend/public/api/invoices
[21-Nov-2025 12:09:59 UTC] ✅ Logged: Invoice updated successfully /backend/public/api/invoices/0B0035921515
[21-Nov-2025 12:10:00 UTC] ✅ Logged: Invoices fetched successfully /backend/public/api/invoices
[21-Nov-2025 12:11:13 UTC] ✅ Logged: Invoice updated successfully /backend/public/api/invoices/B384CC0FBDA3
[21-Nov-2025 12:11:13 UTC] ✅ Logged: Invoices fetched successfully /backend/public/api/invoices
[21-Nov-2025 12:11:45 UTC] ✅ Logged: Invoice updated successfully /backend/public/api/invoices/CC8868EE3EF7
[21-Nov-2025 12:11:45 UTC] ✅ Logged: Invoices fetched successfully /backend/public/api/invoices
[21-Nov-2025 12:12:20 UTC] ✅ Logged: Invoice updated successfully /backend/public/api/invoices/B140C78435CA
[21-Nov-2025 12:12:20 UTC] ✅ Logged: Invoices fetched successfully /backend/public/api/invoices
[21-Nov-2025 12:13:48 UTC] ✅ Logged: Invoice updated successfully /backend/public/api/invoices/C404D982C167
[21-Nov-2025 12:13:48 UTC] ✅ Logged: Invoices fetched successfully /backend/public/api/invoices
[21-Nov-2025 12:14:55 UTC] ✅ Logged: Invoice updated successfully /backend/public/api/invoices/0B0035921515
[21-Nov-2025 12:14:55 UTC] ✅ Logged: Invoices fetched successfully /backend/public/api/invoices
[21-Nov-2025 12:16:15 UTC] ✅ Logged: Invoice updated successfully /backend/public/api/invoices/9EDE1FF47F2F
[21-Nov-2025 12:16:15 UTC] ✅ Logged: Invoices fetched successfully /backend/public/api/invoices
[21-Nov-2025 12:17:06 UTC] ✅ Logged: Invoice updated successfully /backend/public/api/invoices/62A3267BF534
[21-Nov-2025 12:17:06 UTC] ✅ Logged: Invoices fetched successfully /backend/public/api/invoices
[21-Nov-2025 12:29:57 UTC] ✅ Logged: Invoices fetched successfully /backend/public/api/invoices
[21-Nov-2025 12:30:05 UTC] ✅ Logged: Invoices fetched successfully /backend/public/api/invoices
[21-Nov-2025 12:30:06 UTC] ✅ Logged: Invoices fetched successfully /backend/public/api/invoices
[21-Nov-2025 12:30:07 UTC] ✅ Logged: Invoices fetched successfully /backend/public/api/invoices
[21-Nov-2025 12:30:49 UTC] ✅ Logged: Invoice updated successfully /backend/public/api/invoices/E313F0FDCE1D
[21-Nov-2025 12:30:50 UTC] ✅ Logged: Invoices fetched successfully /backend/public/api/invoices
[21-Nov-2025 12:31:07 UTC] ✅ Logged: Invoice updated successfully /backend/public/api/invoices/E313F0FDCE1D
[21-Nov-2025 12:31:07 UTC] ✅ Logged: Invoices fetched successfully /backend/public/api/invoices
[21-Nov-2025 12:32:52 UTC] ✅ Logged: Invoice updated successfully /backend/public/api/invoices/F5B042A54455
[21-Nov-2025 12:32:52 UTC] ✅ Logged: Invoices fetched successfully /backend/public/api/invoices
[21-Nov-2025 15:01:02 UTC] ✅ Logged: Login successful /backend/public/api/auth/users/login
[21-Nov-2025 15:01:02 UTC] ✅ Logged: Business data fetched successfully. /backend/public/api/business
[21-Nov-2025 15:01:07 UTC] ✅ Logged: Today dashboard stats fetched successfully. /backend/public/api/business/stats
[21-Nov-2025 15:01:12 UTC] ✅ Logged: Invoices fetched successfully /backend/public/api/invoices
[21-Nov-2025 15:01:20 UTC] ✅ Logged: Invoices fetched successfully /backend/public/api/invoices
[21-Nov-2025 15:01:21 UTC] ✅ Logged: Invoices fetched successfully /backend/public/api/invoices
[21-Nov-2025 16:43:14 UTC] ✅ Logged: Invalid phone or password /backend/public/api/auth/users/login
[21-Nov-2025 16:43:19 UTC] ✅ Logged: Login successful /backend/public/api/auth/users/login
[21-Nov-2025 16:43:21 UTC] ✅ Logged: Business data fetched successfully. /backend/public/api/business
[21-Nov-2025 16:43:32 UTC] ✅ Logged: Today dashboard stats fetched successfully. /backend/public/api/business/stats
[21-Nov-2025 16:44:31 UTC] ✅ Logged: Invoices fetched successfully /backend/public/api/invoices
[21-Nov-2025 16:44:40 UTC] ✅ Logged: User records fetched successfully. /backend/public/api/users
[21-Nov-2025 16:44:47 UTC] ✅ Logged: Invoices fetched successfully /backend/public/api/invoices
[22-Nov-2025 07:11:18 UTC] ✅ Logged: Login successful /backend/public/api/auth/users/login
[22-Nov-2025 07:11:18 UTC] ✅ Logged: Business data fetched successfully. /backend/public/api/business
[22-Nov-2025 07:11:22 UTC] ✅ Logged: Today dashboard stats fetched successfully. /backend/public/api/business/stats
[22-Nov-2025 07:11:28 UTC] ✅ Logged: Invoices fetched successfully /backend/public/api/invoices
[22-Nov-2025 07:11:47 UTC] ✅ Logged: Invoices fetched successfully /backend/public/api/invoices
[22-Nov-2025 07:11:50 UTC] ✅ Logged: Invoices fetched successfully /backend/public/api/invoices
[22-Nov-2025 10:19:21 UTC] ✅ Logged: Login successful /backend/public/api/auth/users/login
[22-Nov-2025 10:19:22 UTC] ✅ Logged: Business data fetched successfully. /backend/public/api/business
[22-Nov-2025 10:19:25 UTC] ✅ Logged: Today dashboard stats fetched successfully. /backend/public/api/business/stats
[22-Nov-2025 10:19:53 UTC] ✅ Logged: Invoices fetched successfully /backend/public/api/invoices
[22-Nov-2025 12:58:14 UTC] ✅ Logged: Login successful /backend/public/api/auth/users/login
[22-Nov-2025 12:58:14 UTC] ✅ Logged: Business data fetched successfully. /backend/public/api/business
[22-Nov-2025 12:58:17 UTC] ✅ Logged: Today dashboard stats fetched successfully. /backend/public/api/business/stats
[22-Nov-2025 12:58:20 UTC] ✅ Logged: Invoices fetched successfully /backend/public/api/invoices
[22-Nov-2025 12:58:29 UTC] ✅ Logged: No invoices found matching the criteria. /backend/public/api/invoices
[22-Nov-2025 12:58:42 UTC] ✅ Logged: Invoices fetched successfully /backend/public/api/invoices
[22-Nov-2025 12:58:46 UTC] ✅ Logged: No invoices found matching the criteria. /backend/public/api/invoices
[22-Nov-2025 12:59:02 UTC] ✅ Logged: Invoices fetched successfully /backend/public/api/invoices
[22-Nov-2025 13:08:47 UTC] ✅ Logged: Invoices fetched successfully /backend/public/api/invoices
[22-Nov-2025 13:09:05 UTC] ✅ Logged: Today dashboard stats fetched successfully. /backend/public/api/business/stats
[22-Nov-2025 13:09:08 UTC] ✅ Logged: Invoices fetched successfully /backend/public/api/invoices
[22-Nov-2025 13:09:38 UTC] ✅ Logged: Invoices fetched successfully /backend/public/api/invoices
[22-Nov-2025 13:09:43 UTC] ✅ Logged: Invoices fetched successfully /backend/public/api/invoices
[22-Nov-2025 13:09:45 UTC] ✅ Logged: Invoices fetched successfully /backend/public/api/invoices
[26-Nov-2025 14:05:45 UTC] ✅ Logged: Login successful /backend/public/api/auth/users/login
[26-Nov-2025 14:05:45 UTC] ✅ Logged: Business data fetched successfully. /backend/public/api/business
[26-Nov-2025 14:05:48 UTC] ✅ Logged: Today dashboard stats fetched successfully. /backend/public/api/business/stats
[26-Nov-2025 14:05:51 UTC] ✅ Logged: Invoices fetched successfully /backend/public/api/invoices
[26-Nov-2025 14:07:36 UTC] ✅ Logged: Invoices fetched successfully /backend/public/api/invoices
[26-Nov-2025 14:07:42 UTC] ✅ Logged: Invoices fetched successfully /backend/public/api/invoices
[26-Nov-2025 14:07:44 UTC] ✅ Logged: Invoices fetched successfully /backend/public/api/invoices
[26-Nov-2025 14:07:45 UTC] ✅ Logged: No invoices found matching the criteria. /backend/public/api/invoices
[26-Nov-2025 14:07:51 UTC] ✅ Logged: Invoices fetched successfully /backend/public/api/invoices
[26-Nov-2025 14:07:52 UTC] ✅ Logged: Invoices fetched successfully /backend/public/api/invoices
[26-Nov-2025 14:07:54 UTC] ✅ Logged: Invoices fetched successfully /backend/public/api/invoices
[26-Nov-2025 14:07:55 UTC] ✅ Logged: Invoices fetched successfully /backend/public/api/invoices
[26-Nov-2025 14:07:57 UTC] ✅ Logged: No invoices found matching the criteria. /backend/public/api/invoices
[26-Nov-2025 14:09:08 UTC] ✅ Logged: Invoices fetched successfully /backend/public/api/invoices
[26-Nov-2025 14:09:09 UTC] ✅ Logged: Invoices fetched successfully /backend/public/api/invoices
[26-Nov-2025 14:09:09 UTC] ✅ Logged: Invoices fetched successfully /backend/public/api/invoices
[26-Nov-2025 14:16:22 UTC] ✅ Logged: Name should be 3-50 characters, alphabetic only. /backend/public/api/invoices
[26-Nov-2025 14:16:27 UTC] ✅ Logged: Name should be 3-50 characters, alphabetic only. /backend/public/api/invoices
[26-Nov-2025 14:16:40 UTC] ✅ Logged: Name should be 3-50 characters, alphabetic only. /backend/public/api/invoices
[26-Nov-2025 14:16:48 UTC] ✅ Logged: Invoice created successfully /backend/public/api/invoices
[26-Nov-2025 14:16:48 UTC] ✅ Logged: Invoices fetched successfully /backend/public/api/invoices
[28-Nov-2025 08:29:25 UTC] ✅ Logged: Login successful /backend/public/api/auth/users/login
[28-Nov-2025 08:29:25 UTC] ✅ Logged: Business data fetched successfully. /backend/public/api/business
[28-Nov-2025 08:29:28 UTC] ✅ Logged: Today dashboard stats fetched successfully. /backend/public/api/business/stats
[28-Nov-2025 08:29:35 UTC] ✅ Logged: Invoices fetched successfully /backend/public/api/invoices
[28-Nov-2025 08:30:03 UTC] ✅ Logged: No invoices found matching the criteria. /backend/public/api/invoices
[28-Nov-2025 08:30:16 UTC] ✅ Logged: Invoices fetched successfully /backend/public/api/invoices
[28-Nov-2025 08:30:19 UTC] ✅ Logged: No invoices found matching the criteria. /backend/public/api/invoices
[28-Nov-2025 08:30:26 UTC] ✅ Logged: Invoices fetched successfully /backend/public/api/invoices
[28-Nov-2025 08:37:20 UTC] ✅ Logged: Today dashboard stats fetched successfully. /backend/public/api/business/stats
[28-Nov-2025 08:37:28 UTC] ✅ Logged: Invoices fetched successfully /backend/public/api/invoices
[28-Nov-2025 08:38:44 UTC] ✅ Logged: Today dashboard stats fetched successfully. /backend/public/api/business/stats
[28-Nov-2025 11:39:58 UTC] ✅ Logged: Login successful /backend/public/api/auth/users/login
[28-Nov-2025 11:39:58 UTC] ✅ Logged: Business data fetched successfully. /backend/public/api/business
[28-Nov-2025 11:40:01 UTC] ✅ Logged: Today dashboard stats fetched successfully. /backend/public/api/business/stats
[28-Nov-2025 11:40:04 UTC] ✅ Logged: Invoices fetched successfully /backend/public/api/invoices
[28-Nov-2025 11:40:41 UTC] ✅ Logged: Invoices fetched successfully /backend/public/api/invoices
[28-Nov-2025 11:40:45 UTC] ✅ Logged: Invoices fetched successfully /backend/public/api/invoices
[28-Nov-2025 11:40:55 UTC] ✅ Logged: Invoices fetched successfully /backend/public/api/invoices
[28-Nov-2025 11:41:02 UTC] ✅ Logged: Invoices fetched successfully /backend/public/api/invoices
[28-Nov-2025 11:41:04 UTC] ✅ Logged: Invoices fetched successfully /backend/public/api/invoices
[28-Nov-2025 14:44:36 UTC] ✅ Logged: Login successful /backend/public/api/auth/users/login
[28-Nov-2025 14:44:37 UTC] ✅ Logged: Business data fetched successfully. /backend/public/api/business
[28-Nov-2025 14:44:40 UTC] ✅ Logged: Today dashboard stats fetched successfully. /backend/public/api/business/stats
[28-Nov-2025 14:45:42 UTC] ✅ Logged: Invoices fetched successfully /backend/public/api/invoices
[28-Nov-2025 14:46:59 UTC] ✅ Logged: Invoices fetched successfully /backend/public/api/invoices
[28-Nov-2025 14:47:04 UTC] ✅ Logged: Invoices fetched successfully /backend/public/api/invoices
[28-Nov-2025 14:47:04 UTC] ✅ Logged: Invoices fetched successfully /backend/public/api/invoices
[28-Nov-2025 14:47:07 UTC] ✅ Logged: Invoices fetched successfully /backend/public/api/invoices
[28-Nov-2025 14:47:08 UTC] ✅ Logged: Invoices fetched successfully /backend/public/api/invoices
[28-Nov-2025 14:47:19 UTC] ✅ Logged: Invoices fetched successfully /backend/public/api/invoices
[28-Nov-2025 14:47:21 UTC] ✅ Logged: Invoices fetched successfully /backend/public/api/invoices
[28-Nov-2025 14:49:54 UTC] ✅ Logged: Invoice created successfully /backend/public/api/invoices
[28-Nov-2025 14:49:54 UTC] ✅ Logged: Invoices fetched successfully /backend/public/api/invoices
[28-Nov-2025 14:51:45 UTC] ✅ Logged: Invoices fetched successfully /backend/public/api/invoices
[28-Nov-2025 14:52:34 UTC] ✅ Logged: Invoice updated successfully /backend/public/api/invoices/EB6F3FFE3250
[28-Nov-2025 14:52:34 UTC] ✅ Logged: Invoices fetched successfully /backend/public/api/invoices
[28-Nov-2025 14:53:08 UTC] ✅ Logged: Invoice updated successfully /backend/public/api/invoices/8F814337F9E2
[28-Nov-2025 14:53:08 UTC] ✅ Logged: Invoices fetched successfully /backend/public/api/invoices
[28-Nov-2025 14:53:14 UTC] ✅ Logged: Invoices fetched successfully /backend/public/api/invoices
[28-Nov-2025 14:53:41 UTC] ✅ Logged: Invoices fetched successfully /backend/public/api/invoices
[28-Nov-2025 14:54:17 UTC] ✅ Logged: Invoice updated successfully /backend/public/api/invoices/0BAA4CC5413E
[28-Nov-2025 14:54:17 UTC] ✅ Logged: Invoices fetched successfully /backend/public/api/invoices
[28-Nov-2025 14:54:28 UTC] ✅ Logged: Invoices fetched successfully /backend/public/api/invoices
[28-Nov-2025 14:54:57 UTC] ✅ Logged: Invoices fetched successfully /backend/public/api/invoices
[28-Nov-2025 14:55:34 UTC] ✅ Logged: Invoice updated successfully /backend/public/api/invoices/4B56AC76D1CF
[28-Nov-2025 14:55:34 UTC] ✅ Logged: Invoices fetched successfully /backend/public/api/invoices
[28-Nov-2025 14:56:36 UTC] ✅ Logged: Invoices fetched successfully /backend/public/api/invoices
[28-Nov-2025 14:57:19 UTC] ✅ Logged: Invoices fetched successfully /backend/public/api/invoices
[28-Nov-2025 14:58:06 UTC] ✅ Logged: Invoice updated successfully /backend/public/api/invoices/3C437D159566
[28-Nov-2025 14:58:06 UTC] ✅ Logged: Invoices fetched successfully /backend/public/api/invoices
[28-Nov-2025 14:58:12 UTC] ✅ Logged: Invoices fetched successfully /backend/public/api/invoices
[28-Nov-2025 15:01:13 UTC] ✅ Logged: Invoice updated successfully /backend/public/api/invoices/CF5CCC776F03
[28-Nov-2025 15:01:13 UTC] ✅ Logged: Invoices fetched successfully /backend/public/api/invoices
[28-Nov-2025 15:01:40 UTC] ✅ Logged: Invoices fetched successfully /backend/public/api/invoices
[28-Nov-2025 15:01:49 UTC] ✅ Logged: Invoice updated successfully /backend/public/api/invoices/EB6F3FFE3250
[28-Nov-2025 15:01:49 UTC] ✅ Logged: Invoices fetched successfully /backend/public/api/invoices
[28-Nov-2025 15:01:59 UTC] ✅ Logged: Invoice updated successfully /backend/public/api/invoices/8F814337F9E2
[28-Nov-2025 15:01:59 UTC] ✅ Logged: Invoices fetched successfully /backend/public/api/invoices
[28-Nov-2025 15:02:15 UTC] ✅ Logged: Invoices fetched successfully /backend/public/api/invoices
[28-Nov-2025 15:03:01 UTC] ✅ Logged: Invoice updated successfully /backend/public/api/invoices/B7E04288810B
[28-Nov-2025 15:03:01 UTC] ✅ Logged: Invoices fetched successfully /backend/public/api/invoices
[28-Nov-2025 15:03:29 UTC] ✅ Logged: Invoice updated successfully /backend/public/api/invoices/0BAA4CC5413E
[28-Nov-2025 15:03:29 UTC] ✅ Logged: Invoices fetched successfully /backend/public/api/invoices
[28-Nov-2025 15:04:42 UTC] ✅ Logged: Invoice updated successfully /backend/public/api/invoices/4B56AC76D1CF
[28-Nov-2025 15:04:42 UTC] ✅ Logged: Invoices fetched successfully /backend/public/api/invoices
[28-Nov-2025 15:05:32 UTC] ✅ Logged: Invoice updated successfully /backend/public/api/invoices/3C437D159566
[28-Nov-2025 15:05:33 UTC] ✅ Logged: Invoices fetched successfully /backend/public/api/invoices
[28-Nov-2025 15:05:59 UTC] ✅ Logged: Invoices fetched successfully /backend/public/api/invoices
[28-Nov-2025 15:07:26 UTC] ✅ Logged: Invoice updated successfully /backend/public/api/invoices/332931AC3F53
[28-Nov-2025 15:07:26 UTC] ✅ Logged: Invoices fetched successfully /backend/public/api/invoices
[28-Nov-2025 15:07:33 UTC] ✅ Logged: Invoices fetched successfully /backend/public/api/invoices
[28-Nov-2025 15:09:35 UTC] ✅ Logged: Invoices fetched successfully /backend/public/api/invoices
[28-Nov-2025 15:09:52 UTC] ✅ Logged: Invoice updated successfully /backend/public/api/invoices/AB01B8E270C5
[28-Nov-2025 15:09:53 UTC] ✅ Logged: Invoices fetched successfully /backend/public/api/invoices
[28-Nov-2025 15:09:58 UTC] ✅ Logged: Invoices fetched successfully /backend/public/api/invoices
[28-Nov-2025 15:10:28 UTC] ✅ Logged: Invoices fetched successfully /backend/public/api/invoices
[28-Nov-2025 15:11:48 UTC] ✅ Logged: Invoice updated successfully /backend/public/api/invoices/39CFC0D9990D
[28-Nov-2025 15:11:48 UTC] ✅ Logged: Invoices fetched successfully /backend/public/api/invoices
[28-Nov-2025 15:11:52 UTC] ✅ Logged: Invoices fetched successfully /backend/public/api/invoices
[28-Nov-2025 15:12:14 UTC] ✅ Logged: Invoices fetched successfully /backend/public/api/invoices
[28-Nov-2025 15:12:56 UTC] ✅ Logged: Invoice updated successfully /backend/public/api/invoices/B15BA130D9B4
[28-Nov-2025 15:12:56 UTC] ✅ Logged: Invoices fetched successfully /backend/public/api/invoices
[28-Nov-2025 15:13:06 UTC] ✅ Logged: Invoices fetched successfully /backend/public/api/invoices
[28-Nov-2025 15:13:28 UTC] ✅ Logged: Invoices fetched successfully /backend/public/api/invoices
[28-Nov-2025 15:13:51 UTC] ✅ Logged: Invoice updated successfully /backend/public/api/invoices/A6E0BA519706
[28-Nov-2025 15:13:51 UTC] ✅ Logged: Invoices fetched successfully /backend/public/api/invoices
[28-Nov-2025 15:13:54 UTC] ✅ Logged: Invoices fetched successfully /backend/public/api/invoices
[28-Nov-2025 15:14:33 UTC] ✅ Logged: Invoices fetched successfully /backend/public/api/invoices
[28-Nov-2025 15:14:54 UTC] ✅ Logged: Invoice updated successfully /backend/public/api/invoices/93FC842082B3
[28-Nov-2025 15:14:54 UTC] ✅ Logged: Invoices fetched successfully /backend/public/api/invoices
[28-Nov-2025 15:15:05 UTC] ✅ Logged: Invoices fetched successfully /backend/public/api/invoices
[28-Nov-2025 15:15:40 UTC] ✅ Logged: Invoice updated successfully /backend/public/api/invoices/102041152523
[28-Nov-2025 15:15:41 UTC] ✅ Logged: Invoices fetched successfully /backend/public/api/invoices
[28-Nov-2025 15:16:27 UTC] ✅ Logged: Invoice updated successfully /backend/public/api/invoices/0555EA9DF421
[28-Nov-2025 15:16:28 UTC] ✅ Logged: Invoices fetched successfully /backend/public/api/invoices
[28-Nov-2025 15:17:23 UTC] ✅ Logged: Invoice updated successfully /backend/public/api/invoices/FCDAEA45A7A8
[28-Nov-2025 15:17:23 UTC] ✅ Logged: Invoices fetched successfully /backend/public/api/invoices
[28-Nov-2025 15:18:13 UTC] ✅ Logged: Invoices fetched successfully /backend/public/api/invoices
[28-Nov-2025 15:19:20 UTC] ✅ Logged: Invoice updated successfully /backend/public/api/invoices/1BEF59B77BF3
[28-Nov-2025 15:19:20 UTC] ✅ Logged: Invoices fetched successfully /backend/public/api/invoices
[28-Nov-2025 15:20:08 UTC] ✅ Logged: Invoices fetched successfully /backend/public/api/invoices
[28-Nov-2025 15:20:41 UTC] ✅ Logged: Invoices fetched successfully /backend/public/api/invoices
[28-Nov-2025 15:21:11 UTC] ✅ Logged: Invoice updated successfully /backend/public/api/invoices/A17689397B19
[28-Nov-2025 15:21:11 UTC] ✅ Logged: Invoices fetched successfully /backend/public/api/invoices
[28-Nov-2025 15:21:33 UTC] ✅ Logged: Invoice updated successfully /backend/public/api/invoices/233D1CFD4926
[28-Nov-2025 15:21:33 UTC] ✅ Logged: Invoices fetched successfully /backend/public/api/invoices
[28-Nov-2025 15:21:47 UTC] ✅ Logged: Invoices fetched successfully /backend/public/api/invoices
[28-Nov-2025 15:22:12 UTC] ✅ Logged: Invoices fetched successfully /backend/public/api/invoices
[28-Nov-2025 15:22:51 UTC] ✅ Logged: Invoice updated successfully /backend/public/api/invoices/ED5F29DC94F9
[28-Nov-2025 15:22:51 UTC] ✅ Logged: Invoices fetched successfully /backend/public/api/invoices
[28-Nov-2025 15:23:18 UTC] ✅ Logged: Invoice updated successfully /backend/public/api/invoices/B97E021BA1DB
[28-Nov-2025 15:23:18 UTC] ✅ Logged: Invoices fetched successfully /backend/public/api/invoices
[28-Nov-2025 15:23:38 UTC] ✅ Logged: Invoices fetched successfully /backend/public/api/invoices
[28-Nov-2025 15:24:56 UTC] ✅ Logged: Invoices fetched successfully /backend/public/api/invoices
[28-Nov-2025 15:25:33 UTC] ✅ Logged: Invoice updated successfully /backend/public/api/invoices/0598E9E65811
[28-Nov-2025 15:25:34 UTC] ✅ Logged: Invoices fetched successfully /backend/public/api/invoices
[28-Nov-2025 15:26:26 UTC] ✅ Logged: Invoice updated successfully /backend/public/api/invoices/464AAE055162
[28-Nov-2025 15:26:26 UTC] ✅ Logged: Invoices fetched successfully /backend/public/api/invoices
[28-Nov-2025 15:26:32 UTC] ✅ Logged: Invoices fetched successfully /backend/public/api/invoices
[28-Nov-2025 15:26:54 UTC] ✅ Logged: Invoices fetched successfully /backend/public/api/invoices
[28-Nov-2025 15:27:25 UTC] ✅ Logged: Invoice updated successfully /backend/public/api/invoices/8DD053569C52
[28-Nov-2025 15:27:25 UTC] ✅ Logged: Invoices fetched successfully /backend/public/api/invoices
[28-Nov-2025 15:27:42 UTC] ✅ Logged: Invoices fetched successfully /backend/public/api/invoices
[28-Nov-2025 15:28:00 UTC] ✅ Logged: Invoices fetched successfully /backend/public/api/invoices
[28-Nov-2025 15:28:26 UTC] ✅ Logged: Invoice updated successfully /backend/public/api/invoices/33B566119C62
[28-Nov-2025 15:28:26 UTC] ✅ Logged: Invoices fetched successfully /backend/public/api/invoices
[28-Nov-2025 15:28:30 UTC] ✅ Logged: Invoices fetched successfully /backend/public/api/invoices
[28-Nov-2025 15:33:47 UTC] ✅ Logged: Invoice updated successfully /backend/public/api/invoices/EF5C08C54B20
[28-Nov-2025 15:33:47 UTC] ✅ Logged: Invoices fetched successfully /backend/public/api/invoices
[28-Nov-2025 15:33:52 UTC] ✅ Logged: Invoices fetched successfully /backend/public/api/invoices
[28-Nov-2025 15:35:52 UTC] ✅ Logged: Invoice updated successfully /backend/public/api/invoices/6D99BA898FA5
[28-Nov-2025 15:35:52 UTC] ✅ Logged: Invoices fetched successfully /backend/public/api/invoices
[28-Nov-2025 15:38:59 UTC] ✅ Logged: Invoices fetched successfully /backend/public/api/invoices
[28-Nov-2025 15:39:36 UTC] ✅ Logged: Invoice updated successfully /backend/public/api/invoices/BF700F01C1E9
[28-Nov-2025 15:39:36 UTC] ✅ Logged: Invoices fetched successfully /backend/public/api/invoices
[28-Nov-2025 15:39:42 UTC] ✅ Logged: Invoices fetched successfully /backend/public/api/invoices
[28-Nov-2025 15:40:15 UTC] ✅ Logged: Invoices fetched successfully /backend/public/api/invoices
[28-Nov-2025 15:40:57 UTC] ✅ Logged: Invoice updated successfully /backend/public/api/invoices/D4F656800D6B
[28-Nov-2025 15:40:57 UTC] ✅ Logged: Invoices fetched successfully /backend/public/api/invoices
[28-Nov-2025 15:41:03 UTC] ✅ Logged: Invoices fetched successfully /backend/public/api/invoices
[28-Nov-2025 15:41:22 UTC] ✅ Logged: Invoices fetched successfully /backend/public/api/invoices
[28-Nov-2025 15:41:55 UTC] ✅ Logged: Invoice updated successfully /backend/public/api/invoices/CE1C6AB99D86
[28-Nov-2025 15:41:55 UTC] ✅ Logged: Invoices fetched successfully /backend/public/api/invoices
[28-Nov-2025 15:42:04 UTC] ✅ Logged: Invoices fetched successfully /backend/public/api/invoices
[28-Nov-2025 15:42:31 UTC] ✅ Logged: Invoices fetched successfully /backend/public/api/invoices
[28-Nov-2025 15:43:06 UTC] ✅ Logged: Invoice updated successfully /backend/public/api/invoices/8B3276E76C6E
[28-Nov-2025 15:43:07 UTC] ✅ Logged: Invoices fetched successfully /backend/public/api/invoices
[28-Nov-2025 15:43:11 UTC] ✅ Logged: Invoices fetched successfully /backend/public/api/invoices
[28-Nov-2025 15:43:39 UTC] ✅ Logged: Invoices fetched successfully /backend/public/api/invoices
[28-Nov-2025 15:44:50 UTC] ✅ Logged: Login successful /backend/public/api/auth/users/login
[28-Nov-2025 15:44:51 UTC] ✅ Logged: Business data fetched successfully. /backend/public/api/business
[29-Nov-2025 07:10:32 UTC] ✅ Logged: Login successful /backend/public/api/auth/users/login
[29-Nov-2025 07:10:32 UTC] ✅ Logged: Business data fetched successfully. /backend/public/api/business
[29-Nov-2025 07:10:36 UTC] ✅ Logged: Today dashboard stats fetched successfully. /backend/public/api/business/stats
[29-Nov-2025 07:10:40 UTC] ✅ Logged: Invoices fetched successfully /backend/public/api/invoices
[29-Nov-2025 07:10:45 UTC] ✅ Logged: Invoices fetched successfully /backend/public/api/invoices
[29-Nov-2025 07:10:46 UTC] ✅ Logged: Invoices fetched successfully /backend/public/api/invoices
[29-Nov-2025 07:10:47 UTC] ✅ Logged: Invoices fetched successfully /backend/public/api/invoices
[29-Nov-2025 07:13:35 UTC] ✅ Logged: Invoice updated successfully /backend/public/api/invoices/9A9FD04CF660
[29-Nov-2025 07:13:35 UTC] ✅ Logged: Invoices fetched successfully /backend/public/api/invoices
[29-Nov-2025 07:14:25 UTC] ✅ Logged: Invoice updated successfully /backend/public/api/invoices/9EF5C123C16C
[29-Nov-2025 07:14:25 UTC] ✅ Logged: Invoices fetched successfully /backend/public/api/invoices
[29-Nov-2025 07:15:44 UTC] ✅ Logged: Invoice updated successfully /backend/public/api/invoices/5937B498A97A
[29-Nov-2025 07:15:44 UTC] ✅ Logged: Invoices fetched successfully /backend/public/api/invoices
[29-Nov-2025 07:15:52 UTC] ✅ Logged: Invoices fetched successfully /backend/public/api/invoices
[29-Nov-2025 13:32:27 UTC] ✅ Logged: Login successful /backend/public/api/auth/users/login
[29-Nov-2025 13:32:27 UTC] ✅ Logged: Business data fetched successfully. /backend/public/api/business
[29-Nov-2025 13:32:30 UTC] ✅ Logged: Today dashboard stats fetched successfully. /backend/public/api/business/stats
[29-Nov-2025 13:32:34 UTC] ✅ Logged: Invoices fetched successfully /backend/public/api/invoices
[29-Nov-2025 13:39:17 UTC] ✅ Logged: Invoice updated successfully /backend/public/api/invoices/C3F61F0772DA
[29-Nov-2025 13:39:17 UTC] ✅ Logged: Invoices fetched successfully /backend/public/api/invoices
[29-Nov-2025 13:40:31 UTC] ✅ Logged: Invoices fetched successfully /backend/public/api/invoices
[29-Nov-2025 13:42:46 UTC] ✅ Logged: Invoices fetched successfully /backend/public/api/invoices
[29-Nov-2025 13:43:58 UTC] ✅ Logged: Invoice updated successfully /backend/public/api/invoices/9A75A6BC0BC2
[29-Nov-2025 13:43:58 UTC] ✅ Logged: Invoices fetched successfully /backend/public/api/invoices
[29-Nov-2025 13:44:04 UTC] ✅ Logged: Invoices fetched successfully /backend/public/api/invoices
[29-Nov-2025 13:44:49 UTC] ✅ Logged: Invoices fetched successfully /backend/public/api/invoices
[29-Nov-2025 13:45:57 UTC] ✅ Logged: Invoice updated successfully /backend/public/api/invoices/DB86305F913B
[29-Nov-2025 13:45:57 UTC] ✅ Logged: Invoices fetched successfully /backend/public/api/invoices
[29-Nov-2025 13:47:29 UTC] ✅ Logged: Invoice updated successfully /backend/public/api/invoices/73A6E3E3D649
[29-Nov-2025 13:47:29 UTC] ✅ Logged: Invoices fetched successfully /backend/public/api/invoices
[29-Nov-2025 13:48:00 UTC] ✅ Logged: Invoices fetched successfully /backend/public/api/invoices
[29-Nov-2025 13:49:08 UTC] ✅ Logged: Invoices fetched successfully /backend/public/api/invoices
[29-Nov-2025 13:50:05 UTC] ✅ Logged: Invoice updated successfully /backend/public/api/invoices/9E8C00B38A2C
[29-Nov-2025 13:50:06 UTC] ✅ Logged: Invoices fetched successfully /backend/public/api/invoices
[29-Nov-2025 13:50:13 UTC] ✅ Logged: Invoices fetched successfully /backend/public/api/invoices
[29-Nov-2025 13:50:36 UTC] ✅ Logged: Invoices fetched successfully /backend/public/api/invoices
[29-Nov-2025 13:51:37 UTC] ✅ Logged: Invoice updated successfully /backend/public/api/invoices/1AF3F39E65BE
[29-Nov-2025 13:51:38 UTC] ✅ Logged: Invoices fetched successfully /backend/public/api/invoices
[29-Nov-2025 13:52:29 UTC] ✅ Logged: Invoice updated successfully /backend/public/api/invoices/CBC6408DBA2D
[29-Nov-2025 13:52:29 UTC] ✅ Logged: Invoices fetched successfully /backend/public/api/invoices
[29-Nov-2025 13:53:00 UTC] ✅ Logged: Invoice updated successfully /backend/public/api/invoices/E0867E4DEB51
[29-Nov-2025 13:53:00 UTC] ✅ Logged: Invoices fetched successfully /backend/public/api/invoices
[29-Nov-2025 13:53:17 UTC] ✅ Logged: Invoices fetched successfully /backend/public/api/invoices
[29-Nov-2025 13:53:57 UTC] ✅ Logged: Invoices fetched successfully /backend/public/api/invoices
[29-Nov-2025 13:54:39 UTC] ✅ Logged: Invoice updated successfully /backend/public/api/invoices/411EB270A528
[29-Nov-2025 13:54:39 UTC] ✅ Logged: Invoices fetched successfully /backend/public/api/invoices
[29-Nov-2025 13:54:43 UTC] ✅ Logged: Invoices fetched successfully /backend/public/api/invoices
[29-Nov-2025 13:54:48 UTC] ✅ Logged: Invoices fetched successfully /backend/public/api/invoices
[29-Nov-2025 13:56:22 UTC] ✅ Logged: Invoices fetched successfully /backend/public/api/invoices
[29-Nov-2025 13:58:23 UTC] ✅ Logged: Invoice updated successfully /backend/public/api/invoices/7057E2F66C73
[29-Nov-2025 13:58:23 UTC] ✅ Logged: Invoices fetched successfully /backend/public/api/invoices
[29-Nov-2025 13:59:25 UTC] ✅ Logged: Invoice updated successfully /backend/public/api/invoices/D10D798CA06D
[29-Nov-2025 13:59:25 UTC] ✅ Logged: Invoices fetched successfully /backend/public/api/invoices
[29-Nov-2025 13:59:34 UTC] ✅ Logged: Invoices fetched successfully /backend/public/api/invoices
[29-Nov-2025 14:00:06 UTC] ✅ Logged: Invoices fetched successfully /backend/public/api/invoices
[29-Nov-2025 14:00:56 UTC] ✅ Logged: Invoice updated successfully /backend/public/api/invoices/06AD168148E3
[29-Nov-2025 14:00:56 UTC] ✅ Logged: Invoices fetched successfully /backend/public/api/invoices
[29-Nov-2025 14:01:01 UTC] ✅ Logged: Invoices fetched successfully /backend/public/api/invoices
[29-Nov-2025 14:01:27 UTC] ✅ Logged: Invoices fetched successfully /backend/public/api/invoices
[29-Nov-2025 14:01:53 UTC] ✅ Logged: Invoice updated successfully /backend/public/api/invoices/987DF34B357A
[29-Nov-2025 14:01:53 UTC] ✅ Logged: Invoices fetched successfully /backend/public/api/invoices
[29-Nov-2025 14:01:59 UTC] ✅ Logged: Invoices fetched successfully /backend/public/api/invoices
[29-Nov-2025 14:03:31 UTC] ✅ Logged: Invoice updated successfully /backend/public/api/invoices/66F1AEDE1250
[29-Nov-2025 14:03:31 UTC] ✅ Logged: Invoices fetched successfully /backend/public/api/invoices
[29-Nov-2025 14:04:05 UTC] ✅ Logged: Invoices fetched successfully /backend/public/api/invoices
[29-Nov-2025 14:04:38 UTC] ✅ Logged: Invoice updated successfully /backend/public/api/invoices/569A2640591C
[29-Nov-2025 14:04:39 UTC] ✅ Logged: Invoices fetched successfully /backend/public/api/invoices
[29-Nov-2025 14:04:44 UTC] ✅ Logged: Invoices fetched successfully /backend/public/api/invoices
[29-Nov-2025 14:05:25 UTC] ✅ Logged: Invoices fetched successfully /backend/public/api/invoices
[29-Nov-2025 14:05:50 UTC] ✅ Logged: Invoice updated successfully /backend/public/api/invoices/2C3B9A833690
[29-Nov-2025 14:05:50 UTC] ✅ Logged: Invoices fetched successfully /backend/public/api/invoices
[29-Nov-2025 14:05:54 UTC] ✅ Logged: Invoices fetched successfully /backend/public/api/invoices
[29-Nov-2025 14:06:21 UTC] ✅ Logged: Invoices fetched successfully /backend/public/api/invoices
[29-Nov-2025 14:06:55 UTC] ✅ Logged: Invoice updated successfully /backend/public/api/invoices/FD020A0F3AF1
[29-Nov-2025 14:06:55 UTC] ✅ Logged: Invoices fetched successfully /backend/public/api/invoices
[29-Nov-2025 14:06:59 UTC] ✅ Logged: Invoices fetched successfully /backend/public/api/invoices
[01-Dec-2025 05:37:06 UTC] ✅ Logged: Login successful /backend/public/api/auth/users/login
[01-Dec-2025 05:37:06 UTC] ✅ Logged: Business data fetched successfully. /backend/public/api/business
[01-Dec-2025 05:37:09 UTC] ✅ Logged: Today dashboard stats fetched successfully. /backend/public/api/business/stats
[01-Dec-2025 05:37:17 UTC] ✅ Logged: Invoices fetched successfully /backend/public/api/invoices
[01-Dec-2025 05:37:54 UTC] ✅ Logged: Invoices fetched successfully /backend/public/api/invoices
[01-Dec-2025 05:37:57 UTC] ✅ Logged: Invoices fetched successfully /backend/public/api/invoices
[01-Dec-2025 05:37:58 UTC] ✅ Logged: Invoices fetched successfully /backend/public/api/invoices
[01-Dec-2025 05:46:09 UTC] ✅ Logged: Invoices fetched successfully /backend/public/api/invoices
[01-Dec-2025 05:46:18 UTC] ✅ Logged: Invoices fetched successfully /backend/public/api/invoices
[01-Dec-2025 05:46:20 UTC] ✅ Logged: Invoices fetched successfully /backend/public/api/invoices
[01-Dec-2025 05:46:21 UTC] ✅ Logged: Invoices fetched successfully /backend/public/api/invoices
[01-Dec-2025 13:43:30 UTC] ✅ Logged: Login successful /backend/public/api/auth/users/login
[01-Dec-2025 13:43:30 UTC] ✅ Logged: Business data fetched successfully. /backend/public/api/business
[01-Dec-2025 13:43:33 UTC] ✅ Logged: Today dashboard stats fetched successfully. /backend/public/api/business/stats
[01-Dec-2025 13:43:37 UTC] ✅ Logged: Invoices fetched successfully /backend/public/api/invoices
[01-Dec-2025 13:53:51 UTC] ✅ Logged: Invoices fetched successfully /backend/public/api/invoices
[01-Dec-2025 13:53:54 UTC] ✅ Logged: Invoices fetched successfully /backend/public/api/invoices
[02-Dec-2025 20:51:56 UTC] ✅ Logged: Login successful /backend/public/api/auth/users/login
[02-Dec-2025 20:51:57 UTC] ✅ Logged: Business data fetched successfully. /backend/public/api/business
[02-Dec-2025 20:52:28 UTC] ✅ Logged: Today dashboard stats fetched successfully. /backend/public/api/business/stats
[02-Dec-2025 20:52:39 UTC] ✅ Logged: Invoices fetched successfully /backend/public/api/invoices
[02-Dec-2025 20:53:40 UTC] ✅ Logged: Invoices fetched successfully /backend/public/api/invoices
[02-Dec-2025 20:54:11 UTC] ✅ Logged: Invoices fetched successfully /backend/public/api/invoices
[02-Dec-2025 20:54:21 UTC] ✅ Logged: Activity logs fetched successfully. /backend/public/api/business/activity/logs
[02-Dec-2025 20:54:35 UTC] ✅ Logged: User records fetched successfully. /backend/public/api/users
[03-Dec-2025 05:54:37 UTC] ✅ Logged: Login successful /backend/public/api/auth/users/login
[03-Dec-2025 05:54:38 UTC] ✅ Logged: Business data fetched successfully. /backend/public/api/business
[03-Dec-2025 05:54:46 UTC] ✅ Logged: Today dashboard stats fetched successfully. /backend/public/api/business/stats
[03-Dec-2025 05:55:11 UTC] ✅ Logged: Invoices fetched successfully /backend/public/api/invoices
[03-Dec-2025 05:55:43 UTC] ✅ Logged: Invoices fetched successfully /backend/public/api/invoices
[03-Dec-2025 05:55:45 UTC] ✅ Logged: No invoices found matching the criteria. /backend/public/api/invoices
[03-Dec-2025 05:56:10 UTC] ✅ Logged: Invoices fetched successfully /backend/public/api/invoices
[03-Dec-2025 05:57:52 UTC] ✅ Logged: Invoices fetched successfully /backend/public/api/invoices
[03-Dec-2025 05:58:51 UTC] ✅ Logged: Invoice updated successfully /backend/public/api/invoices/4DCD3529AF8F
[03-Dec-2025 05:58:52 UTC] ✅ Logged: Invoices fetched successfully /backend/public/api/invoices
[03-Dec-2025 06:01:16 UTC] ✅ Logged: Invoice updated successfully /backend/public/api/invoices/B6050E784F77
[03-Dec-2025 06:01:16 UTC] ✅ Logged: Invoices fetched successfully /backend/public/api/invoices
[03-Dec-2025 06:19:35 UTC] ✅ Logged: Today dashboard stats fetched successfully. /backend/public/api/business/stats
[03-Dec-2025 06:20:35 UTC] ✅ Logged: Invoices fetched successfully /backend/public/api/invoices
[03-Dec-2025 06:20:47 UTC] ✅ Logged: Invoices fetched successfully /backend/public/api/invoices
[03-Dec-2025 06:20:50 UTC] ✅ Logged: Invoices fetched successfully /backend/public/api/invoices
[03-Dec-2025 06:20:50 UTC] ✅ Logged: Invoices fetched successfully /backend/public/api/invoices
[03-Dec-2025 06:21:17 UTC] ✅ Logged: Invoice updated successfully /backend/public/api/invoices/593053101CC3
[03-Dec-2025 06:21:18 UTC] ✅ Logged: Invoices fetched successfully /backend/public/api/invoices
[03-Dec-2025 06:21:42 UTC] ✅ Logged: Invoice updated successfully /backend/public/api/invoices/1F2647D8BD94
[03-Dec-2025 06:21:42 UTC] ✅ Logged: Invoices fetched successfully /backend/public/api/invoices
[03-Dec-2025 06:26:35 UTC] ✅ Logged: Invoice updated successfully /backend/public/api/invoices/1F2647D8BD94
[03-Dec-2025 06:26:35 UTC] ✅ Logged: Invoices fetched successfully /backend/public/api/invoices
[03-Dec-2025 06:27:00 UTC] ✅ Logged: Invoices fetched successfully /backend/public/api/invoices
[03-Dec-2025 06:27:06 UTC] ✅ Logged: Invoices fetched successfully /backend/public/api/invoices
[03-Dec-2025 06:41:14 UTC] ✅ Logged: Invoice updated successfully /backend/public/api/invoices/B6050E784F77
[03-Dec-2025 06:41:14 UTC] ✅ Logged: Invoices fetched successfully /backend/public/api/invoices
[03-Dec-2025 09:09:22 UTC] ✅ Logged: Login successful /backend/public/api/auth/users/login
[03-Dec-2025 09:09:22 UTC] ✅ Logged: Business data fetched successfully. /backend/public/api/business
[03-Dec-2025 09:09:25 UTC] ✅ Logged: Today dashboard stats fetched successfully. /backend/public/api/business/stats
[03-Dec-2025 09:09:27 UTC] ✅ Logged: Invoices fetched successfully /backend/public/api/invoices
[03-Dec-2025 09:09:39 UTC] ✅ Logged: Invoices fetched successfully /backend/public/api/invoices
[03-Dec-2025 09:09:42 UTC] ✅ Logged: Invoices fetched successfully /backend/public/api/invoices
[03-Dec-2025 10:25:59 UTC] ✅ Logged: Login successful /backend/public/api/auth/users/login
[03-Dec-2025 10:25:59 UTC] ✅ Logged: Business data fetched successfully. /backend/public/api/business
[03-Dec-2025 10:26:04 UTC] ✅ Logged: Invoices fetched successfully /backend/public/api/invoices
[03-Dec-2025 10:26:09 UTC] ✅ Logged: Invoices fetched successfully /backend/public/api/invoices
[03-Dec-2025 14:31:46 UTC] ✅ Logged: Login successful /backend/public/api/auth/users/login
[03-Dec-2025 14:31:46 UTC] ✅ Logged: Business data fetched successfully. /backend/public/api/business
[03-Dec-2025 14:31:49 UTC] ✅ Logged: Today dashboard stats fetched successfully. /backend/public/api/business/stats
[03-Dec-2025 14:31:51 UTC] ✅ Logged: Invoices fetched successfully /backend/public/api/invoices
[04-Dec-2025 08:20:01 UTC] ✅ Logged: Login successful /backend/public/api/auth/users/login
[04-Dec-2025 08:20:01 UTC] ✅ Logged: Business data fetched successfully. /backend/public/api/business
[04-Dec-2025 08:20:04 UTC] ✅ Logged: Today dashboard stats fetched successfully. /backend/public/api/business/stats
[04-Dec-2025 08:20:09 UTC] ✅ Logged: Invoices fetched successfully /backend/public/api/invoices
[04-Dec-2025 08:20:20 UTC] ✅ Logged: Invoices fetched successfully /backend/public/api/invoices
[04-Dec-2025 08:20:23 UTC] ✅ Logged: Invoices fetched successfully /backend/public/api/invoices
[04-Dec-2025 08:22:20 UTC] ✅ Logged: Invoice updated successfully /backend/public/api/invoices/C8A6B93E78F9
[04-Dec-2025 08:22:20 UTC] ✅ Logged: Invoices fetched successfully /backend/public/api/invoices
[04-Dec-2025 11:20:45 UTC] ✅ Logged: Login successful /backend/public/api/auth/users/login
[04-Dec-2025 11:20:45 UTC] ✅ Logged: Business data fetched successfully. /backend/public/api/business
[04-Dec-2025 11:20:48 UTC] ✅ Logged: Today dashboard stats fetched successfully. /backend/public/api/business/stats
[04-Dec-2025 11:20:51 UTC] ✅ Logged: Invoices fetched successfully /backend/public/api/invoices
[04-Dec-2025 11:21:26 UTC] ✅ Logged: Invoices fetched successfully /backend/public/api/invoices
[04-Dec-2025 11:22:34 UTC] ✅ Logged: Invoices fetched successfully /backend/public/api/invoices
[04-Dec-2025 11:31:33 UTC] ✅ Logged: Today dashboard stats fetched successfully. /backend/public/api/business/stats
[04-Dec-2025 11:31:38 UTC] ✅ Logged: Invoices fetched successfully /backend/public/api/invoices
[04-Dec-2025 11:31:49 UTC] ✅ Logged: Invoices fetched successfully /backend/public/api/invoices
[04-Dec-2025 11:31:51 UTC] ✅ Logged: Invoices fetched successfully /backend/public/api/invoices
[04-Dec-2025 11:31:52 UTC] ✅ Logged: Invoices fetched successfully /backend/public/api/invoices
[04-Dec-2025 11:31:55 UTC] ✅ Logged: Invoices fetched successfully /backend/public/api/invoices
[04-Dec-2025 11:31:55 UTC] ✅ Logged: Invoices fetched successfully /backend/public/api/invoices
[04-Dec-2025 13:48:05 UTC] ✅ Logged: Login successful /backend/public/api/auth/users/login
[04-Dec-2025 13:48:05 UTC] ✅ Logged: Business data fetched successfully. /backend/public/api/business
[04-Dec-2025 13:48:08 UTC] ✅ Logged: Today dashboard stats fetched successfully. /backend/public/api/business/stats
[04-Dec-2025 13:48:14 UTC] ✅ Logged: Invoices fetched successfully /backend/public/api/invoices
[04-Dec-2025 13:48:22 UTC] ✅ Logged: Invoices fetched successfully /backend/public/api/invoices
[04-Dec-2025 13:48:24 UTC] ✅ Logged: Invoices fetched successfully /backend/public/api/invoices
[04-Dec-2025 13:49:00 UTC] ✅ Logged: Invoice updated successfully /backend/public/api/invoices/AF45FFCC0814
[04-Dec-2025 13:49:01 UTC] ✅ Logged: Invoices fetched successfully /backend/public/api/invoices
[05-Dec-2025 10:30:22 UTC] ✅ Logged: Login successful /backend/public/api/auth/users/login
[05-Dec-2025 10:30:22 UTC] ✅ Logged: Business data fetched successfully. /backend/public/api/business
[05-Dec-2025 10:30:25 UTC] ✅ Logged: Today dashboard stats fetched successfully. /backend/public/api/business/stats
[05-Dec-2025 10:30:28 UTC] ✅ Logged: Invoices fetched successfully /backend/public/api/invoices
[05-Dec-2025 10:30:34 UTC] ✅ Logged: Invoices fetched successfully /backend/public/api/invoices
[05-Dec-2025 10:30:38 UTC] ✅ Logged: Invoices fetched successfully /backend/public/api/invoices
[05-Dec-2025 10:30:39 UTC] ✅ Logged: Invoices fetched successfully /backend/public/api/invoices
[05-Dec-2025 10:30:52 UTC] ✅ Logged: Invoices fetched successfully /backend/public/api/invoices
[05-Dec-2025 10:30:57 UTC] ✅ Logged: No invoices found matching the criteria. /backend/public/api/invoices
[05-Dec-2025 10:30:57 UTC] ✅ Logged: No invoices found matching the criteria. /backend/public/api/invoices
[05-Dec-2025 10:31:08 UTC] ✅ Logged: Invoices fetched successfully /backend/public/api/invoices
[05-Dec-2025 10:31:12 UTC] ✅ Logged: Invoices fetched successfully /backend/public/api/invoices
[05-Dec-2025 10:31:31 UTC] ✅ Logged: Invoices fetched successfully /backend/public/api/invoices
[05-Dec-2025 10:31:34 UTC] ✅ Logged: Invoices fetched successfully /backend/public/api/invoices
[05-Dec-2025 10:31:38 UTC] ✅ Logged: No invoices found matching the criteria. /backend/public/api/invoices
[05-Dec-2025 10:31:47 UTC] ✅ Logged: Invoices fetched successfully /backend/public/api/invoices
[05-Dec-2025 10:45:39 UTC] ✅ Logged: Invoices fetched successfully /backend/public/api/invoices
[05-Dec-2025 10:50:19 UTC] ✅ Logged: Invoices fetched successfully /backend/public/api/invoices
[05-Dec-2025 10:50:21 UTC] ✅ Logged: Invoices fetched successfully /backend/public/api/invoices
[05-Dec-2025 10:50:24 UTC] ✅ Logged: Invoices fetched successfully /backend/public/api/invoices
[05-Dec-2025 10:50:59 UTC] ✅ Logged: Invoice updated successfully /backend/public/api/invoices/31C670530291
[05-Dec-2025 10:50:59 UTC] ✅ Logged: Invoices fetched successfully /backend/public/api/invoices
[05-Dec-2025 10:51:07 UTC] ✅ Logged: Invoices fetched successfully /backend/public/api/invoices
[05-Dec-2025 10:53:49 UTC] ✅ Logged: Invoices fetched successfully /backend/public/api/invoices
[05-Dec-2025 10:54:21 UTC] ✅ Logged: Invoice updated successfully /backend/public/api/invoices/D4F656800D6B
[05-Dec-2025 10:54:22 UTC] ✅ Logged: Invoices fetched successfully /backend/public/api/invoices
[05-Dec-2025 10:54:28 UTC] ✅ Logged: Invoices fetched successfully /backend/public/api/invoices
[05-Dec-2025 10:54:50 UTC] ✅ Logged: Invoices fetched successfully /backend/public/api/invoices
[05-Dec-2025 10:55:37 UTC] ✅ Logged: Invoice updated successfully /backend/public/api/invoices/CE1C6AB99D86
[05-Dec-2025 10:55:37 UTC] ✅ Logged: Invoices fetched successfully /backend/public/api/invoices
[05-Dec-2025 10:57:42 UTC] ✅ Logged: Invoices fetched successfully /backend/public/api/invoices
[05-Dec-2025 13:17:04 UTC] ✅ Logged: Login successful /backend/public/api/auth/users/login
[05-Dec-2025 13:17:04 UTC] ✅ Logged: Business data fetched successfully. /backend/public/api/business
[05-Dec-2025 13:17:07 UTC] ✅ Logged: Today dashboard stats fetched successfully. /backend/public/api/business/stats
[05-Dec-2025 13:17:10 UTC] ✅ Logged: Invoices fetched successfully /backend/public/api/invoices
[05-Dec-2025 13:17:19 UTC] ✅ Logged: Invoices fetched successfully /backend/public/api/invoices
[05-Dec-2025 13:17:23 UTC] ✅ Logged: Invoices fetched successfully /backend/public/api/invoices
[05-Dec-2025 13:17:24 UTC] ✅ Logged: Invoices fetched successfully /backend/public/api/invoices
[05-Dec-2025 13:18:18 UTC] ✅ Logged: Invoice updated successfully /backend/public/api/invoices/88E75A333F22
[05-Dec-2025 13:18:18 UTC] ✅ Logged: Invoices fetched successfully /backend/public/api/invoices
[05-Dec-2025 13:37:15 UTC] ✅ Logged: Invoice updated successfully /backend/public/api/invoices/88E75A333F22
[05-Dec-2025 13:37:15 UTC] ✅ Logged: Invoices fetched successfully /backend/public/api/invoices
[05-Dec-2025 14:22:29 UTC] ✅ Logged: Login successful /backend/public/api/auth/users/login
[05-Dec-2025 14:22:29 UTC] ✅ Logged: Business data fetched successfully. /backend/public/api/business
[05-Dec-2025 14:22:32 UTC] ✅ Logged: Today dashboard stats fetched successfully. /backend/public/api/business/stats
[05-Dec-2025 14:22:51 UTC] ✅ Logged: Invoices fetched successfully /backend/public/api/invoices
[05-Dec-2025 14:23:45 UTC] ✅ Logged: Invoices fetched successfully /backend/public/api/invoices
[05-Dec-2025 14:24:33 UTC] ✅ Logged: Invoices fetched successfully /backend/public/api/invoices
[05-Dec-2025 14:25:02 UTC] ✅ Logged: Invoice updated successfully /backend/public/api/invoices/BF700F01C1E9
[05-Dec-2025 14:25:02 UTC] ✅ Logged: Invoices fetched successfully /backend/public/api/invoices
[05-Dec-2025 14:25:13 UTC] ✅ Logged: Invoices fetched successfully /backend/public/api/invoices
[05-Dec-2025 14:26:43 UTC] ✅ Logged: Invoices fetched successfully /backend/public/api/invoices
[05-Dec-2025 14:32:56 UTC] ✅ Logged: Invoice updated successfully /backend/public/api/invoices/8B3276E76C6E
[05-Dec-2025 14:32:56 UTC] ✅ Logged: Invoices fetched successfully /backend/public/api/invoices
[05-Dec-2025 14:33:00 UTC] ✅ Logged: Invoices fetched successfully /backend/public/api/invoices
[05-Dec-2025 14:34:15 UTC] ✅ Logged: Invoices fetched successfully /backend/public/api/invoices
[05-Dec-2025 14:35:03 UTC] ✅ Logged: Invoice updated successfully /backend/public/api/invoices/B47570426204
[05-Dec-2025 14:35:03 UTC] ✅ Logged: Invoices fetched successfully /backend/public/api/invoices
[05-Dec-2025 14:35:47 UTC] ✅ Logged: Invoices fetched successfully /backend/public/api/invoices
[05-Dec-2025 14:37:20 UTC] ✅ Logged: Invoices fetched successfully /backend/public/api/invoices
[05-Dec-2025 14:37:53 UTC] ✅ Logged: Invoice updated successfully /backend/public/api/invoices/B47570426204
[05-Dec-2025 14:37:53 UTC] ✅ Logged: Invoices fetched successfully /backend/public/api/invoices
[05-Dec-2025 14:38:11 UTC] ✅ Logged: Invoices fetched successfully /backend/public/api/invoices
[05-Dec-2025 14:38:23 UTC] ✅ Logged: Invoices fetched successfully /backend/public/api/invoices
[05-Dec-2025 14:38:56 UTC] ✅ Logged: Invoice updated successfully /backend/public/api/invoices/B47570426204
[05-Dec-2025 14:38:56 UTC] ✅ Logged: Invoices fetched successfully /backend/public/api/invoices
[05-Dec-2025 14:39:54 UTC] ✅ Logged: Invoice updated successfully /backend/public/api/invoices/8A7AA532A19C
[05-Dec-2025 14:39:54 UTC] ✅ Logged: Invoices fetched successfully /backend/public/api/invoices
[05-Dec-2025 14:41:33 UTC] ✅ Logged: Invoice updated successfully /backend/public/api/invoices/AE482D09E642
[05-Dec-2025 14:41:34 UTC] ✅ Logged: Invoices fetched successfully /backend/public/api/invoices
[05-Dec-2025 14:42:23 UTC] ✅ Logged: Invoices fetched successfully /backend/public/api/invoices
[05-Dec-2025 14:42:48 UTC] ✅ Logged: Invoice updated successfully /backend/public/api/invoices/91271A8F5E6E
[05-Dec-2025 14:42:48 UTC] ✅ Logged: Invoices fetched successfully /backend/public/api/invoices
[05-Dec-2025 14:43:17 UTC] ✅ Logged: Invoice updated successfully /backend/public/api/invoices/D923157EBFF8
[05-Dec-2025 14:43:17 UTC] ✅ Logged: Invoices fetched successfully /backend/public/api/invoices
[05-Dec-2025 14:43:28 UTC] ✅ Logged: Invoices fetched successfully /backend/public/api/invoices
[05-Dec-2025 14:44:08 UTC] ✅ Logged: Invoice updated successfully /backend/public/api/invoices/8E81FC63A89D
[05-Dec-2025 14:44:08 UTC] ✅ Logged: Invoices fetched successfully /backend/public/api/invoices
[05-Dec-2025 14:55:44 UTC] ✅ Logged: Invoices fetched successfully /backend/public/api/invoices
[05-Dec-2025 14:56:18 UTC] ✅ Logged: Invoice updated successfully /backend/public/api/invoices/D0B9C92C5190
[05-Dec-2025 14:56:18 UTC] ✅ Logged: Invoices fetched successfully /backend/public/api/invoices
[05-Dec-2025 14:56:44 UTC] ✅ Logged: Invoices fetched successfully /backend/public/api/invoices
[05-Dec-2025 14:57:21 UTC] ✅ Logged: Invoices fetched successfully /backend/public/api/invoices
[05-Dec-2025 14:59:13 UTC] ✅ Logged: Invoice updated successfully /backend/public/api/invoices/7DBAF671AF92
[05-Dec-2025 14:59:13 UTC] ✅ Logged: Invoices fetched successfully /backend/public/api/invoices
[05-Dec-2025 14:59:47 UTC] ✅ Logged: Invoice updated successfully /backend/public/api/invoices/E6682C49B1AC
[05-Dec-2025 14:59:47 UTC] ✅ Logged: Invoices fetched successfully /backend/public/api/invoices
[05-Dec-2025 15:01:05 UTC] ✅ Logged: Invoices fetched successfully /backend/public/api/invoices
[05-Dec-2025 15:01:54 UTC] ✅ Logged: Invoices fetched successfully /backend/public/api/invoices
[05-Dec-2025 15:02:34 UTC] ✅ Logged: Invoice updated successfully /backend/public/api/invoices/31559C402597
[05-Dec-2025 15:02:35 UTC] ✅ Logged: Invoices fetched successfully /backend/public/api/invoices
[05-Dec-2025 15:02:39 UTC] ✅ Logged: Invoices fetched successfully /backend/public/api/invoices
[05-Dec-2025 15:03:09 UTC] ✅ Logged: Invoices fetched successfully /backend/public/api/invoices
[05-Dec-2025 15:03:49 UTC] ✅ Logged: Invoice updated successfully /backend/public/api/invoices/C0BDEE34F198
[05-Dec-2025 15:03:49 UTC] ✅ Logged: Invoices fetched successfully /backend/public/api/invoices
[05-Dec-2025 15:04:19 UTC] ✅ Logged: Invoice updated successfully /backend/public/api/invoices/0EFC6E8A7132
[05-Dec-2025 15:04:49 UTC] ✅ Logged: Invoices fetched successfully /backend/public/api/invoices
[05-Dec-2025 15:05:49 UTC] ✅ Logged: Invoice updated successfully /backend/public/api/invoices/0EFC6E8A7132
[05-Dec-2025 15:05:50 UTC] ✅ Logged: Invoices fetched successfully /backend/public/api/invoices
[05-Dec-2025 15:06:10 UTC] ✅ Logged: Invoice updated successfully /backend/public/api/invoices/C53920B18647
[05-Dec-2025 15:06:10 UTC] ✅ Logged: Invoices fetched successfully /backend/public/api/invoices
[05-Dec-2025 15:06:31 UTC] ✅ Logged: Invoice updated successfully /backend/public/api/invoices/C0BDEE34F198
[05-Dec-2025 15:06:32 UTC] ✅ Logged: Invoices fetched successfully /backend/public/api/invoices
[05-Dec-2025 15:06:38 UTC] ✅ Logged: Invoices fetched successfully /backend/public/api/invoices
[05-Dec-2025 15:10:50 UTC] ✅ Logged: Invoice updated successfully /backend/public/api/invoices/D1E08EE4558C
[05-Dec-2025 15:10:50 UTC] ✅ Logged: Invoices fetched successfully /backend/public/api/invoices
[05-Dec-2025 15:11:29 UTC] ✅ Logged: Invoices fetched successfully /backend/public/api/invoices
[05-Dec-2025 15:12:14 UTC] ✅ Logged: Invoice updated successfully /backend/public/api/invoices/A349BC09AFEA
[05-Dec-2025 15:12:14 UTC] ✅ Logged: Invoices fetched successfully /backend/public/api/invoices
[05-Dec-2025 15:12:17 UTC] ✅ Logged: Invoices fetched successfully /backend/public/api/invoices
[05-Dec-2025 15:13:31 UTC] ✅ Logged: Invoices fetched successfully /backend/public/api/invoices
[05-Dec-2025 15:13:52 UTC] ✅ Logged: Invoice updated successfully /backend/public/api/invoices/5E77D4BD1266
[05-Dec-2025 15:13:52 UTC] ✅ Logged: Invoices fetched successfully /backend/public/api/invoices
[05-Dec-2025 15:13:56 UTC] ✅ Logged: Invoices fetched successfully /backend/public/api/invoices
[05-Dec-2025 15:15:29 UTC] ✅ Logged: Invoice updated successfully /backend/public/api/invoices/D923157EBFF8
[05-Dec-2025 15:15:30 UTC] ✅ Logged: Invoices fetched successfully /backend/public/api/invoices
[05-Dec-2025 15:15:36 UTC] ✅ Logged: Invoices fetched successfully /backend/public/api/invoices
[05-Dec-2025 15:20:39 UTC] ✅ Logged: Invoices fetched successfully /backend/public/api/invoices
[05-Dec-2025 15:21:42 UTC] ✅ Logged: Invoice updated successfully /backend/public/api/invoices/F9AE1B09B80F
[05-Dec-2025 15:21:42 UTC] ✅ Logged: Invoices fetched successfully /backend/public/api/invoices
[05-Dec-2025 15:21:54 UTC] ✅ Logged: Invoice updated successfully /backend/public/api/invoices/F9AE1B09B80F
[05-Dec-2025 15:21:54 UTC] ✅ Logged: Invoices fetched successfully /backend/public/api/invoices
[07-Dec-2025 14:24:30 UTC] ✅ Logged: Login successful /backend/public/api/auth/users/login
[07-Dec-2025 14:24:30 UTC] ✅ Logged: Business data fetched successfully. /backend/public/api/business
[07-Dec-2025 14:24:33 UTC] ✅ Logged: Today dashboard stats fetched successfully. /backend/public/api/business/stats
[07-Dec-2025 14:24:36 UTC] ✅ Logged: Invoices fetched successfully /backend/public/api/invoices
[07-Dec-2025 14:24:51 UTC] ✅ Logged: Invoices fetched successfully /backend/public/api/invoices
[07-Dec-2025 14:24:52 UTC] ✅ Logged: Invoices fetched successfully /backend/public/api/invoices
[07-Dec-2025 14:24:54 UTC] ✅ Logged: Invoices fetched successfully /backend/public/api/invoices
[07-Dec-2025 14:25:02 UTC] ✅ Logged: Invoices fetched successfully /backend/public/api/invoices
[07-Dec-2025 14:25:04 UTC] ✅ Logged: Invoices fetched successfully /backend/public/api/invoices
[08-Dec-2025 07:57:12 UTC] ✅ Logged: Login successful /backend/public/api/auth/users/login
[08-Dec-2025 07:57:13 UTC] ✅ Logged: Business data fetched successfully. /backend/public/api/business
[08-Dec-2025 07:57:15 UTC] ✅ Logged: Today dashboard stats fetched successfully. /backend/public/api/business/stats
[08-Dec-2025 07:57:19 UTC] ✅ Logged: Invoices fetched successfully /backend/public/api/invoices
[08-Dec-2025 07:57:45 UTC] ✅ Logged: Invoices fetched successfully /backend/public/api/invoices
[08-Dec-2025 07:57:46 UTC] ✅ Logged: Invoices fetched successfully /backend/public/api/invoices
[08-Dec-2025 07:57:47 UTC] ✅ Logged: No invoices found matching the criteria. /backend/public/api/invoices
[08-Dec-2025 07:58:00 UTC] ✅ Logged: No invoices found matching the criteria. /backend/public/api/invoices
[08-Dec-2025 07:58:10 UTC] ✅ Logged: No invoices found matching the criteria. /backend/public/api/invoices
[08-Dec-2025 07:58:29 UTC] ✅ Logged: Invoices fetched successfully /backend/public/api/invoices
[08-Dec-2025 07:58:38 UTC] ✅ Logged: Invoices fetched successfully /backend/public/api/invoices
[09-Dec-2025 10:37:46 UTC] ✅ Logged: Login successful /backend/public/api/auth/users/login
[09-Dec-2025 10:37:46 UTC] ✅ Logged: Business data fetched successfully. /backend/public/api/business
[09-Dec-2025 10:37:49 UTC] ✅ Logged: Today dashboard stats fetched successfully. /backend/public/api/business/stats
[09-Dec-2025 10:37:53 UTC] ✅ Logged: Invoices fetched successfully /backend/public/api/invoices
[09-Dec-2025 10:38:47 UTC] ✅ Logged: Invoices fetched successfully /backend/public/api/invoices
[09-Dec-2025 10:38:57 UTC] ✅ Logged: Invoices fetched successfully /backend/public/api/invoices
[09-Dec-2025 10:38:58 UTC] ✅ Logged: Invoices fetched successfully /backend/public/api/invoices
[09-Dec-2025 10:38:59 UTC] ✅ Logged: Invoices fetched successfully /backend/public/api/invoices
[09-Dec-2025 10:39:36 UTC] ✅ Logged: Invoices fetched successfully /backend/public/api/invoices
[09-Dec-2025 10:40:25 UTC] ✅ Logged: Invoice updated successfully /backend/public/api/invoices/3713A7BC1404
[09-Dec-2025 10:40:25 UTC] ✅ Logged: Invoices fetched successfully /backend/public/api/invoices
[09-Dec-2025 10:40:30 UTC] ✅ Logged: Invoices fetched successfully /backend/public/api/invoices
[09-Dec-2025 11:07:16 UTC] ✅ Logged: Invoices fetched successfully /backend/public/api/invoices
[09-Dec-2025 11:07:22 UTC] ✅ Logged: Invoices fetched successfully /backend/public/api/invoices
[09-Dec-2025 11:07:23 UTC] ✅ Logged: Invoices fetched successfully /backend/public/api/invoices
[09-Dec-2025 11:07:34 UTC] ✅ Logged: Invoices fetched successfully /backend/public/api/invoices
[09-Dec-2025 11:07:36 UTC] ✅ Logged: Invoices fetched successfully /backend/public/api/invoices
[09-Dec-2025 11:08:22 UTC] ✅ Logged: Invoice updated successfully /backend/public/api/invoices/89FDEA4E3E0D
[09-Dec-2025 11:08:23 UTC] ✅ Logged: Invoices fetched successfully /backend/public/api/invoices
[09-Dec-2025 11:12:39 UTC] ✅ Logged: Invoices fetched successfully /backend/public/api/invoices
[09-Dec-2025 11:12:45 UTC] ✅ Logged: Invoices fetched successfully /backend/public/api/invoices
[09-Dec-2025 11:12:46 UTC] ✅ Logged: Invoices fetched successfully /backend/public/api/invoices
[09-Dec-2025 11:16:43 UTC] ✅ Logged: Invoice updated successfully /backend/public/api/invoices/89FDEA4E3E0D
[09-Dec-2025 11:16:43 UTC] ✅ Logged: Invoices fetched successfully /backend/public/api/invoices
[09-Dec-2025 11:16:50 UTC] ✅ Logged: Invoices fetched successfully /backend/public/api/invoices
[09-Dec-2025 11:17:16 UTC] ✅ Logged: Invoices fetched successfully /backend/public/api/invoices
[09-Dec-2025 11:17:53 UTC] ✅ Logged: Invoice updated successfully /backend/public/api/invoices/907CF2383CBB
[09-Dec-2025 11:17:54 UTC] ✅ Logged: Invoices fetched successfully /backend/public/api/invoices
[09-Dec-2025 11:18:45 UTC] ✅ Logged: Invoice updated successfully /backend/public/api/invoices/CF92D339FA77
[09-Dec-2025 11:18:45 UTC] ✅ Logged: Invoices fetched successfully /backend/public/api/invoices
[09-Dec-2025 11:18:52 UTC] ✅ Logged: Invoices fetched successfully /backend/public/api/invoices
[09-Dec-2025 11:19:17 UTC] ✅ Logged: Invoices fetched successfully /backend/public/api/invoices
[09-Dec-2025 11:20:12 UTC] ✅ Logged: Invoice updated successfully /backend/public/api/invoices/77A6BC00361E
[09-Dec-2025 11:20:13 UTC] ✅ Logged: Invoices fetched successfully /backend/public/api/invoices
[09-Dec-2025 11:23:24 UTC] ✅ Logged: Invoices fetched successfully /backend/public/api/invoices
[09-Dec-2025 11:23:57 UTC] ✅ Logged: Invoices fetched successfully /backend/public/api/invoices
[09-Dec-2025 11:24:29 UTC] ✅ Logged: Invoice updated successfully /backend/public/api/invoices/05AF3987EA56
[09-Dec-2025 11:24:29 UTC] ✅ Logged: Invoices fetched successfully /backend/public/api/invoices
[09-Dec-2025 11:25:35 UTC] ✅ Logged: Invoices fetched successfully /backend/public/api/invoices
[09-Dec-2025 11:27:03 UTC] ✅ Logged: Invoices fetched successfully /backend/public/api/invoices
[09-Dec-2025 11:27:58 UTC] ✅ Logged: Invoice updated successfully /backend/public/api/invoices/436A6DFDAB28
[09-Dec-2025 11:27:58 UTC] ✅ Logged: Invoices fetched successfully /backend/public/api/invoices
[09-Dec-2025 11:28:54 UTC] ✅ Logged: Invoice updated successfully /backend/public/api/invoices/3B7F0B5CBC7F
[09-Dec-2025 11:28:55 UTC] ✅ Logged: Invoices fetched successfully /backend/public/api/invoices
[09-Dec-2025 13:33:53 UTC] ✅ Logged: Login successful /backend/public/api/auth/users/login
[09-Dec-2025 13:33:54 UTC] ✅ Logged: Business data fetched successfully. /backend/public/api/business
[09-Dec-2025 13:33:59 UTC] ✅ Logged: Invoices fetched successfully /backend/public/api/invoices
[09-Dec-2025 13:34:04 UTC] ✅ Logged: Invoices fetched successfully /backend/public/api/invoices
[09-Dec-2025 13:34:26 UTC] ✅ Logged: Invoices fetched successfully /backend/public/api/invoices
[09-Dec-2025 13:35:07 UTC] ✅ Logged: Invoice updated successfully /backend/public/api/invoices/7A8B4E8E0F68
[09-Dec-2025 13:35:08 UTC] ✅ Logged: Invoices fetched successfully /backend/public/api/invoices
[09-Dec-2025 13:35:10 UTC] ✅ Logged: Invoices fetched successfully /backend/public/api/invoices
[09-Dec-2025 13:36:07 UTC] ✅ Logged: Invoices fetched successfully /backend/public/api/invoices
[09-Dec-2025 13:36:52 UTC] ✅ Logged: Invoice updated successfully /backend/public/api/invoices/1497DC47A598
[09-Dec-2025 13:36:53 UTC] ✅ Logged: Invoices fetched successfully /backend/public/api/invoices
[09-Dec-2025 13:37:01 UTC] ✅ Logged: Invoices fetched successfully /backend/public/api/invoices
[09-Dec-2025 13:37:56 UTC] ✅ Logged: Invoice updated successfully /backend/public/api/invoices/A762B1FB7C7D
[09-Dec-2025 13:38:12 UTC] ✅ Logged: Invoices fetched successfully /backend/public/api/invoices
[09-Dec-2025 13:38:49 UTC] ✅ Logged: Invoices fetched successfully /backend/public/api/invoices
[09-Dec-2025 13:39:16 UTC] ✅ Logged: Invoice updated successfully /backend/public/api/invoices/886175FF15FA
[09-Dec-2025 13:39:16 UTC] ✅ Logged: Invoices fetched successfully /backend/public/api/invoices
[09-Dec-2025 13:39:48 UTC] ✅ Logged: Invoice updated successfully /backend/public/api/invoices/A7CACDD58510
[09-Dec-2025 13:39:48 UTC] ✅ Logged: Invoices fetched successfully /backend/public/api/invoices
[09-Dec-2025 13:39:51 UTC] ✅ Logged: Invoices fetched successfully /backend/public/api/invoices
[09-Dec-2025 13:40:34 UTC] ✅ Logged: Invoices fetched successfully /backend/public/api/invoices
[09-Dec-2025 13:41:37 UTC] ✅ Logged: Invoice updated successfully /backend/public/api/invoices/06703DEF336A
[09-Dec-2025 13:41:37 UTC] ✅ Logged: Invoices fetched successfully /backend/public/api/invoices
[09-Dec-2025 13:41:40 UTC] ✅ Logged: Invoices fetched successfully /backend/public/api/invoices
[09-Dec-2025 13:42:52 UTC] ✅ Logged: Invoices fetched successfully /backend/public/api/invoices
[09-Dec-2025 13:43:06 UTC] ✅ Logged: Invoice updated successfully /backend/public/api/invoices/6BB32AF24A9C
[09-Dec-2025 13:43:07 UTC] ✅ Logged: Invoices fetched successfully /backend/public/api/invoices
[09-Dec-2025 13:43:11 UTC] ✅ Logged: Invoices fetched successfully /backend/public/api/invoices
[09-Dec-2025 13:43:50 UTC] ✅ Logged: Invoices fetched successfully /backend/public/api/invoices
[10-Dec-2025 06:24:46 UTC] ✅ Logged: Login successful /backend/public/api/auth/users/login
[10-Dec-2025 06:24:46 UTC] ✅ Logged: Business data fetched successfully. /backend/public/api/business
[10-Dec-2025 06:24:49 UTC] ✅ Logged: Today dashboard stats fetched successfully. /backend/public/api/business/stats
[10-Dec-2025 06:24:55 UTC] ✅ Logged: Invoices fetched successfully /backend/public/api/invoices
[10-Dec-2025 06:26:33 UTC] ✅ Logged: Invoices fetched successfully /backend/public/api/invoices
[10-Dec-2025 06:27:20 UTC] ✅ Logged: Invoice updated successfully /backend/public/api/invoices/A408D10E1F63
[10-Dec-2025 06:27:20 UTC] ✅ Logged: Invoices fetched successfully /backend/public/api/invoices
[10-Dec-2025 06:28:48 UTC] ✅ Logged: Invoice updated successfully /backend/public/api/invoices/F2C71DF4FA5B
[10-Dec-2025 06:28:49 UTC] ✅ Logged: Invoices fetched successfully /backend/public/api/invoices
[10-Dec-2025 06:29:00 UTC] ✅ Logged: Invoices fetched successfully /backend/public/api/invoices
[10-Dec-2025 06:29:17 UTC] ✅ Logged: Invoices fetched successfully /backend/public/api/invoices
[10-Dec-2025 06:30:41 UTC] ✅ Logged: Invoice updated successfully /backend/public/api/invoices/27AF9DE851BA
[10-Dec-2025 06:30:41 UTC] ✅ Logged: Invoices fetched successfully /backend/public/api/invoices
[10-Dec-2025 06:30:53 UTC] ✅ Logged: Invoices fetched successfully /backend/public/api/invoices
[10-Dec-2025 06:31:42 UTC] ✅ Logged: Invoices fetched successfully /backend/public/api/invoices
[10-Dec-2025 06:32:42 UTC] ✅ Logged: Invoice updated successfully /backend/public/api/invoices/AAEBD246374D
[10-Dec-2025 06:32:48 UTC] ✅ Logged: Invoice updated successfully /backend/public/api/invoices/AAEBD246374D
[10-Dec-2025 06:32:48 UTC] ✅ Logged: Invoices fetched successfully /backend/public/api/invoices
[10-Dec-2025 06:32:52 UTC] ✅ Logged: Invoices fetched successfully /backend/public/api/invoices
[10-Dec-2025 06:33:23 UTC] ✅ Logged: Invoices fetched successfully /backend/public/api/invoices
[10-Dec-2025 06:33:41 UTC] ✅ Logged: Invoice updated successfully /backend/public/api/invoices/3D41A5F85C2F
[10-Dec-2025 06:33:41 UTC] ✅ Logged: Invoices fetched successfully /backend/public/api/invoices
[10-Dec-2025 06:34:00 UTC] ✅ Logged: Invoice updated successfully /backend/public/api/invoices/2B3613A2BBE6
[10-Dec-2025 06:34:00 UTC] ✅ Logged: Invoices fetched successfully /backend/public/api/invoices
[10-Dec-2025 06:34:46 UTC] ✅ Logged: Invoices fetched successfully /backend/public/api/invoices
[10-Dec-2025 06:36:13 UTC] ✅ Logged: Invoices fetched successfully /backend/public/api/invoices
[10-Dec-2025 06:38:32 UTC] ✅ Logged: Invoices fetched successfully /backend/public/api/invoices
[10-Dec-2025 06:41:09 UTC] ✅ Logged: Invoice updated successfully /backend/public/api/invoices/2977B4A1D076
[10-Dec-2025 06:41:09 UTC] ✅ Logged: Invoices fetched successfully /backend/public/api/invoices
[10-Dec-2025 06:41:15 UTC] ✅ Logged: Invoices fetched successfully /backend/public/api/invoices
[10-Dec-2025 06:45:20 UTC] ✅ Logged: Invoice updated successfully /backend/public/api/invoices/39A442412150
[10-Dec-2025 06:45:20 UTC] ✅ Logged: Invoices fetched successfully /backend/public/api/invoices
[10-Dec-2025 06:46:11 UTC] ✅ Logged: Invoices fetched successfully /backend/public/api/invoices
[10-Dec-2025 06:47:13 UTC] ✅ Logged: Invoice updated successfully /backend/public/api/invoices/B30E0E83C3DA
[10-Dec-2025 06:47:13 UTC] ✅ Logged: Invoices fetched successfully /backend/public/api/invoices
[10-Dec-2025 06:47:51 UTC] ✅ Logged: Invoice updated successfully /backend/public/api/invoices/83ADC98865BE
[10-Dec-2025 06:47:51 UTC] ✅ Logged: Invoices fetched successfully /backend/public/api/invoices
[10-Dec-2025 06:48:44 UTC] ✅ Logged: Invoices fetched successfully /backend/public/api/invoices
[10-Dec-2025 06:49:19 UTC] ✅ Logged: Invoice updated successfully /backend/public/api/invoices/4AF56AFFCF16
[10-Dec-2025 06:49:19 UTC] ✅ Logged: Invoices fetched successfully /backend/public/api/invoices
[10-Dec-2025 06:49:24 UTC] ✅ Logged: Invoices fetched successfully /backend/public/api/invoices
[10-Dec-2025 06:49:27 UTC] ✅ Logged: Invoices fetched successfully /backend/public/api/invoices
[10-Dec-2025 06:50:42 UTC] ✅ Logged: Invoices fetched successfully /backend/public/api/invoices
[10-Dec-2025 06:51:04 UTC] ✅ Logged: Invoice updated successfully /backend/public/api/invoices/05A791AE1098
[10-Dec-2025 06:51:04 UTC] ✅ Logged: Invoices fetched successfully /backend/public/api/invoices
[10-Dec-2025 06:51:07 UTC] ✅ Logged: Invoices fetched successfully /backend/public/api/invoices
[10-Dec-2025 06:52:08 UTC] ✅ Logged: Invoices fetched successfully /backend/public/api/invoices
[10-Dec-2025 06:52:57 UTC] ✅ Logged: Invoice updated successfully /backend/public/api/invoices/D209047A1B90
[10-Dec-2025 06:52:58 UTC] ✅ Logged: Invoices fetched successfully /backend/public/api/invoices
[10-Dec-2025 06:53:01 UTC] ✅ Logged: Invoices fetched successfully /backend/public/api/invoices
[10-Dec-2025 06:53:46 UTC] ✅ Logged: Invoices fetched successfully /backend/public/api/invoices
[10-Dec-2025 06:54:10 UTC] ✅ Logged: Invoice updated successfully /backend/public/api/invoices/779DB3F64152
[10-Dec-2025 06:54:10 UTC] ✅ Logged: Invoices fetched successfully /backend/public/api/invoices
[10-Dec-2025 06:54:13 UTC] ✅ Logged: Invoices fetched successfully /backend/public/api/invoices
[10-Dec-2025 06:54:51 UTC] ✅ Logged: Invoices fetched successfully /backend/public/api/invoices
[10-Dec-2025 06:55:24 UTC] ✅ Logged: Invoice updated successfully /backend/public/api/invoices/7C8538EA0BAD
[10-Dec-2025 06:55:24 UTC] ✅ Logged: Invoices fetched successfully /backend/public/api/invoices
[10-Dec-2025 06:55:30 UTC] ✅ Logged: Invoices fetched successfully /backend/public/api/invoices
[10-Dec-2025 06:55:59 UTC] ✅ Logged: Invoices fetched successfully /backend/public/api/invoices
[10-Dec-2025 06:56:11 UTC] ✅ Logged: Invoice updated successfully /backend/public/api/invoices/831AD80E756C
[10-Dec-2025 06:56:12 UTC] ✅ Logged: Invoices fetched successfully /backend/public/api/invoices
[10-Dec-2025 06:56:15 UTC] ✅ Logged: Invoices fetched successfully /backend/public/api/invoices
[10-Dec-2025 06:56:37 UTC] ✅ Logged: Invoices fetched successfully /backend/public/api/invoices
[10-Dec-2025 06:57:12 UTC] ✅ Logged: Invoice updated successfully /backend/public/api/invoices/744F2214F0CB
[10-Dec-2025 06:57:12 UTC] ✅ Logged: Invoices fetched successfully /backend/public/api/invoices
[10-Dec-2025 06:57:18 UTC] ✅ Logged: Invoices fetched successfully /backend/public/api/invoices
[10-Dec-2025 06:57:43 UTC] ✅ Logged: Invoices fetched successfully /backend/public/api/invoices
[10-Dec-2025 06:58:12 UTC] ✅ Logged: Invoice updated successfully /backend/public/api/invoices/0A5B6C5BA9B7
[10-Dec-2025 06:58:13 UTC] ✅ Logged: Invoices fetched successfully /backend/public/api/invoices
[10-Dec-2025 06:58:18 UTC] ✅ Logged: Invoices fetched successfully /backend/public/api/invoices
[10-Dec-2025 06:58:46 UTC] ✅ Logged: Invoices fetched successfully /backend/public/api/invoices
[10-Dec-2025 06:59:52 UTC] ✅ Logged: Invoice updated successfully /backend/public/api/invoices/8FD6D9B891E2
[10-Dec-2025 06:59:53 UTC] ✅ Logged: Invoices fetched successfully /backend/public/api/invoices
[10-Dec-2025 06:59:55 UTC] ✅ Logged: Invoices fetched successfully /backend/public/api/invoices
[10-Dec-2025 07:00:02 UTC] ✅ Logged: Invoices fetched successfully /backend/public/api/invoices
[10-Dec-2025 07:00:34 UTC] ✅ Logged: Invoices fetched successfully /backend/public/api/invoices
[10-Dec-2025 07:00:59 UTC] ✅ Logged: Invoice updated successfully /backend/public/api/invoices/E85EBC37E4DA
[10-Dec-2025 07:00:59 UTC] ✅ Logged: Invoices fetched successfully /backend/public/api/invoices
[10-Dec-2025 07:01:18 UTC] ✅ Logged: Invoice updated successfully /backend/public/api/invoices/E8FC9FDBE0E9
[10-Dec-2025 07:01:18 UTC] ✅ Logged: Invoices fetched successfully /backend/public/api/invoices
[10-Dec-2025 07:01:21 UTC] ✅ Logged: Invoices fetched successfully /backend/public/api/invoices
[10-Dec-2025 07:01:43 UTC] ✅ Logged: Invoices fetched successfully /backend/public/api/invoices
[10-Dec-2025 07:02:01 UTC] ✅ Logged: Invoice updated successfully /backend/public/api/invoices/3AA0968624A7
[10-Dec-2025 07:02:01 UTC] ✅ Logged: Invoices fetched successfully /backend/public/api/invoices
[10-Dec-2025 07:02:05 UTC] ✅ Logged: Invoices fetched successfully /backend/public/api/invoices
[10-Dec-2025 07:02:35 UTC] ✅ Logged: Invoices fetched successfully /backend/public/api/invoices
[10-Dec-2025 07:02:48 UTC] ✅ Logged: Invoice updated successfully /backend/public/api/invoices/6FE26DF2DA53
[10-Dec-2025 07:02:48 UTC] ✅ Logged: Invoices fetched successfully /backend/public/api/invoices
[10-Dec-2025 07:02:55 UTC] ✅ Logged: Invoices fetched successfully /backend/public/api/invoices
[10-Dec-2025 07:04:55 UTC] ✅ Logged: Invoices fetched successfully /backend/public/api/invoices
[10-Dec-2025 11:47:45 UTC] ✅ Logged: Login successful /backend/public/api/auth/users/login
[10-Dec-2025 11:47:45 UTC] ✅ Logged: Business data fetched successfully. /backend/public/api/business
[10-Dec-2025 11:47:48 UTC] ✅ Logged: Today dashboard stats fetched successfully. /backend/public/api/business/stats
[10-Dec-2025 11:47:51 UTC] ✅ Logged: Invoices fetched successfully /backend/public/api/invoices
[10-Dec-2025 11:48:30 UTC] ✅ Logged: Invoices fetched successfully /backend/public/api/invoices
[10-Dec-2025 11:48:47 UTC] ✅ Logged: Invoice updated successfully /backend/public/api/invoices/CC758E121478
[10-Dec-2025 11:48:47 UTC] ✅ Logged: Invoices fetched successfully /backend/public/api/invoices
[10-Dec-2025 11:48:51 UTC] ✅ Logged: Invoices fetched successfully /backend/public/api/invoices
[10-Dec-2025 11:49:16 UTC] ✅ Logged: Invoices fetched successfully /backend/public/api/invoices
[10-Dec-2025 11:49:53 UTC] ✅ Logged: Invoice updated successfully /backend/public/api/invoices/307274C26B34
[10-Dec-2025 11:49:53 UTC] ✅ Logged: Invoices fetched successfully /backend/public/api/invoices
[10-Dec-2025 11:49:57 UTC] ✅ Logged: Invoices fetched successfully /backend/public/api/invoices
[10-Dec-2025 11:51:50 UTC] ✅ Logged: Invoice updated successfully /backend/public/api/invoices/E892DABEC5A9
[10-Dec-2025 11:51:51 UTC] ✅ Logged: Invoices fetched successfully /backend/public/api/invoices
[10-Dec-2025 11:51:54 UTC] ✅ Logged: Invoices fetched successfully /backend/public/api/invoices
[10-Dec-2025 11:53:09 UTC] ✅ Logged: Invoice updated successfully /backend/public/api/invoices/151F3D580B5E
[10-Dec-2025 11:53:09 UTC] ✅ Logged: Invoices fetched successfully /backend/public/api/invoices
[10-Dec-2025 13:27:54 UTC] ✅ Logged: Login successful /backend/public/api/auth/users/login
[10-Dec-2025 13:27:55 UTC] ✅ Logged: Business data fetched successfully. /backend/public/api/business
[10-Dec-2025 13:27:57 UTC] ✅ Logged: Today dashboard stats fetched successfully. /backend/public/api/business/stats
[10-Dec-2025 13:28:03 UTC] ✅ Logged: Invoices fetched successfully /backend/public/api/invoices
[10-Dec-2025 13:28:37 UTC] ✅ Logged: Invoices fetched successfully /backend/public/api/invoices
[10-Dec-2025 13:29:19 UTC] ✅ Logged: Invoice updated successfully /backend/public/api/invoices/24E60F6EB79F
[10-Dec-2025 13:29:19 UTC] ✅ Logged: Invoices fetched successfully /backend/public/api/invoices
[10-Dec-2025 13:29:48 UTC] ✅ Logged: Invoice updated successfully /backend/public/api/invoices/11B5E1580645
[10-Dec-2025 13:29:48 UTC] ✅ Logged: Invoices fetched successfully /backend/public/api/invoices
[10-Dec-2025 13:30:18 UTC] ✅ Logged: Invoice updated successfully /backend/public/api/invoices/03DEB068B8F0
[10-Dec-2025 13:30:18 UTC] ✅ Logged: Invoices fetched successfully /backend/public/api/invoices
[10-Dec-2025 13:30:27 UTC] ✅ Logged: Invoices fetched successfully /backend/public/api/invoices
[10-Dec-2025 13:30:50 UTC] ✅ Logged: Invoices fetched successfully /backend/public/api/invoices
[10-Dec-2025 13:31:18 UTC] ✅ Logged: Invoice updated successfully /backend/public/api/invoices/1D57EBB0DCB8
[10-Dec-2025 13:31:18 UTC] ✅ Logged: Invoices fetched successfully /backend/public/api/invoices
[10-Dec-2025 13:31:31 UTC] ✅ Logged: Invoice updated successfully /backend/public/api/invoices/9D60526324DF
[10-Dec-2025 13:31:31 UTC] ✅ Logged: Invoices fetched successfully /backend/public/api/invoices
[10-Dec-2025 13:31:35 UTC] ✅ Logged: Invoices fetched successfully /backend/public/api/invoices
[10-Dec-2025 13:35:25 UTC] ✅ Logged: Invoices fetched successfully /backend/public/api/invoices
[10-Dec-2025 13:35:59 UTC] ✅ Logged: Invoice updated successfully /backend/public/api/invoices/5C4AD99B4A0D
[10-Dec-2025 13:35:59 UTC] ✅ Logged: Invoices fetched successfully /backend/public/api/invoices
[10-Dec-2025 13:36:03 UTC] ✅ Logged: Invoices fetched successfully /backend/public/api/invoices
[10-Dec-2025 13:36:09 UTC] ✅ Logged: Invoices fetched successfully /backend/public/api/invoices
[10-Dec-2025 13:36:36 UTC] ✅ Logged: Invoices fetched successfully /backend/public/api/invoices
[10-Dec-2025 13:37:17 UTC] ✅ Logged: Invoice updated successfully /backend/public/api/invoices/C5713F27880A
[10-Dec-2025 13:37:17 UTC] ✅ Logged: Invoices fetched successfully /backend/public/api/invoices
[10-Dec-2025 13:37:43 UTC] ✅ Logged: Invoices fetched successfully /backend/public/api/invoices
[10-Dec-2025 13:38:52 UTC] ✅ Logged: Invoices fetched successfully /backend/public/api/invoices
[10-Dec-2025 13:39:27 UTC] ✅ Logged: Invoice updated successfully /backend/public/api/invoices/AA6C9570CCD7
[10-Dec-2025 13:39:27 UTC] ✅ Logged: Invoices fetched successfully /backend/public/api/invoices
[10-Dec-2025 13:39:31 UTC] ✅ Logged: Invoices fetched successfully /backend/public/api/invoices
[10-Dec-2025 13:39:53 UTC] ✅ Logged: Invoices fetched successfully /backend/public/api/invoices
[10-Dec-2025 13:40:06 UTC] ✅ Logged: Invoice updated successfully /backend/public/api/invoices/9B587BC23C23
[10-Dec-2025 13:40:06 UTC] ✅ Logged: Invoices fetched successfully /backend/public/api/invoices
[10-Dec-2025 13:40:10 UTC] ✅ Logged: Invoices fetched successfully /backend/public/api/invoices
[10-Dec-2025 13:40:28 UTC] ✅ Logged: Invoices fetched successfully /backend/public/api/invoices
[10-Dec-2025 13:40:42 UTC] ✅ Logged: Invoice updated successfully /backend/public/api/invoices/07F0BA04454C
[10-Dec-2025 13:40:42 UTC] ✅ Logged: Invoices fetched successfully /backend/public/api/invoices
[10-Dec-2025 13:40:46 UTC] ✅ Logged: Invoices fetched successfully /backend/public/api/invoices
[10-Dec-2025 13:41:27 UTC] ✅ Logged: Invoices fetched successfully /backend/public/api/invoices
[10-Dec-2025 13:41:39 UTC] ✅ Logged: Invoice updated successfully /backend/public/api/invoices/EA5DD97ABE40
[10-Dec-2025 13:41:39 UTC] ✅ Logged: Invoices fetched successfully /backend/public/api/invoices
[10-Dec-2025 13:41:43 UTC] ✅ Logged: Invoices fetched successfully /backend/public/api/invoices
[10-Dec-2025 13:44:53 UTC] ✅ Logged: Invoice updated successfully /backend/public/api/invoices/F5B417BF71B5
[10-Dec-2025 13:44:53 UTC] ✅ Logged: Invoices fetched successfully /backend/public/api/invoices
[10-Dec-2025 13:44:56 UTC] ✅ Logged: Invoices fetched successfully /backend/public/api/invoices
[10-Dec-2025 13:45:39 UTC] ✅ Logged: Invoices fetched successfully /backend/public/api/invoices
[10-Dec-2025 13:46:05 UTC] ✅ Logged: Invoice updated successfully /backend/public/api/invoices/8FE8A210115B
[10-Dec-2025 13:46:05 UTC] ✅ Logged: Invoices fetched successfully /backend/public/api/invoices
[10-Dec-2025 13:47:08 UTC] ✅ Logged: Invoice updated successfully /backend/public/api/invoices/932F1D2CFD38
[10-Dec-2025 13:47:09 UTC] ✅ Logged: Invoices fetched successfully /backend/public/api/invoices
[10-Dec-2025 13:47:18 UTC] ✅ Logged: Invoices fetched successfully /backend/public/api/invoices
[10-Dec-2025 13:50:12 UTC] ✅ Logged: Invoices fetched successfully /backend/public/api/invoices
[10-Dec-2025 13:50:49 UTC] ✅ Logged: Invoice updated successfully /backend/public/api/invoices/845528085907
[10-Dec-2025 13:50:50 UTC] ✅ Logged: Invoices fetched successfully /backend/public/api/invoices
[10-Dec-2025 13:50:52 UTC] ✅ Logged: Invoices fetched successfully /backend/public/api/invoices
[10-Dec-2025 13:51:40 UTC] ✅ Logged: Invoices fetched successfully /backend/public/api/invoices
[10-Dec-2025 13:51:59 UTC] ✅ Logged: Invoice updated successfully /backend/public/api/invoices/11F594BCF9B4
[10-Dec-2025 13:51:59 UTC] ✅ Logged: Invoices fetched successfully /backend/public/api/invoices
[10-Dec-2025 13:52:02 UTC] ✅ Logged: Invoices fetched successfully /backend/public/api/invoices
[10-Dec-2025 13:52:43 UTC] ✅ Logged: Invoices fetched successfully /backend/public/api/invoices
[10-Dec-2025 13:53:16 UTC] ✅ Logged: Invoice updated successfully /backend/public/api/invoices/D9224FA847BC
[10-Dec-2025 13:53:17 UTC] ✅ Logged: Invoices fetched successfully /backend/public/api/invoices
[10-Dec-2025 13:53:20 UTC] ✅ Logged: Invoices fetched successfully /backend/public/api/invoices
[10-Dec-2025 13:53:48 UTC] ✅ Logged: Invoice updated successfully /backend/public/api/invoices/2274FBCB53ED
[10-Dec-2025 13:53:48 UTC] ✅ Logged: Invoices fetched successfully /backend/public/api/invoices
[10-Dec-2025 13:53:51 UTC] ✅ Logged: Invoices fetched successfully /backend/public/api/invoices
[10-Dec-2025 13:54:26 UTC] ✅ Logged: Invoices fetched successfully /backend/public/api/invoices
[10-Dec-2025 13:54:53 UTC] ✅ Logged: Invoice updated successfully /backend/public/api/invoices/194EC8998931
[10-Dec-2025 13:54:53 UTC] ✅ Logged: Invoices fetched successfully /backend/public/api/invoices
[10-Dec-2025 13:54:58 UTC] ✅ Logged: Invoices fetched successfully /backend/public/api/invoices
[10-Dec-2025 13:55:31 UTC] ✅ Logged: Invoices fetched successfully /backend/public/api/invoices
[10-Dec-2025 13:55:48 UTC] ✅ Logged: Invoice updated successfully /backend/public/api/invoices/1EEB46778A92
[10-Dec-2025 13:55:48 UTC] ✅ Logged: Invoices fetched successfully /backend/public/api/invoices
[10-Dec-2025 13:56:12 UTC] ✅ Logged: Invoice updated successfully /backend/public/api/invoices/973AE5A557D8
[10-Dec-2025 13:56:12 UTC] ✅ Logged: Invoices fetched successfully /backend/public/api/invoices
[10-Dec-2025 13:56:15 UTC] ✅ Logged: Invoices fetched successfully /backend/public/api/invoices
[10-Dec-2025 13:56:45 UTC] ✅ Logged: Invoices fetched successfully /backend/public/api/invoices
[10-Dec-2025 13:57:10 UTC] ✅ Logged: Invoice updated successfully /backend/public/api/invoices/B16D344F5BDE
[10-Dec-2025 13:57:10 UTC] ✅ Logged: Invoices fetched successfully /backend/public/api/invoices
[10-Dec-2025 13:57:13 UTC] ✅ Logged: Invoices fetched successfully /backend/public/api/invoices
[10-Dec-2025 13:57:22 UTC] ✅ Logged: Invoices fetched successfully /backend/public/api/invoices
[10-Dec-2025 14:05:11 UTC] ✅ Logged: Invoices fetched successfully /backend/public/api/invoices
[10-Dec-2025 14:05:25 UTC] ✅ Logged: Invoice updated successfully /backend/public/api/invoices/197C1F659904
[10-Dec-2025 14:05:25 UTC] ✅ Logged: Invoices fetched successfully /backend/public/api/invoices
[10-Dec-2025 14:05:28 UTC] ✅ Logged: Invoices fetched successfully /backend/public/api/invoices
[10-Dec-2025 14:06:54 UTC] ✅ Logged: Invoices fetched successfully /backend/public/api/invoices
[10-Dec-2025 14:07:36 UTC] ✅ Logged: Invoice updated successfully /backend/public/api/invoices/7E873EF04FFA
[10-Dec-2025 14:07:36 UTC] ✅ Logged: Invoices fetched successfully /backend/public/api/invoices
[10-Dec-2025 14:08:12 UTC] ✅ Logged: Invoice updated successfully /backend/public/api/invoices/7E873EF04FFA
[10-Dec-2025 14:08:12 UTC] ✅ Logged: Invoices fetched successfully /backend/public/api/invoices
[10-Dec-2025 14:08:46 UTC] ✅ Logged: Invoice updated successfully /backend/public/api/invoices/79AC1484E8D2
[10-Dec-2025 14:08:46 UTC] ✅ Logged: Invoices fetched successfully /backend/public/api/invoices
[10-Dec-2025 14:08:51 UTC] ✅ Logged: Invoices fetched successfully /backend/public/api/invoices
[10-Dec-2025 14:09:52 UTC] ✅ Logged: Invoice updated successfully /backend/public/api/invoices/0044A07822B4
[10-Dec-2025 14:09:52 UTC] ✅ Logged: Invoices fetched successfully /backend/public/api/invoices
[10-Dec-2025 14:10:21 UTC] ✅ Logged: Invoices fetched successfully /backend/public/api/invoices
[10-Dec-2025 14:10:33 UTC] ✅ Logged: Invoice updated successfully /backend/public/api/invoices/65E80D422B37
[10-Dec-2025 14:10:33 UTC] ✅ Logged: Invoices fetched successfully /backend/public/api/invoices
[10-Dec-2025 14:10:36 UTC] ✅ Logged: Invoices fetched successfully /backend/public/api/invoices
[10-Dec-2025 14:11:04 UTC] ✅ Logged: Invoices fetched successfully /backend/public/api/invoices
[10-Dec-2025 14:11:41 UTC] ✅ Logged: Invoice updated successfully /backend/public/api/invoices/152BD48C24A5
[10-Dec-2025 14:11:41 UTC] ✅ Logged: Invoices fetched successfully /backend/public/api/invoices
[10-Dec-2025 14:11:44 UTC] ✅ Logged: Invoices fetched successfully /backend/public/api/invoices
[10-Dec-2025 14:12:53 UTC] ✅ Logged: Invoices fetched successfully /backend/public/api/invoices
[10-Dec-2025 14:13:02 UTC] ✅ Logged: Invoice updated successfully /backend/public/api/invoices/B7E82A490043
[10-Dec-2025 14:13:02 UTC] ✅ Logged: Invoices fetched successfully /backend/public/api/invoices
[10-Dec-2025 14:13:11 UTC] ✅ Logged: Invoice updated successfully /backend/public/api/invoices/AE27A14C4EDB
[10-Dec-2025 14:13:11 UTC] ✅ Logged: Invoices fetched successfully /backend/public/api/invoices
[10-Dec-2025 14:13:15 UTC] ✅ Logged: Invoices fetched successfully /backend/public/api/invoices
[10-Dec-2025 14:13:43 UTC] ✅ Logged: Invoices fetched successfully /backend/public/api/invoices
[10-Dec-2025 14:14:18 UTC] ✅ Logged: Invoice updated successfully /backend/public/api/invoices/5839DC4A16E3
[10-Dec-2025 14:14:19 UTC] ✅ Logged: Invoices fetched successfully /backend/public/api/invoices
[10-Dec-2025 14:14:21 UTC] ✅ Logged: Invoices fetched successfully /backend/public/api/invoices
[10-Dec-2025 14:14:43 UTC] ✅ Logged: Invoices fetched successfully /backend/public/api/invoices
[10-Dec-2025 14:15:01 UTC] ✅ Logged: Invoice updated successfully /backend/public/api/invoices/C03CC78707C8
[10-Dec-2025 14:15:01 UTC] ✅ Logged: Invoices fetched successfully /backend/public/api/invoices
[10-Dec-2025 14:15:04 UTC] ✅ Logged: Invoices fetched successfully /backend/public/api/invoices
[10-Dec-2025 14:15:24 UTC] ✅ Logged: Invoices fetched successfully /backend/public/api/invoices
[10-Dec-2025 14:15:48 UTC] ✅ Logged: Invoice updated successfully /backend/public/api/invoices/7D444334B080
[10-Dec-2025 14:15:49 UTC] ✅ Logged: Invoices fetched successfully /backend/public/api/invoices
[10-Dec-2025 14:15:51 UTC] ✅ Logged: Invoices fetched successfully /backend/public/api/invoices
[10-Dec-2025 14:16:43 UTC] ✅ Logged: Invoice updated successfully /backend/public/api/invoices/10CEAAB5A4DA
[10-Dec-2025 14:16:43 UTC] ✅ Logged: Invoices fetched successfully /backend/public/api/invoices
[10-Dec-2025 14:17:30 UTC] ✅ Logged: Invoice updated successfully /backend/public/api/invoices/7517883E3187
[10-Dec-2025 14:17:30 UTC] ✅ Logged: Invoices fetched successfully /backend/public/api/invoices
[10-Dec-2025 14:18:10 UTC] ✅ Logged: Invoice updated successfully /backend/public/api/invoices/1B9031193363
[10-Dec-2025 14:18:10 UTC] ✅ Logged: Invoices fetched successfully /backend/public/api/invoices
[10-Dec-2025 14:19:15 UTC] ✅ Logged: Invoice updated successfully /backend/public/api/invoices/4A3429CDD72D
[10-Dec-2025 14:19:16 UTC] ✅ Logged: Invoices fetched successfully /backend/public/api/invoices
[10-Dec-2025 14:20:41 UTC] ✅ Logged: Invoice updated successfully /backend/public/api/invoices/82FB91ADCECE
[10-Dec-2025 14:20:41 UTC] ✅ Logged: Invoices fetched successfully /backend/public/api/invoices
[10-Dec-2025 14:20:45 UTC] ✅ Logged: Invoices fetched successfully /backend/public/api/invoices
[10-Dec-2025 14:21:25 UTC] ✅ Logged: Invoices fetched successfully /backend/public/api/invoices
[10-Dec-2025 14:21:36 UTC] ✅ Logged: Invoice updated successfully /backend/public/api/invoices/056522F89079
[10-Dec-2025 14:21:36 UTC] ✅ Logged: Invoices fetched successfully /backend/public/api/invoices
[10-Dec-2025 14:21:39 UTC] ✅ Logged: Invoices fetched successfully /backend/public/api/invoices
[10-Dec-2025 14:22:05 UTC] ✅ Logged: Invoices fetched successfully /backend/public/api/invoices
[10-Dec-2025 14:22:50 UTC] ✅ Logged: Invoice type is required. /backend/public/api/invoices/B1C875F36DF9
[10-Dec-2025 14:23:08 UTC] ✅ Logged: Invoice updated successfully /backend/public/api/invoices/B1C875F36DF9
[10-Dec-2025 14:23:08 UTC] ✅ Logged: Invoices fetched successfully /backend/public/api/invoices
[10-Dec-2025 14:23:12 UTC] ✅ Logged: Invoices fetched successfully /backend/public/api/invoices
[10-Dec-2025 14:25:09 UTC] ✅ Logged: Invoice updated successfully /backend/public/api/invoices/AD0132A03293
[10-Dec-2025 14:25:10 UTC] ✅ Logged: Invoices fetched successfully /backend/public/api/invoices
[10-Dec-2025 14:25:43 UTC] ✅ Logged: Invoices fetched successfully /backend/public/api/invoices
[10-Dec-2025 14:26:11 UTC] ✅ Logged: Invoice updated successfully /backend/public/api/invoices/54616A85DA88
[10-Dec-2025 14:26:11 UTC] ✅ Logged: Invoices fetched successfully /backend/public/api/invoices
[10-Dec-2025 14:26:42 UTC] ✅ Logged: Invoice updated successfully /backend/public/api/invoices/1B099D0577A7
[10-Dec-2025 14:26:42 UTC] ✅ Logged: Invoices fetched successfully /backend/public/api/invoices
[10-Dec-2025 14:27:05 UTC] ✅ Logged: Invoice updated successfully /backend/public/api/invoices/214949E12A1E
[10-Dec-2025 14:27:05 UTC] ✅ Logged: Invoices fetched successfully /backend/public/api/invoices
[10-Dec-2025 14:27:12 UTC] ✅ Logged: Invoices fetched successfully /backend/public/api/invoices
[10-Dec-2025 14:28:01 UTC] ✅ Logged: Login successful /backend/public/api/auth/users/login
[10-Dec-2025 14:28:01 UTC] ✅ Logged: Business data fetched successfully. /backend/public/api/business
[10-Dec-2025 14:28:07 UTC] ✅ Logged: Invoices fetched successfully /backend/public/api/invoices
[10-Dec-2025 14:29:16 UTC] ✅ Logged: Invoices fetched successfully /backend/public/api/invoices
[10-Dec-2025 14:31:27 UTC] ✅ Logged: Invoice updated successfully /backend/public/api/invoices/C1A5F85D1E7A
[10-Dec-2025 14:31:28 UTC] ✅ Logged: Invoices fetched successfully /backend/public/api/invoices
[10-Dec-2025 14:31:31 UTC] ✅ Logged: Invoices fetched successfully /backend/public/api/invoices
[10-Dec-2025 14:33:59 UTC] ✅ Logged: Invoice updated successfully /backend/public/api/invoices/E936D5138EAB
[10-Dec-2025 14:33:59 UTC] ✅ Logged: Invoices fetched successfully /backend/public/api/invoices
[10-Dec-2025 14:34:30 UTC] ✅ Logged: Invoice updated successfully /backend/public/api/invoices/82221F63C11D
[10-Dec-2025 14:34:30 UTC] ✅ Logged: Invoices fetched successfully /backend/public/api/invoices
[10-Dec-2025 14:35:33 UTC] ✅ Logged: Invoice updated successfully /backend/public/api/invoices/5B0DA974F96E
[10-Dec-2025 14:35:33 UTC] ✅ Logged: Invoices fetched successfully /backend/public/api/invoices
[10-Dec-2025 14:36:04 UTC] ✅ Logged: Invoice updated successfully /backend/public/api/invoices/FA784E18753F
[10-Dec-2025 14:36:04 UTC] ✅ Logged: Invoices fetched successfully /backend/public/api/invoices
[10-Dec-2025 14:37:51 UTC] ✅ Logged: Invoice updated successfully /backend/public/api/invoices/151F3D580B5E
[10-Dec-2025 14:37:51 UTC] ✅ Logged: Invoices fetched successfully /backend/public/api/invoices
[10-Dec-2025 14:37:55 UTC] ✅ Logged: Invoices fetched successfully /backend/public/api/invoices
[10-Dec-2025 14:39:02 UTC] ✅ Logged: Invoice updated successfully /backend/public/api/invoices/7C76D0C8C297
[10-Dec-2025 14:39:02 UTC] ✅ Logged: Invoices fetched successfully /backend/public/api/invoices
[10-Dec-2025 14:39:05 UTC] ✅ Logged: Invoices fetched successfully /backend/public/api/invoices
[10-Dec-2025 14:39:23 UTC] ✅ Logged: Invoices fetched successfully /backend/public/api/invoices
[10-Dec-2025 14:40:11 UTC] ✅ Logged: Invoice updated successfully /backend/public/api/invoices/635DD5306079
[10-Dec-2025 14:40:12 UTC] ✅ Logged: Invoices fetched successfully /backend/public/api/invoices
[10-Dec-2025 14:40:31 UTC] ✅ Logged: Invoice updated successfully /backend/public/api/invoices/F943C36A5EC3
[10-Dec-2025 14:40:31 UTC] ✅ Logged: Invoices fetched successfully /backend/public/api/invoices
[10-Dec-2025 14:40:34 UTC] ✅ Logged: Invoices fetched successfully /backend/public/api/invoices
[10-Dec-2025 14:41:13 UTC] ✅ Logged: Invoices fetched successfully /backend/public/api/invoices
[10-Dec-2025 14:41:29 UTC] ✅ Logged: Invoice updated successfully /backend/public/api/invoices/2911A4434CC1
[10-Dec-2025 14:41:30 UTC] ✅ Logged: Invoices fetched successfully /backend/public/api/invoices
[10-Dec-2025 14:41:33 UTC] ✅ Logged: Invoices fetched successfully /backend/public/api/invoices
[10-Dec-2025 14:42:08 UTC] ✅ Logged: Invoices fetched successfully /backend/public/api/invoices
[10-Dec-2025 14:44:39 UTC] ✅ Logged: Invoice updated successfully /backend/public/api/invoices/954440AABBC4
[10-Dec-2025 14:44:39 UTC] ✅ Logged: Invoices fetched successfully /backend/public/api/invoices
[10-Dec-2025 14:45:07 UTC] ✅ Logged: Invoice updated successfully /backend/public/api/invoices/2C7BF8B6975E
[10-Dec-2025 14:45:08 UTC] ✅ Logged: Invoices fetched successfully /backend/public/api/invoices
[10-Dec-2025 14:45:12 UTC] ✅ Logged: Invoices fetched successfully /backend/public/api/invoices
[10-Dec-2025 14:45:48 UTC] ✅ Logged: Invoices fetched successfully /backend/public/api/invoices
[10-Dec-2025 14:47:08 UTC] ✅ Logged: Invoice updated successfully /backend/public/api/invoices/54A156DD2959
[10-Dec-2025 14:47:08 UTC] ✅ Logged: Invoices fetched successfully /backend/public/api/invoices
[10-Dec-2025 14:47:12 UTC] ✅ Logged: Invoices fetched successfully /backend/public/api/invoices
[10-Dec-2025 14:47:40 UTC] ✅ Logged: Invoices fetched successfully /backend/public/api/invoices
[10-Dec-2025 14:48:00 UTC] ✅ Logged: Invoice updated successfully /backend/public/api/invoices/1F39D4BE1A32
[10-Dec-2025 14:48:00 UTC] ✅ Logged: Invoices fetched successfully /backend/public/api/invoices
[10-Dec-2025 14:48:04 UTC] ✅ Logged: Invoices fetched successfully /backend/public/api/invoices
[10-Dec-2025 14:50:07 UTC] ✅ Logged: Invoice updated successfully /backend/public/api/invoices/16F578F82CFD
[10-Dec-2025 14:50:07 UTC] ✅ Logged: Invoices fetched successfully /backend/public/api/invoices
[10-Dec-2025 14:50:39 UTC] ✅ Logged: Invoices fetched successfully /backend/public/api/invoices
[10-Dec-2025 14:51:08 UTC] ✅ Logged: Invoice updated successfully /backend/public/api/invoices/440D3A3A61A7
[10-Dec-2025 14:51:08 UTC] ✅ Logged: Invoices fetched successfully /backend/public/api/invoices
[10-Dec-2025 14:51:31 UTC] ✅ Logged: Invoice updated successfully /backend/public/api/invoices/D31A8EE85A30
[10-Dec-2025 14:51:31 UTC] ✅ Logged: Invoices fetched successfully /backend/public/api/invoices
[10-Dec-2025 14:51:34 UTC] ✅ Logged: Invoices fetched successfully /backend/public/api/invoices
[10-Dec-2025 14:52:49 UTC] ✅ Logged: Invoice updated successfully /backend/public/api/invoices/C6474BDF2D0E
[10-Dec-2025 14:52:49 UTC] ✅ Logged: Invoices fetched successfully /backend/public/api/invoices
[10-Dec-2025 14:52:53 UTC] ✅ Logged: Invoices fetched successfully /backend/public/api/invoices
[10-Dec-2025 14:53:46 UTC] ✅ Logged: Invoices fetched successfully /backend/public/api/invoices
[10-Dec-2025 14:54:14 UTC] ✅ Logged: Invoice updated successfully /backend/public/api/invoices/1303CB3FE146
[10-Dec-2025 14:54:15 UTC] ✅ Logged: Invoices fetched successfully /backend/public/api/invoices
[10-Dec-2025 14:54:22 UTC] ✅ Logged: Invoice updated successfully /backend/public/api/invoices/32363952
[10-Dec-2025 14:54:22 UTC] ✅ Logged: Invoices fetched successfully /backend/public/api/invoices
[10-Dec-2025 14:54:39 UTC] ✅ Logged: Invoices fetched successfully /backend/public/api/invoices
[10-Dec-2025 14:55:22 UTC] ✅ Logged: Invoices fetched successfully /backend/public/api/invoices
[10-Dec-2025 14:55:57 UTC] ✅ Logged: Invoice updated successfully /backend/public/api/invoices/5A777F23F6DB
[10-Dec-2025 14:55:58 UTC] ✅ Logged: Invoices fetched successfully /backend/public/api/invoices
[10-Dec-2025 14:56:21 UTC] ✅ Logged: Invoice updated successfully /backend/public/api/invoices/960CC6CCFF0D
[10-Dec-2025 14:56:21 UTC] ✅ Logged: Invoices fetched successfully /backend/public/api/invoices
[10-Dec-2025 14:56:59 UTC] ✅ Logged: Invoice updated successfully /backend/public/api/invoices/960CC6CCFF0D
[10-Dec-2025 14:56:59 UTC] ✅ Logged: Invoices fetched successfully /backend/public/api/invoices
[10-Dec-2025 14:57:06 UTC] ✅ Logged: Invoice updated successfully /backend/public/api/invoices/5A777F23F6DB
[10-Dec-2025 14:57:06 UTC] ✅ Logged: Invoices fetched successfully /backend/public/api/invoices
[10-Dec-2025 14:57:09 UTC] ✅ Logged: Invoices fetched successfully /backend/public/api/invoices
[10-Dec-2025 14:58:23 UTC] ✅ Logged: Invoice updated successfully /backend/public/api/invoices/7FBB3BB982AF
[10-Dec-2025 14:58:24 UTC] ✅ Logged: Invoices fetched successfully /backend/public/api/invoices
[10-Dec-2025 14:59:43 UTC] ✅ Logged: Invoice updated successfully /backend/public/api/invoices/1FE79E3D4889
[10-Dec-2025 14:59:43 UTC] ✅ Logged: Invoices fetched successfully /backend/public/api/invoices
[10-Dec-2025 15:00:21 UTC] ✅ Logged: Invoice updated successfully /backend/public/api/invoices/CF613AA5963A
[10-Dec-2025 15:00:22 UTC] ✅ Logged: Invoices fetched successfully /backend/public/api/invoices
[10-Dec-2025 15:02:37 UTC] ✅ Logged: Invoices fetched successfully /backend/public/api/invoices
[10-Dec-2025 15:03:23 UTC] ✅ Logged: Invoice updated successfully /backend/public/api/invoices/7DFA81A99486
[10-Dec-2025 15:03:23 UTC] ✅ Logged: Invoices fetched successfully /backend/public/api/invoices
[10-Dec-2025 15:07:51 UTC] ✅ Logged: Invoice updated successfully /backend/public/api/invoices/EAA5E0CAE089
[10-Dec-2025 15:07:51 UTC] ✅ Logged: Invoices fetched successfully /backend/public/api/invoices
[10-Dec-2025 15:07:56 UTC] ✅ Logged: Invoices fetched successfully /backend/public/api/invoices
[11-Dec-2025 06:06:43 UTC] ✅ Logged: Login successful /backend/public/api/auth/users/login
[11-Dec-2025 06:06:44 UTC] ✅ Logged: Business data fetched successfully. /backend/public/api/business
[11-Dec-2025 06:06:47 UTC] ✅ Logged: Today dashboard stats fetched successfully. /backend/public/api/business/stats
[11-Dec-2025 06:06:51 UTC] ✅ Logged: Invoices fetched successfully /backend/public/api/invoices
[11-Dec-2025 06:43:29 UTC] ✅ Logged: Invoice updated successfully /backend/public/api/invoices/90BBFD5A51C5
[11-Dec-2025 06:43:29 UTC] ✅ Logged: Invoices fetched successfully /backend/public/api/invoices
[11-Dec-2025 06:43:33 UTC] ✅ Logged: Invoices fetched successfully /backend/public/api/invoices
[11-Dec-2025 06:43:37 UTC] ✅ Logged: Invoices fetched successfully /backend/public/api/invoices
[11-Dec-2025 06:48:35 UTC] ✅ Logged: Invoice updated successfully /backend/public/api/invoices/4664DDC1973C
[11-Dec-2025 06:48:35 UTC] ✅ Logged: Invoices fetched successfully /backend/public/api/invoices
[11-Dec-2025 06:48:42 UTC] ✅ Logged: Invoices fetched successfully /backend/public/api/invoices
[11-Dec-2025 06:50:46 UTC] ✅ Logged: Invoice updated successfully /backend/public/api/invoices/67189778CB4B
[11-Dec-2025 06:50:46 UTC] ✅ Logged: Invoices fetched successfully /backend/public/api/invoices
[11-Dec-2025 06:50:50 UTC] ✅ Logged: Invoices fetched successfully /backend/public/api/invoices
[11-Dec-2025 06:52:06 UTC] ✅ Logged: Invoice updated successfully /backend/public/api/invoices/FB7F9D93FBA3
[11-Dec-2025 06:52:06 UTC] ✅ Logged: Invoices fetched successfully /backend/public/api/invoices
[11-Dec-2025 06:54:10 UTC] ✅ Logged: Invoice updated successfully /backend/public/api/invoices/C7E0D3B59B55
[11-Dec-2025 06:54:10 UTC] ✅ Logged: Invoices fetched successfully /backend/public/api/invoices
[11-Dec-2025 06:54:14 UTC] ✅ Logged: Invoices fetched successfully /backend/public/api/invoices
[11-Dec-2025 06:55:32 UTC] ✅ Logged: Invoices fetched successfully /backend/public/api/invoices
[11-Dec-2025 06:56:00 UTC] ✅ Logged: Invoice updated successfully /backend/public/api/invoices/1C9093CE1D93
[11-Dec-2025 06:56:01 UTC] ✅ Logged: Invoices fetched successfully /backend/public/api/invoices
[11-Dec-2025 06:59:04 UTC] ✅ Logged: Invoice updated successfully /backend/public/api/invoices/1C9093CE1D93
[11-Dec-2025 06:59:04 UTC] ✅ Logged: Invoices fetched successfully /backend/public/api/invoices
[11-Dec-2025 06:59:08 UTC] ✅ Logged: Invoices fetched successfully /backend/public/api/invoices
[11-Dec-2025 07:00:05 UTC] ✅ Logged: Invoice updated successfully /backend/public/api/invoices/5F02DF2631EE
[11-Dec-2025 07:00:05 UTC] ✅ Logged: Invoices fetched successfully /backend/public/api/invoices
[11-Dec-2025 07:01:49 UTC] ✅ Logged: Invoice updated successfully /backend/public/api/invoices/319B20619259
[11-Dec-2025 07:01:49 UTC] ✅ Logged: Invoices fetched successfully /backend/public/api/invoices
[11-Dec-2025 07:02:26 UTC] ✅ Logged: Invoices fetched successfully /backend/public/api/invoices
[11-Dec-2025 07:03:34 UTC] ✅ Logged: Invoice updated successfully /backend/public/api/invoices/4E8EEAC6DE43
[11-Dec-2025 07:03:34 UTC] ✅ Logged: Invoices fetched successfully /backend/public/api/invoices
[11-Dec-2025 07:04:02 UTC] ✅ Logged: Invoice updated successfully /backend/public/api/invoices/2B0A852B4715
[11-Dec-2025 07:04:02 UTC] ✅ Logged: Invoices fetched successfully /backend/public/api/invoices
[11-Dec-2025 07:04:30 UTC] ✅ Logged: Invoice updated successfully /backend/public/api/invoices/8C971BD96274
[11-Dec-2025 07:04:30 UTC] ✅ Logged: Invoices fetched successfully /backend/public/api/invoices
[11-Dec-2025 07:04:37 UTC] ✅ Logged: Invoices fetched successfully /backend/public/api/invoices
[11-Dec-2025 07:05:36 UTC] ✅ Logged: Invoices fetched successfully /backend/public/api/invoices
[11-Dec-2025 07:08:20 UTC] ✅ Logged: Login successful /backend/public/api/auth/users/login
[11-Dec-2025 07:08:20 UTC] ✅ Logged: Business data fetched successfully. /backend/public/api/business
[11-Dec-2025 07:08:26 UTC] ✅ Logged: Invoices fetched successfully /backend/public/api/invoices
[11-Dec-2025 07:09:24 UTC] ✅ Logged: Invoice updated successfully /backend/public/api/invoices/EEECC80F3F42
[11-Dec-2025 07:09:25 UTC] ✅ Logged: Invoices fetched successfully /backend/public/api/invoices
[11-Dec-2025 07:11:36 UTC] ✅ Logged: Invoice updated successfully /backend/public/api/invoices/91207E7A3DC8
[11-Dec-2025 07:11:36 UTC] ✅ Logged: Invoices fetched successfully /backend/public/api/invoices
[11-Dec-2025 07:16:04 UTC] ✅ Logged: Invoice updated successfully /backend/public/api/invoices/9472DA35E64C
[11-Dec-2025 07:16:04 UTC] ✅ Logged: Invoices fetched successfully /backend/public/api/invoices
[11-Dec-2025 07:16:07 UTC] ✅ Logged: Invoices fetched successfully /backend/public/api/invoices
[11-Dec-2025 07:17:05 UTC] ✅ Logged: Invoices fetched successfully /backend/public/api/invoices
[11-Dec-2025 07:17:50 UTC] ✅ Logged: Invoice updated successfully /backend/public/api/invoices/BB3B09BEE2C0
[11-Dec-2025 07:17:50 UTC] ✅ Logged: Invoices fetched successfully /backend/public/api/invoices
[11-Dec-2025 07:18:52 UTC] ✅ Logged: Invoice updated successfully /backend/public/api/invoices/55184CF47943
[11-Dec-2025 07:18:52 UTC] ✅ Logged: Invoices fetched successfully /backend/public/api/invoices
[11-Dec-2025 07:19:16 UTC] ✅ Logged: Invoice updated successfully /backend/public/api/invoices/232783B003AC
[11-Dec-2025 07:19:16 UTC] ✅ Logged: Invoices fetched successfully /backend/public/api/invoices
[11-Dec-2025 07:19:20 UTC] ✅ Logged: Invoices fetched successfully /backend/public/api/invoices
[11-Dec-2025 07:19:43 UTC] ✅ Logged: Invoices fetched successfully /backend/public/api/invoices
[11-Dec-2025 07:20:22 UTC] ✅ Logged: Invoice updated successfully /backend/public/api/invoices/92283C4B9BF0
[11-Dec-2025 07:20:22 UTC] ✅ Logged: Invoices fetched successfully /backend/public/api/invoices
[11-Dec-2025 07:20:25 UTC] ✅ Logged: Invoices fetched successfully /backend/public/api/invoices
[11-Dec-2025 07:22:48 UTC] ✅ Logged: Invoices fetched successfully /backend/public/api/invoices
[11-Dec-2025 07:24:59 UTC] ✅ Logged: Invoice updated successfully /backend/public/api/invoices/C6D14D515280
[11-Dec-2025 07:24:59 UTC] ✅ Logged: Invoices fetched successfully /backend/public/api/invoices
[11-Dec-2025 07:25:02 UTC] ✅ Logged: Invoices fetched successfully /backend/public/api/invoices
[11-Dec-2025 07:25:29 UTC] ✅ Logged: Invoices fetched successfully /backend/public/api/invoices
[11-Dec-2025 07:26:05 UTC] ✅ Logged: Invoice updated successfully /backend/public/api/invoices/15994EB10CEC
[11-Dec-2025 07:26:06 UTC] ✅ Logged: Invoices fetched successfully /backend/public/api/invoices
[11-Dec-2025 07:26:08 UTC] ✅ Logged: Invoices fetched successfully /backend/public/api/invoices
[11-Dec-2025 07:26:27 UTC] ✅ Logged: Invoices fetched successfully /backend/public/api/invoices
[11-Dec-2025 07:26:54 UTC] ✅ Logged: Invoice updated successfully /backend/public/api/invoices/42AEA01F6E32
[11-Dec-2025 07:26:54 UTC] ✅ Logged: Invoices fetched successfully /backend/public/api/invoices
[11-Dec-2025 07:27:10 UTC] ✅ Logged: Invoice updated successfully /backend/public/api/invoices/3B20E692AFBD
[11-Dec-2025 07:27:10 UTC] ✅ Logged: Invoices fetched successfully /backend/public/api/invoices
[11-Dec-2025 07:27:25 UTC] ✅ Logged: Invoice updated successfully /backend/public/api/invoices/56A561743BDC
[11-Dec-2025 07:27:25 UTC] ✅ Logged: Invoices fetched successfully /backend/public/api/invoices
[11-Dec-2025 07:27:28 UTC] ✅ Logged: Invoices fetched successfully /backend/public/api/invoices
[11-Dec-2025 07:28:36 UTC] ✅ Logged: Invoices fetched successfully /backend/public/api/invoices
[11-Dec-2025 07:28:47 UTC] ✅ Logged: Invoice updated successfully /backend/public/api/invoices/8C971BD96274
[11-Dec-2025 07:28:47 UTC] ✅ Logged: Invoices fetched successfully /backend/public/api/invoices
[11-Dec-2025 07:28:55 UTC] ✅ Logged: Invoice updated successfully /backend/public/api/invoices/2B0A852B4715
[11-Dec-2025 07:28:55 UTC] ✅ Logged: Invoices fetched successfully /backend/public/api/invoices
[11-Dec-2025 07:29:02 UTC] ✅ Logged: Invoice updated successfully /backend/public/api/invoices/4E8EEAC6DE43
[11-Dec-2025 07:29:03 UTC] ✅ Logged: Invoices fetched successfully /backend/public/api/invoices
[11-Dec-2025 07:29:06 UTC] ✅ Logged: Invoices fetched successfully /backend/public/api/invoices
[11-Dec-2025 07:29:31 UTC] ✅ Logged: Invoices fetched successfully /backend/public/api/invoices
[11-Dec-2025 07:29:46 UTC] ✅ Logged: Invoice updated successfully /backend/public/api/invoices/EEECC80F3F42
[11-Dec-2025 07:29:46 UTC] ✅ Logged: Invoices fetched successfully /backend/public/api/invoices
[11-Dec-2025 07:29:49 UTC] ✅ Logged: Invoices fetched successfully /backend/public/api/invoices
[11-Dec-2025 07:30:10 UTC] ✅ Logged: Invoices fetched successfully /backend/public/api/invoices
[11-Dec-2025 07:30:19 UTC] ✅ Logged: Invoice updated successfully /backend/public/api/invoices/91207E7A3DC8
[11-Dec-2025 07:30:19 UTC] ✅ Logged: Invoices fetched successfully /backend/public/api/invoices
[11-Dec-2025 07:30:26 UTC] ✅ Logged: Invoice updated successfully /backend/public/api/invoices/BB3B09BEE2C0
[11-Dec-2025 07:30:26 UTC] ✅ Logged: Invoices fetched successfully /backend/public/api/invoices
[11-Dec-2025 07:30:33 UTC] ✅ Logged: Invoice updated successfully /backend/public/api/invoices/55184CF47943
[11-Dec-2025 07:30:33 UTC] ✅ Logged: Invoices fetched successfully /backend/public/api/invoices
[11-Dec-2025 07:30:42 UTC] ✅ Logged: Invoice updated successfully /backend/public/api/invoices/232783B003AC
[11-Dec-2025 07:30:42 UTC] ✅ Logged: Invoices fetched successfully /backend/public/api/invoices
[11-Dec-2025 07:30:46 UTC] ✅ Logged: Invoices fetched successfully /backend/public/api/invoices
[11-Dec-2025 07:31:10 UTC] ✅ Logged: Invoice updated successfully /backend/public/api/invoices/92283C4B9BF0
[11-Dec-2025 07:31:10 UTC] ✅ Logged: Invoices fetched successfully /backend/public/api/invoices
[11-Dec-2025 07:32:01 UTC] ✅ Logged: Invoices fetched successfully /backend/public/api/invoices
[11-Dec-2025 07:32:29 UTC] ✅ Logged: Invoice updated successfully /backend/public/api/invoices/FC08FA25789B
[11-Dec-2025 07:32:29 UTC] ✅ Logged: Invoices fetched successfully /backend/public/api/invoices
[11-Dec-2025 07:32:54 UTC] ✅ Logged: Invoice updated successfully /backend/public/api/invoices/7A9224879117
[11-Dec-2025 07:32:55 UTC] ✅ Logged: Invoices fetched successfully /backend/public/api/invoices
[11-Dec-2025 07:33:09 UTC] ✅ Logged: Invoices fetched successfully /backend/public/api/invoices
[11-Dec-2025 07:34:59 UTC] ✅ Logged: Invoices fetched successfully /backend/public/api/invoices
[11-Dec-2025 07:35:39 UTC] ✅ Logged: Invoice updated successfully /backend/public/api/invoices/D86C4E08B291
[11-Dec-2025 07:35:39 UTC] ✅ Logged: Invoices fetched successfully /backend/public/api/invoices
[11-Dec-2025 07:35:42 UTC] ✅ Logged: Invoices fetched successfully /backend/public/api/invoices
[11-Dec-2025 09:54:15 UTC] ✅ Logged: Login successful /backend/public/api/auth/users/login
[11-Dec-2025 09:54:15 UTC] ✅ Logged: Business data fetched successfully. /backend/public/api/business
[11-Dec-2025 09:54:18 UTC] ✅ Logged: Today dashboard stats fetched successfully. /backend/public/api/business/stats
[11-Dec-2025 10:20:36 UTC] ✅ Logged: Login successful /backend/public/api/auth/users/login
[11-Dec-2025 10:20:36 UTC] ✅ Logged: Business data fetched successfully. /backend/public/api/business
[11-Dec-2025 10:20:44 UTC] ✅ Logged: Invoices fetched successfully /backend/public/api/invoices
[11-Dec-2025 13:04:25 UTC] ✅ Logged: Login successful /backend/public/api/auth/users/login
[11-Dec-2025 13:04:26 UTC] ✅ Logged: Business data fetched successfully. /backend/public/api/business
[11-Dec-2025 13:04:34 UTC] ✅ Logged: Invoices fetched successfully /backend/public/api/invoices
[11-Dec-2025 13:05:04 UTC] ✅ Logged: Invoices fetched successfully /backend/public/api/invoices
[11-Dec-2025 13:05:37 UTC] ✅ Logged: Invoices fetched successfully /backend/public/api/invoices
[11-Dec-2025 13:05:38 UTC] ✅ Logged: Invoices fetched successfully /backend/public/api/invoices
[11-Dec-2025 13:05:53 UTC] ✅ Logged: No invoices found matching the criteria. /backend/public/api/invoices
[11-Dec-2025 13:05:59 UTC] ✅ Logged: Invoices fetched successfully /backend/public/api/invoices
[11-Dec-2025 13:06:02 UTC] ✅ Logged: Invoices fetched successfully /backend/public/api/invoices
[11-Dec-2025 13:06:11 UTC] ✅ Logged: Invoices fetched successfully /backend/public/api/invoices
[11-Dec-2025 13:06:15 UTC] ✅ Logged: Invoices fetched successfully /backend/public/api/invoices
[11-Dec-2025 13:06:18 UTC] ✅ Logged: Invoices fetched successfully /backend/public/api/invoices
[11-Dec-2025 13:08:48 UTC] ✅ Logged: Invoice updated successfully /backend/public/api/invoices/CFD221B0A60F
[11-Dec-2025 13:08:49 UTC] ✅ Logged: Invoices fetched successfully /backend/public/api/invoices
[11-Dec-2025 13:10:35 UTC] ✅ Logged: Invoice updated successfully /backend/public/api/invoices/974A69AFF308
[11-Dec-2025 13:10:36 UTC] ✅ Logged: Invoices fetched successfully /backend/public/api/invoices
[11-Dec-2025 13:12:09 UTC] ✅ Logged: Invoice updated successfully /backend/public/api/invoices/503C0CA477AB
[11-Dec-2025 13:12:09 UTC] ✅ Logged: Invoices fetched successfully /backend/public/api/invoices
[11-Dec-2025 13:39:43 UTC] ✅ Logged: Invoices fetched successfully /backend/public/api/invoices
[11-Dec-2025 14:43:05 UTC] ✅ Logged: Login successful /backend/public/api/auth/users/login
[11-Dec-2025 14:43:05 UTC] ✅ Logged: Business data fetched successfully. /backend/public/api/business
[11-Dec-2025 14:43:11 UTC] ✅ Logged: Invoices fetched successfully /backend/public/api/invoices
[11-Dec-2025 14:43:53 UTC] ✅ Logged: Invoices fetched successfully /backend/public/api/invoices
[11-Dec-2025 14:44:07 UTC] ✅ Logged: Invoice updated successfully /backend/public/api/invoices/1318F745DC73
[11-Dec-2025 14:44:07 UTC] ✅ Logged: Invoices fetched successfully /backend/public/api/invoices
[11-Dec-2025 14:44:11 UTC] ✅ Logged: Invoices fetched successfully /backend/public/api/invoices
[11-Dec-2025 14:44:38 UTC] ✅ Logged: Invoices fetched successfully /backend/public/api/invoices
[11-Dec-2025 14:45:25 UTC] ✅ Logged: Invoice updated successfully /backend/public/api/invoices/6AD3637BDEE7
[11-Dec-2025 14:45:26 UTC] ✅ Logged: Invoices fetched successfully /backend/public/api/invoices
[11-Dec-2025 15:04:50 UTC] ✅ Logged: Invoice updated successfully /backend/public/api/invoices/F2D0AE3A2080
[11-Dec-2025 15:04:50 UTC] ✅ Logged: Invoices fetched successfully /backend/public/api/invoices
[11-Dec-2025 15:04:53 UTC] ✅ Logged: Invoices fetched successfully /backend/public/api/invoices
[11-Dec-2025 15:21:19 UTC] ✅ Logged: Invoices fetched successfully /backend/public/api/invoices
[11-Dec-2025 15:22:00 UTC] ✅ Logged: Invoice updated successfully /backend/public/api/invoices/24BD66353736
[11-Dec-2025 15:22:00 UTC] ✅ Logged: Invoices fetched successfully /backend/public/api/invoices
[11-Dec-2025 15:22:03 UTC] ✅ Logged: Invoices fetched successfully /backend/public/api/invoices
[12-Dec-2025 06:19:25 UTC] ✅ Logged: Login successful /backend/public/api/auth/users/login
[12-Dec-2025 06:19:25 UTC] ✅ Logged: Business data fetched successfully. /backend/public/api/business
[12-Dec-2025 06:19:29 UTC] ✅ Logged: Today dashboard stats fetched successfully. /backend/public/api/business/stats
[12-Dec-2025 06:19:33 UTC] ✅ Logged: Invoices fetched successfully /backend/public/api/invoices
[12-Dec-2025 06:19:47 UTC] ✅ Logged: Invoices fetched successfully /backend/public/api/invoices
[12-Dec-2025 06:19:49 UTC] ✅ Logged: No invoices found matching the criteria. /backend/public/api/invoices
[12-Dec-2025 06:19:59 UTC] ✅ Logged: Invoices fetched successfully /backend/public/api/invoices
[12-Dec-2025 06:20:06 UTC] ✅ Logged: Invoices fetched successfully /backend/public/api/invoices
[12-Dec-2025 06:20:06 UTC] ✅ Logged: Invoices fetched successfully /backend/public/api/invoices
[12-Dec-2025 06:20:17 UTC] ✅ Logged: Invoices fetched successfully /backend/public/api/invoices
[12-Dec-2025 06:20:26 UTC] ✅ Logged: Invoices fetched successfully /backend/public/api/invoices
[12-Dec-2025 06:20:48 UTC] ✅ Logged: Invoices fetched successfully /backend/public/api/invoices
[12-Dec-2025 06:20:52 UTC] ✅ Logged: Invoices fetched successfully /backend/public/api/invoices
[12-Dec-2025 06:22:20 UTC] ✅ Logged: Invoices fetched successfully /backend/public/api/invoices
[12-Dec-2025 06:24:48 UTC] ✅ Logged: Invoices fetched successfully /backend/public/api/invoices
[12-Dec-2025 06:26:42 UTC] ✅ Logged: Invoices fetched successfully /backend/public/api/invoices
[12-Dec-2025 06:27:06 UTC] ✅ Logged: Invoice updated successfully /backend/public/api/invoices/4521147CFCAC
[12-Dec-2025 06:27:06 UTC] ✅ Logged: Invoices fetched successfully /backend/public/api/invoices
[12-Dec-2025 06:27:10 UTC] ✅ Logged: Invoices fetched successfully /backend/public/api/invoices
[12-Dec-2025 06:27:32 UTC] ✅ Logged: Invoices fetched successfully /backend/public/api/invoices
[12-Dec-2025 06:27:51 UTC] ✅ Logged: Invoice updated successfully /backend/public/api/invoices/94B85F440143
[12-Dec-2025 06:27:51 UTC] ✅ Logged: Invoices fetched successfully /backend/public/api/invoices
[12-Dec-2025 06:27:54 UTC] ✅ Logged: Invoices fetched successfully /backend/public/api/invoices
[12-Dec-2025 06:28:16 UTC] ✅ Logged: Invoices fetched successfully /backend/public/api/invoices
[12-Dec-2025 06:28:33 UTC] ✅ Logged: Invoice updated successfully /backend/public/api/invoices/19E9EE10DFE3
[12-Dec-2025 06:28:33 UTC] ✅ Logged: Invoices fetched successfully /backend/public/api/invoices
[12-Dec-2025 06:29:13 UTC] ✅ Logged: Invoice updated successfully /backend/public/api/invoices/E4A01CE738CC
[12-Dec-2025 06:29:13 UTC] ✅ Logged: Invoices fetched successfully /backend/public/api/invoices
[12-Dec-2025 06:29:24 UTC] ✅ Logged: Invoices fetched successfully /backend/public/api/invoices
[12-Dec-2025 06:30:18 UTC] ✅ Logged: Invoice updated successfully /backend/public/api/invoices/4B63BEDCD16C
[12-Dec-2025 06:30:18 UTC] ✅ Logged: Invoices fetched successfully /backend/public/api/invoices
[12-Dec-2025 06:30:50 UTC] ✅ Logged: Invoice updated successfully /backend/public/api/invoices/F97D6D3EFB22
[12-Dec-2025 06:30:50 UTC] ✅ Logged: Invoices fetched successfully /backend/public/api/invoices
[12-Dec-2025 06:31:14 UTC] ✅ Logged: Invoice updated successfully /backend/public/api/invoices/588F7088E725
[12-Dec-2025 06:31:15 UTC] ✅ Logged: Invoices fetched successfully /backend/public/api/invoices
[12-Dec-2025 06:32:08 UTC] ✅ Logged: Invoice updated successfully /backend/public/api/invoices/627BB5E94A41
[12-Dec-2025 06:32:09 UTC] ✅ Logged: Invoices fetched successfully /backend/public/api/invoices
[12-Dec-2025 06:34:12 UTC] ✅ Logged: Invoice updated successfully /backend/public/api/invoices/E74C9940589B
[12-Dec-2025 06:34:12 UTC] ✅ Logged: Invoices fetched successfully /backend/public/api/invoices
[12-Dec-2025 06:35:20 UTC] ✅ Logged: Invoice updated successfully /backend/public/api/invoices/3EE321287BA5
[12-Dec-2025 06:35:20 UTC] ✅ Logged: Invoices fetched successfully /backend/public/api/invoices
[12-Dec-2025 06:36:14 UTC] ✅ Logged: Invoice updated successfully /backend/public/api/invoices/EB7EFA618E09
[12-Dec-2025 06:36:14 UTC] ✅ Logged: Invoices fetched successfully /backend/public/api/invoices
[12-Dec-2025 06:36:56 UTC] ✅ Logged: Invoice updated successfully /backend/public/api/invoices/00D6EEF51B49
[12-Dec-2025 06:36:56 UTC] ✅ Logged: Invoices fetched successfully /backend/public/api/invoices
[12-Dec-2025 06:37:25 UTC] ✅ Logged: Invoice updated successfully /backend/public/api/invoices/9A3129EDD1D6
[12-Dec-2025 06:37:25 UTC] ✅ Logged: Invoices fetched successfully /backend/public/api/invoices
[12-Dec-2025 06:37:57 UTC] ✅ Logged: Invoice updated successfully /backend/public/api/invoices/2BDAFD22EA54
[12-Dec-2025 06:37:57 UTC] ✅ Logged: Invoices fetched successfully /backend/public/api/invoices
[12-Dec-2025 06:38:50 UTC] ✅ Logged: Invoice updated successfully /backend/public/api/invoices/996C1F5FD576
[12-Dec-2025 06:38:50 UTC] ✅ Logged: Invoices fetched successfully /backend/public/api/invoices
[12-Dec-2025 06:39:31 UTC] ✅ Logged: Invoice updated successfully /backend/public/api/invoices/DD0361CCAD6B
[12-Dec-2025 06:39:31 UTC] ✅ Logged: Invoices fetched successfully /backend/public/api/invoices
[12-Dec-2025 06:40:08 UTC] ✅ Logged: Invoices fetched successfully /backend/public/api/invoices
[12-Dec-2025 06:41:14 UTC] ✅ Logged: Invoice updated successfully /backend/public/api/invoices/25A8E3B75DCA
[12-Dec-2025 06:41:14 UTC] ✅ Logged: Invoices fetched successfully /backend/public/api/invoices
[12-Dec-2025 06:41:17 UTC] ✅ Logged: Invoices fetched successfully /backend/public/api/invoices
[12-Dec-2025 06:41:41 UTC] ✅ Logged: Invoices fetched successfully /backend/public/api/invoices
[12-Dec-2025 06:42:08 UTC] ✅ Logged: Invoice updated successfully /backend/public/api/invoices/A4D1E79A7A8F
[12-Dec-2025 06:42:08 UTC] ✅ Logged: Invoices fetched successfully /backend/public/api/invoices
[12-Dec-2025 06:42:22 UTC] ✅ Logged: Invoice updated successfully /backend/public/api/invoices/07670AC2664A
[12-Dec-2025 06:42:23 UTC] ✅ Logged: Invoices fetched successfully /backend/public/api/invoices
[12-Dec-2025 06:42:27 UTC] ✅ Logged: Invoices fetched successfully /backend/public/api/invoices
[12-Dec-2025 06:43:37 UTC] ✅ Logged: Invoice updated successfully /backend/public/api/invoices/1AB4EEA63F5E
[12-Dec-2025 06:43:37 UTC] ✅ Logged: Invoices fetched successfully /backend/public/api/invoices
[12-Dec-2025 06:44:48 UTC] ✅ Logged: Invoice updated successfully /backend/public/api/invoices/2BEDBF4B9D76
[12-Dec-2025 06:44:48 UTC] ✅ Logged: Invoices fetched successfully /backend/public/api/invoices
[12-Dec-2025 06:46:43 UTC] ✅ Logged: Invoice updated successfully /backend/public/api/invoices/9D1494D734F3
[12-Dec-2025 06:46:43 UTC] ✅ Logged: Invoices fetched successfully /backend/public/api/invoices
[12-Dec-2025 06:48:14 UTC] ✅ Logged: Invoice updated successfully /backend/public/api/invoices/7BA230F2DDEC
[12-Dec-2025 06:48:14 UTC] ✅ Logged: Invoices fetched successfully /backend/public/api/invoices
[12-Dec-2025 06:49:01 UTC] ✅ Logged: Invoice updated successfully /backend/public/api/invoices/93D4B6A4A01E
[12-Dec-2025 06:49:01 UTC] ✅ Logged: Invoices fetched successfully /backend/public/api/invoices
[12-Dec-2025 06:50:16 UTC] ✅ Logged: Invoices fetched successfully /backend/public/api/invoices
[12-Dec-2025 06:50:39 UTC] ✅ Logged: Invoice updated successfully /backend/public/api/invoices/99F87F780362
[12-Dec-2025 06:50:40 UTC] ✅ Logged: Invoices fetched successfully /backend/public/api/invoices
[12-Dec-2025 06:50:45 UTC] ✅ Logged: Invoices fetched successfully /backend/public/api/invoices
[12-Dec-2025 06:51:04 UTC] ✅ Logged: Invoices fetched successfully /backend/public/api/invoices
[12-Dec-2025 06:51:27 UTC] ✅ Logged: Invoice updated successfully /backend/public/api/invoices/01D2C74B4B34
[12-Dec-2025 06:51:27 UTC] ✅ Logged: Invoices fetched successfully /backend/public/api/invoices
[12-Dec-2025 06:51:31 UTC] ✅ Logged: Invoices fetched successfully /backend/public/api/invoices
[12-Dec-2025 06:52:34 UTC] ✅ Logged: Invoices fetched successfully /backend/public/api/invoices
[12-Dec-2025 06:52:56 UTC] ✅ Logged: Invoice updated successfully /backend/public/api/invoices/A4675D80B88A
[12-Dec-2025 06:52:57 UTC] ✅ Logged: Invoices fetched successfully /backend/public/api/invoices
[12-Dec-2025 06:53:02 UTC] ✅ Logged: Invoices fetched successfully /backend/public/api/invoices
[12-Dec-2025 06:53:23 UTC] ✅ Logged: Invoices fetched successfully /backend/public/api/invoices
[12-Dec-2025 06:56:49 UTC] ✅ Logged: Invoice updated successfully /backend/public/api/invoices/1D16A6191CED
[12-Dec-2025 06:56:50 UTC] ✅ Logged: Invoices fetched successfully /backend/public/api/invoices
[12-Dec-2025 06:57:06 UTC] ✅ Logged: Invoice updated successfully /backend/public/api/invoices/C05D5DF1D923
[12-Dec-2025 06:57:06 UTC] ✅ Logged: Invoices fetched successfully /backend/public/api/invoices
[12-Dec-2025 06:57:58 UTC] ✅ Logged: Invoices fetched successfully /backend/public/api/invoices
[12-Dec-2025 06:58:21 UTC] ✅ Logged: Invoices fetched successfully /backend/public/api/invoices
[12-Dec-2025 06:59:07 UTC] ✅ Logged: Invoice updated successfully /backend/public/api/invoices/FED1A09F2E35
[12-Dec-2025 06:59:07 UTC] ✅ Logged: Invoices fetched successfully /backend/public/api/invoices
[12-Dec-2025 06:59:10 UTC] ✅ Logged: Invoices fetched successfully /backend/public/api/invoices
[12-Dec-2025 06:59:31 UTC] ✅ Logged: Invoice updated successfully /backend/public/api/invoices/FED1A09F2E35
[12-Dec-2025 06:59:31 UTC] ✅ Logged: Invoices fetched successfully /backend/public/api/invoices
[12-Dec-2025 06:59:52 UTC] ✅ Logged: Invoices fetched successfully /backend/public/api/invoices
[12-Dec-2025 07:00:35 UTC] ✅ Logged: Invoice updated successfully /backend/public/api/invoices/44AD043A9ED0
[12-Dec-2025 07:00:36 UTC] ✅ Logged: Invoices fetched successfully /backend/public/api/invoices
[12-Dec-2025 07:00:44 UTC] ✅ Logged: Invoice updated successfully /backend/public/api/invoices/44AD043A9ED0
[12-Dec-2025 07:00:45 UTC] ✅ Logged: Invoices fetched successfully /backend/public/api/invoices
[12-Dec-2025 07:00:49 UTC] ✅ Logged: Invoices fetched successfully /backend/public/api/invoices
[12-Dec-2025 07:01:10 UTC] ✅ Logged: Invoices fetched successfully /backend/public/api/invoices
[12-Dec-2025 07:01:47 UTC] ✅ Logged: Invoice updated successfully /backend/public/api/invoices/F5EF8336B82A
[12-Dec-2025 07:01:47 UTC] ✅ Logged: Invoices fetched successfully /backend/public/api/invoices
[12-Dec-2025 07:02:08 UTC] ✅ Logged: Invoice updated successfully /backend/public/api/invoices/40FDAF10FE76
[12-Dec-2025 07:02:08 UTC] ✅ Logged: Invoices fetched successfully /backend/public/api/invoices
[12-Dec-2025 07:03:03 UTC] ✅ Logged: Invoice updated successfully /backend/public/api/invoices/40FDAF10FE76
[12-Dec-2025 07:03:04 UTC] ✅ Logged: Invoices fetched successfully /backend/public/api/invoices
[12-Dec-2025 07:03:07 UTC] ✅ Logged: Invoices fetched successfully /backend/public/api/invoices
[12-Dec-2025 07:03:28 UTC] ✅ Logged: Invoices fetched successfully /backend/public/api/invoices
[12-Dec-2025 07:03:53 UTC] ✅ Logged: Invoice updated successfully /backend/public/api/invoices/350D42829DB1
[12-Dec-2025 07:03:53 UTC] ✅ Logged: Invoices fetched successfully /backend/public/api/invoices
[12-Dec-2025 07:03:56 UTC] ✅ Logged: Invoices fetched successfully /backend/public/api/invoices
[12-Dec-2025 07:04:15 UTC] ✅ Logged: Invoices fetched successfully /backend/public/api/invoices
[12-Dec-2025 07:04:41 UTC] ✅ Logged: Invoice updated successfully /backend/public/api/invoices/86C55DF0BECA
[12-Dec-2025 07:04:42 UTC] ✅ Logged: Invoices fetched successfully /backend/public/api/invoices
[12-Dec-2025 07:04:44 UTC] ✅ Logged: Invoices fetched successfully /backend/public/api/invoices
[12-Dec-2025 07:06:03 UTC] ✅ Logged: Invoices fetched successfully /backend/public/api/invoices
[12-Dec-2025 07:06:06 UTC] ✅ Logged: Invoices fetched successfully /backend/public/api/invoices
[12-Dec-2025 07:06:45 UTC] ✅ Logged: Invoice updated successfully /backend/public/api/invoices/E349C4FA7475
[12-Dec-2025 07:06:45 UTC] ✅ Logged: Invoices fetched successfully /backend/public/api/invoices
[12-Dec-2025 07:06:52 UTC] ✅ Logged: Invoice updated successfully /backend/public/api/invoices/E349C4FA7475
[12-Dec-2025 07:06:52 UTC] ✅ Logged: Invoices fetched successfully /backend/public/api/invoices
[12-Dec-2025 07:06:55 UTC] ✅ Logged: Invoices fetched successfully /backend/public/api/invoices
[12-Dec-2025 07:07:02 UTC] ✅ Logged: Invoices fetched successfully /backend/public/api/invoices
[12-Dec-2025 07:07:27 UTC] ✅ Logged: Invoices fetched successfully /backend/public/api/invoices
[12-Dec-2025 07:08:05 UTC] ✅ Logged: Invoice updated successfully /backend/public/api/invoices/4EAC44DF5F50
[12-Dec-2025 07:08:05 UTC] ✅ Logged: Invoices fetched successfully /backend/public/api/invoices
[12-Dec-2025 07:08:10 UTC] ✅ Logged: Invoices fetched successfully /backend/public/api/invoices
[12-Dec-2025 07:09:10 UTC] ✅ Logged: Invoices fetched successfully /backend/public/api/invoices
[12-Dec-2025 07:09:34 UTC] ✅ Logged: Invoice updated successfully /backend/public/api/invoices/C6F1641E74C7
[12-Dec-2025 07:09:34 UTC] ✅ Logged: Invoices fetched successfully /backend/public/api/invoices
[12-Dec-2025 07:09:37 UTC] ✅ Logged: Invoices fetched successfully /backend/public/api/invoices
[12-Dec-2025 07:09:55 UTC] ✅ Logged: Invoices fetched successfully /backend/public/api/invoices
[12-Dec-2025 07:11:22 UTC] ✅ Logged: Invoice updated successfully /backend/public/api/invoices/8D81046E9294
[12-Dec-2025 07:11:22 UTC] ✅ Logged: Invoices fetched successfully /backend/public/api/invoices
[12-Dec-2025 07:11:25 UTC] ✅ Logged: Invoices fetched successfully /backend/public/api/invoices
[12-Dec-2025 07:11:49 UTC] ✅ Logged: Invoices fetched successfully /backend/public/api/invoices
[12-Dec-2025 07:12:14 UTC] ✅ Logged: Invoice updated successfully /backend/public/api/invoices/6A9A2408EE68
[12-Dec-2025 07:12:14 UTC] ✅ Logged: Invoices fetched successfully /backend/public/api/invoices
[12-Dec-2025 07:12:22 UTC] ✅ Logged: Invoices fetched successfully /backend/public/api/invoices
[12-Dec-2025 07:13:11 UTC] ✅ Logged: Invoices fetched successfully /backend/public/api/invoices
[12-Dec-2025 07:13:53 UTC] ✅ Logged: Invoice updated successfully /backend/public/api/invoices/F01089D2F570
[12-Dec-2025 07:13:53 UTC] ✅ Logged: Invoices fetched successfully /backend/public/api/invoices
[12-Dec-2025 07:13:56 UTC] ✅ Logged: Invoices fetched successfully /backend/public/api/invoices
[12-Dec-2025 07:14:13 UTC] ✅ Logged: Invoice updated successfully /backend/public/api/invoices/6A9A2408EE68
[12-Dec-2025 07:14:13 UTC] ✅ Logged: Invoices fetched successfully /backend/public/api/invoices
[12-Dec-2025 07:15:23 UTC] ✅ Logged: Invoice updated successfully /backend/public/api/invoices/6C60BFD7B6D5
[12-Dec-2025 07:15:24 UTC] ✅ Logged: Invoices fetched successfully /backend/public/api/invoices
[12-Dec-2025 07:21:35 UTC] ✅ Logged: Login successful /backend/public/api/auth/users/login
[12-Dec-2025 07:21:36 UTC] ✅ Logged: Business data fetched successfully. /backend/public/api/business
[12-Dec-2025 07:21:41 UTC] ✅ Logged: Invoices fetched successfully /backend/public/api/invoices
[12-Dec-2025 07:22:10 UTC] ✅ Logged: Invoice updated successfully /backend/public/api/invoices/28BB8E83C4BB
[12-Dec-2025 07:22:10 UTC] ✅ Logged: Invoices fetched successfully /backend/public/api/invoices
[12-Dec-2025 07:23:32 UTC] ✅ Logged: Invoice updated successfully /backend/public/api/invoices/758337B6ED09
[12-Dec-2025 07:23:33 UTC] ✅ Logged: Invoices fetched successfully /backend/public/api/invoices
[12-Dec-2025 07:25:40 UTC] ✅ Logged: Invoice updated successfully /backend/public/api/invoices/C04003737A49
[12-Dec-2025 07:25:40 UTC] ✅ Logged: Invoices fetched successfully /backend/public/api/invoices
[12-Dec-2025 07:26:53 UTC] ✅ Logged: Invoice updated successfully /backend/public/api/invoices/9DED3B0D1C75
[12-Dec-2025 07:26:53 UTC] ✅ Logged: Invoices fetched successfully /backend/public/api/invoices
[12-Dec-2025 07:27:31 UTC] ✅ Logged: Invoices fetched successfully /backend/public/api/invoices
[12-Dec-2025 07:28:17 UTC] ✅ Logged: Invoice updated successfully /backend/public/api/invoices/A8CE05AC009D
[12-Dec-2025 07:28:17 UTC] ✅ Logged: Invoices fetched successfully /backend/public/api/invoices
[12-Dec-2025 07:28:48 UTC] ✅ Logged: Invoice updated successfully /backend/public/api/invoices/AEF6B1F6F3B9
[12-Dec-2025 07:28:48 UTC] ✅ Logged: Invoices fetched successfully /backend/public/api/invoices
[12-Dec-2025 07:29:39 UTC] ✅ Logged: Invoice updated successfully /backend/public/api/invoices/A8CE05AC009D
[12-Dec-2025 07:29:40 UTC] ✅ Logged: Invoices fetched successfully /backend/public/api/invoices
[12-Dec-2025 07:30:05 UTC] ✅ Logged: Invoice updated successfully /backend/public/api/invoices/317EA8EC795D
[12-Dec-2025 07:30:06 UTC] ✅ Logged: Invoices fetched successfully /backend/public/api/invoices
[12-Dec-2025 07:30:40 UTC] ✅ Logged: Invoice updated successfully /backend/public/api/invoices/FDBD04DD3DAF
[12-Dec-2025 07:30:40 UTC] ✅ Logged: Invoices fetched successfully /backend/public/api/invoices
[12-Dec-2025 07:31:06 UTC] ✅ Logged: Invoice updated successfully /backend/public/api/invoices/48E8C0B93C06
[12-Dec-2025 07:31:06 UTC] ✅ Logged: Invoices fetched successfully /backend/public/api/invoices
[12-Dec-2025 07:31:30 UTC] ✅ Logged: Invoice updated successfully /backend/public/api/invoices/B555168448EB
[12-Dec-2025 07:31:30 UTC] ✅ Logged: Invoices fetched successfully /backend/public/api/invoices
[12-Dec-2025 07:31:35 UTC] ✅ Logged: Invoices fetched successfully /backend/public/api/invoices
[12-Dec-2025 07:32:45 UTC] ✅ Logged: Invoice type is required. /backend/public/api/invoices/2A3F28A93853
[12-Dec-2025 07:32:51 UTC] ✅ Logged: Invoice updated successfully /backend/public/api/invoices/2A3F28A93853
[12-Dec-2025 07:32:51 UTC] ✅ Logged: Invoices fetched successfully /backend/public/api/invoices
[12-Dec-2025 07:32:54 UTC] ✅ Logged: Invoices fetched successfully /backend/public/api/invoices
[12-Dec-2025 07:33:29 UTC] ✅ Logged: Invoice updated successfully /backend/public/api/invoices/1BE1CD77B966
[12-Dec-2025 07:33:30 UTC] ✅ Logged: Invoices fetched successfully /backend/public/api/invoices
[12-Dec-2025 07:34:17 UTC] ✅ Logged: Invoice updated successfully /backend/public/api/invoices/389022B65DD9
[12-Dec-2025 07:34:17 UTC] ✅ Logged: Invoices fetched successfully /backend/public/api/invoices
[12-Dec-2025 07:34:54 UTC] ✅ Logged: Invoice updated successfully /backend/public/api/invoices/C2FD41C0A8FA
[12-Dec-2025 07:34:54 UTC] ✅ Logged: Invoices fetched successfully /backend/public/api/invoices
[12-Dec-2025 07:35:31 UTC] ✅ Logged: Invoices fetched successfully /backend/public/api/invoices
[12-Dec-2025 07:35:53 UTC] ✅ Logged: Invoice updated successfully /backend/public/api/invoices/99726AB9046E
[12-Dec-2025 07:35:53 UTC] ✅ Logged: Invoices fetched successfully /backend/public/api/invoices
[12-Dec-2025 07:35:56 UTC] ✅ Logged: Invoices fetched successfully /backend/public/api/invoices
[12-Dec-2025 07:36:52 UTC] ✅ Logged: Invoices fetched successfully /backend/public/api/invoices
[12-Dec-2025 07:37:23 UTC] ✅ Logged: Invoice updated successfully /backend/public/api/invoices/901106312958
[12-Dec-2025 07:37:23 UTC] ✅ Logged: Invoices fetched successfully /backend/public/api/invoices
[12-Dec-2025 07:37:48 UTC] ✅ Logged: Invoice updated successfully /backend/public/api/invoices/22F800513770
[12-Dec-2025 07:37:49 UTC] ✅ Logged: Invoices fetched successfully /backend/public/api/invoices
[12-Dec-2025 07:37:52 UTC] ✅ Logged: Invoices fetched successfully /backend/public/api/invoices
[12-Dec-2025 07:38:51 UTC] ✅ Logged: Invoices fetched successfully /backend/public/api/invoices
[12-Dec-2025 07:39:32 UTC] ✅ Logged: Invoice updated successfully /backend/public/api/invoices/5804A4EC29F1
[12-Dec-2025 07:39:32 UTC] ✅ Logged: Invoices fetched successfully /backend/public/api/invoices
[12-Dec-2025 07:39:36 UTC] ✅ Logged: Invoices fetched successfully /backend/public/api/invoices
[12-Dec-2025 07:40:25 UTC] ✅ Logged: Invoices fetched successfully /backend/public/api/invoices
[12-Dec-2025 07:40:44 UTC] ✅ Logged: Invoice updated successfully /backend/public/api/invoices/19B2898478E2
[12-Dec-2025 07:40:44 UTC] ✅ Logged: Invoices fetched successfully /backend/public/api/invoices
[12-Dec-2025 07:40:47 UTC] ✅ Logged: Invoices fetched successfully /backend/public/api/invoices
[12-Dec-2025 07:41:11 UTC] ✅ Logged: Invoices fetched successfully /backend/public/api/invoices
[12-Dec-2025 07:41:28 UTC] ✅ Logged: Invoice updated successfully /backend/public/api/invoices/37019CD71D9D
[12-Dec-2025 07:41:28 UTC] ✅ Logged: Invoices fetched successfully /backend/public/api/invoices
[12-Dec-2025 07:41:42 UTC] ✅ Logged: Invoice updated successfully /backend/public/api/invoices/37019CD71D9D
[12-Dec-2025 07:41:42 UTC] ✅ Logged: Invoices fetched successfully /backend/public/api/invoices
[12-Dec-2025 07:41:44 UTC] ✅ Logged: Invoices fetched successfully /backend/public/api/invoices
[12-Dec-2025 07:43:28 UTC] ✅ Logged: Invoices fetched successfully /backend/public/api/invoices
[12-Dec-2025 07:44:02 UTC] ✅ Logged: Invoice updated successfully /backend/public/api/invoices/0A553ACC3F95
[12-Dec-2025 07:44:03 UTC] ✅ Logged: Invoices fetched successfully /backend/public/api/invoices
[12-Dec-2025 07:44:05 UTC] ✅ Logged: Invoices fetched successfully /backend/public/api/invoices
[12-Dec-2025 07:45:25 UTC] ✅ Logged: Invoices fetched successfully /backend/public/api/invoices
[12-Dec-2025 07:45:45 UTC] ✅ Logged: Invoice updated successfully /backend/public/api/invoices/50EB88824BC8
[12-Dec-2025 07:45:45 UTC] ✅ Logged: Invoices fetched successfully /backend/public/api/invoices
[12-Dec-2025 07:45:48 UTC] ✅ Logged: Invoices fetched successfully /backend/public/api/invoices
[12-Dec-2025 07:46:11 UTC] ✅ Logged: Invoices fetched successfully /backend/public/api/invoices
[12-Dec-2025 07:46:50 UTC] ✅ Logged: Invoice updated successfully /backend/public/api/invoices/935C897C8AC6
[12-Dec-2025 07:46:50 UTC] ✅ Logged: Invoices fetched successfully /backend/public/api/invoices
[12-Dec-2025 07:47:17 UTC] ✅ Logged: Invoice updated successfully /backend/public/api/invoices/1A765AB4EA64
[12-Dec-2025 07:47:17 UTC] ✅ Logged: Invoices fetched successfully /backend/public/api/invoices
[12-Dec-2025 07:47:45 UTC] ✅ Logged: Invoices fetched successfully /backend/public/api/invoices
[12-Dec-2025 07:48:11 UTC] ✅ Logged: Invoices fetched successfully /backend/public/api/invoices
[12-Dec-2025 07:48:52 UTC] ✅ Logged: Invoice updated successfully /backend/public/api/invoices/C5E266F13D4A
[12-Dec-2025 07:48:52 UTC] ✅ Logged: Invoices fetched successfully /backend/public/api/invoices
[12-Dec-2025 07:48:57 UTC] ✅ Logged: Invoices fetched successfully /backend/public/api/invoices
[12-Dec-2025 07:49:41 UTC] ✅ Logged: Invoices fetched successfully /backend/public/api/invoices
[12-Dec-2025 07:50:16 UTC] ✅ Logged: Invoice updated successfully /backend/public/api/invoices/E28863D47261
[12-Dec-2025 07:50:16 UTC] ✅ Logged: Invoices fetched successfully /backend/public/api/invoices
[12-Dec-2025 07:51:07 UTC] ✅ Logged: Invoice updated successfully /backend/public/api/invoices/6A07DB923EC5
[12-Dec-2025 07:51:07 UTC] ✅ Logged: Invoices fetched successfully /backend/public/api/invoices
[12-Dec-2025 07:51:11 UTC] ✅ Logged: Invoices fetched successfully /backend/public/api/invoices
[12-Dec-2025 07:51:54 UTC] ✅ Logged: Invoices fetched successfully /backend/public/api/invoices
[12-Dec-2025 07:53:10 UTC] ✅ Logged: Invoice updated successfully /backend/public/api/invoices/5F74F65D3453
[12-Dec-2025 07:53:10 UTC] ✅ Logged: Invoices fetched successfully /backend/public/api/invoices
[12-Dec-2025 07:53:13 UTC] ✅ Logged: Invoices fetched successfully /backend/public/api/invoices
[12-Dec-2025 07:54:09 UTC] ✅ Logged: Invoices fetched successfully /backend/public/api/invoices
[12-Dec-2025 07:54:35 UTC] ✅ Logged: Invoice updated successfully /backend/public/api/invoices/BC4BE26D092E
[12-Dec-2025 07:54:35 UTC] ✅ Logged: Invoices fetched successfully /backend/public/api/invoices
[12-Dec-2025 07:54:40 UTC] ✅ Logged: Invoices fetched successfully /backend/public/api/invoices
[12-Dec-2025 07:55:02 UTC] ✅ Logged: Invoices fetched successfully /backend/public/api/invoices
[12-Dec-2025 07:55:23 UTC] ✅ Logged: Invoice updated successfully /backend/public/api/invoices/4D717BC6B54F
[12-Dec-2025 07:55:24 UTC] ✅ Logged: Invoices fetched successfully /backend/public/api/invoices
[12-Dec-2025 07:55:54 UTC] ✅ Logged: Invoice updated successfully /backend/public/api/invoices/43A3CDAF01B3
[12-Dec-2025 07:55:55 UTC] ✅ Logged: Invoices fetched successfully /backend/public/api/invoices
[12-Dec-2025 07:55:58 UTC] ✅ Logged: Invoices fetched successfully /backend/public/api/invoices
[12-Dec-2025 07:56:22 UTC] ✅ Logged: Invoices fetched successfully /backend/public/api/invoices
[12-Dec-2025 07:57:05 UTC] ✅ Logged: Invoice updated successfully /backend/public/api/invoices/497D0308DD35
[12-Dec-2025 07:57:05 UTC] ✅ Logged: Invoices fetched successfully /backend/public/api/invoices
[12-Dec-2025 07:57:09 UTC] ✅ Logged: Invoices fetched successfully /backend/public/api/invoices
[12-Dec-2025 11:33:59 UTC] ✅ Logged: Login successful /backend/public/api/auth/users/login
[12-Dec-2025 11:33:59 UTC] ✅ Logged: Business data fetched successfully. /backend/public/api/business
[12-Dec-2025 11:34:02 UTC] ✅ Logged: Today dashboard stats fetched successfully. /backend/public/api/business/stats
[12-Dec-2025 11:34:05 UTC] ✅ Logged: Invoices fetched successfully /backend/public/api/invoices
[12-Dec-2025 11:35:05 UTC] ✅ Logged: Invoices fetched successfully /backend/public/api/invoices
[12-Dec-2025 11:37:09 UTC] ✅ Logged: Invoice updated successfully /backend/public/api/invoices/14F3E68B7F57
[12-Dec-2025 11:37:09 UTC] ✅ Logged: Invoices fetched successfully /backend/public/api/invoices
[12-Dec-2025 11:37:13 UTC] ✅ Logged: Invoices fetched successfully /backend/public/api/invoices
[12-Dec-2025 11:37:41 UTC] ✅ Logged: Invoices fetched successfully /backend/public/api/invoices
[12-Dec-2025 11:38:56 UTC] ✅ Logged: Invoice updated successfully /backend/public/api/invoices/C195A9EDFBF3
[12-Dec-2025 11:38:56 UTC] ✅ Logged: Invoices fetched successfully /backend/public/api/invoices
[12-Dec-2025 11:39:23 UTC] ✅ Logged: Invoice updated successfully /backend/public/api/invoices/053E712A5B7A
[12-Dec-2025 11:39:23 UTC] ✅ Logged: Invoices fetched successfully /backend/public/api/invoices
[12-Dec-2025 11:39:49 UTC] ✅ Logged: Invoice updated successfully /backend/public/api/invoices/E3AF6CE05BA9
[12-Dec-2025 11:39:50 UTC] ✅ Logged: Invoices fetched successfully /backend/public/api/invoices
[12-Dec-2025 11:40:13 UTC] ✅ Logged: Invoice updated successfully /backend/public/api/invoices/95EE61E74F51
[12-Dec-2025 11:40:13 UTC] ✅ Logged: Invoices fetched successfully /backend/public/api/invoices
[12-Dec-2025 11:42:35 UTC] ✅ Logged: Invoice updated successfully /backend/public/api/invoices/4641BB5625EE
[12-Dec-2025 11:42:35 UTC] ✅ Logged: Invoices fetched successfully /backend/public/api/invoices
[12-Dec-2025 11:43:01 UTC] ✅ Logged: Invoices fetched successfully /backend/public/api/invoices
[12-Dec-2025 11:54:24 UTC] ✅ Logged: Invoices fetched successfully /backend/public/api/invoices
[12-Dec-2025 11:55:38 UTC] ✅ Logged: Invoice updated successfully /backend/public/api/invoices/868674B31D70
[12-Dec-2025 11:55:38 UTC] ✅ Logged: Invoices fetched successfully /backend/public/api/invoices
[12-Dec-2025 11:55:41 UTC] ✅ Logged: Invoices fetched successfully /backend/public/api/invoices
[12-Dec-2025 11:55:45 UTC] ✅ Logged: Invoices fetched successfully /backend/public/api/invoices
[12-Dec-2025 11:56:04 UTC] ✅ Logged: Invoices fetched successfully /backend/public/api/invoices
[12-Dec-2025 11:57:17 UTC] ✅ Logged: Invoice updated successfully /backend/public/api/invoices/005802FCBFE5
[12-Dec-2025 11:57:17 UTC] ✅ Logged: Invoices fetched successfully /backend/public/api/invoices
[12-Dec-2025 11:57:49 UTC] ✅ Logged: Invoice updated successfully /backend/public/api/invoices/A76899529A11
[12-Dec-2025 11:57:50 UTC] ✅ Logged: Invoices fetched successfully /backend/public/api/invoices
[12-Dec-2025 11:58:17 UTC] ✅ Logged: Invoice updated successfully /backend/public/api/invoices/D165BBDD5C4D
[12-Dec-2025 11:58:17 UTC] ✅ Logged: Invoices fetched successfully /backend/public/api/invoices
[12-Dec-2025 11:59:08 UTC] ✅ Logged: Invoices fetched successfully /backend/public/api/invoices
[12-Dec-2025 11:59:33 UTC] ✅ Logged: Invoices fetched successfully /backend/public/api/invoices
[12-Dec-2025 12:00:09 UTC] ✅ Logged: Invoice updated successfully /backend/public/api/invoices/FD245C436008
[12-Dec-2025 12:00:09 UTC] ✅ Logged: Invoices fetched successfully /backend/public/api/invoices
[12-Dec-2025 12:00:13 UTC] ✅ Logged: Invoices fetched successfully /backend/public/api/invoices
[12-Dec-2025 12:00:31 UTC] ✅ Logged: Invoices fetched successfully /backend/public/api/invoices
[12-Dec-2025 12:01:07 UTC] ✅ Logged: Invoice updated successfully /backend/public/api/invoices/17BCDB8FF6CE
[12-Dec-2025 12:01:07 UTC] ✅ Logged: Invoices fetched successfully /backend/public/api/invoices
[12-Dec-2025 12:01:35 UTC] ✅ Logged: Invoice updated successfully /backend/public/api/invoices/ED998ED63266
[12-Dec-2025 12:01:35 UTC] ✅ Logged: Invoices fetched successfully /backend/public/api/invoices
[12-Dec-2025 12:01:39 UTC] ✅ Logged: Invoices fetched successfully /backend/public/api/invoices
[12-Dec-2025 12:01:54 UTC] ✅ Logged: Invoices fetched successfully /backend/public/api/invoices
[12-Dec-2025 12:04:53 UTC] ✅ Logged: Invoice updated successfully /backend/public/api/invoices/242945103565
[12-Dec-2025 12:04:53 UTC] ✅ Logged: Invoices fetched successfully /backend/public/api/invoices
[12-Dec-2025 12:05:07 UTC] ✅ Logged: Invoices fetched successfully /backend/public/api/invoices
[12-Dec-2025 12:06:29 UTC] ✅ Logged: Invoices fetched successfully /backend/public/api/invoices
[12-Dec-2025 12:22:22 UTC] ✅ Logged: Invoices fetched successfully /backend/public/api/invoices
[12-Dec-2025 12:22:25 UTC] ✅ Logged: Invoices fetched successfully /backend/public/api/invoices
[12-Dec-2025 12:31:20 UTC] ✅ Logged: Invoices fetched successfully /backend/public/api/invoices
[12-Dec-2025 12:41:08 UTC] ✅ Logged: Login successful /backend/public/api/auth/users/login
[12-Dec-2025 12:41:08 UTC] ✅ Logged: Business data fetched successfully. /backend/public/api/business
[12-Dec-2025 12:41:15 UTC] ✅ Logged: Invoices fetched successfully /backend/public/api/invoices
[12-Dec-2025 12:53:31 UTC] ✅ Logged: Today dashboard stats fetched successfully. /backend/public/api/business/stats
[12-Dec-2025 12:53:34 UTC] ✅ Logged: Invoices fetched successfully /backend/public/api/invoices
[12-Dec-2025 13:02:21 UTC] ✅ Logged: Invoices fetched successfully /backend/public/api/invoices
[12-Dec-2025 13:02:41 UTC] ✅ Logged: Invoices fetched successfully /backend/public/api/invoices
[12-Dec-2025 13:02:45 UTC] ✅ Logged: Invoices fetched successfully /backend/public/api/invoices
[12-Dec-2025 13:04:01 UTC] ✅ Logged: Invoice updated successfully /backend/public/api/invoices/899711DC18FB
[12-Dec-2025 13:04:01 UTC] ✅ Logged: Invoices fetched successfully /backend/public/api/invoices
[12-Dec-2025 13:04:13 UTC] ✅ Logged: Invoices fetched successfully /backend/public/api/invoices
[12-Dec-2025 13:07:37 UTC] ✅ Logged: Invoice updated successfully /backend/public/api/invoices/E6895421597B
[12-Dec-2025 13:07:37 UTC] ✅ Logged: Invoices fetched successfully /backend/public/api/invoices
[12-Dec-2025 13:07:50 UTC] ✅ Logged: Invoices fetched successfully /backend/public/api/invoices
[12-Dec-2025 13:21:55 UTC] ✅ Logged: Invoices fetched successfully /backend/public/api/invoices
[12-Dec-2025 13:22:17 UTC] ✅ Logged: Invoice updated successfully /backend/public/api/invoices/A1F13608F989
[12-Dec-2025 13:22:17 UTC] ✅ Logged: Invoices fetched successfully /backend/public/api/invoices
[12-Dec-2025 13:22:21 UTC] ✅ Logged: Invoices fetched successfully /backend/public/api/invoices
[12-Dec-2025 13:22:46 UTC] ✅ Logged: Invoices fetched successfully /backend/public/api/invoices
[12-Dec-2025 13:23:16 UTC] ✅ Logged: Invoice updated successfully /backend/public/api/invoices/D867C110B557
[12-Dec-2025 13:23:16 UTC] ✅ Logged: Invoices fetched successfully /backend/public/api/invoices
[12-Dec-2025 13:23:19 UTC] ✅ Logged: Invoices fetched successfully /backend/public/api/invoices
[12-Dec-2025 13:23:41 UTC] ✅ Logged: Invoices fetched successfully /backend/public/api/invoices
[12-Dec-2025 13:24:08 UTC] ✅ Logged: Invoice updated successfully /backend/public/api/invoices/60880869B291
[12-Dec-2025 13:24:08 UTC] ✅ Logged: Invoices fetched successfully /backend/public/api/invoices
[12-Dec-2025 13:24:46 UTC] ✅ Logged: Invoice updated successfully /backend/public/api/invoices/20D620EB7910
[12-Dec-2025 13:24:46 UTC] ✅ Logged: Invoices fetched successfully /backend/public/api/invoices
[12-Dec-2025 13:25:12 UTC] ✅ Logged: Invoice updated successfully /backend/public/api/invoices/4B5AB0777D44
[12-Dec-2025 13:25:12 UTC] ✅ Logged: Invoices fetched successfully /backend/public/api/invoices
[12-Dec-2025 13:26:29 UTC] ✅ Logged: Invoices fetched successfully /backend/public/api/invoices
[12-Dec-2025 13:26:46 UTC] ✅ Logged: Invoices fetched successfully /backend/public/api/invoices
[12-Dec-2025 13:27:07 UTC] ✅ Logged: Invoice updated successfully /backend/public/api/invoices/D2C0EF2CD277
[12-Dec-2025 13:27:07 UTC] ✅ Logged: Invoices fetched successfully /backend/public/api/invoices
[12-Dec-2025 13:27:31 UTC] ✅ Logged: Invoice updated successfully /backend/public/api/invoices/73A392A69BDB
[12-Dec-2025 13:27:31 UTC] ✅ Logged: Invoices fetched successfully /backend/public/api/invoices
[12-Dec-2025 13:27:51 UTC] ✅ Logged: Invoice updated successfully /backend/public/api/invoices/8A91AC514F91
[12-Dec-2025 13:27:51 UTC] ✅ Logged: Invoices fetched successfully /backend/public/api/invoices
[12-Dec-2025 13:28:15 UTC] ✅ Logged: Invoice updated successfully /backend/public/api/invoices/08F48AAB6B57
[12-Dec-2025 13:28:15 UTC] ✅ Logged: Invoices fetched successfully /backend/public/api/invoices
[12-Dec-2025 13:29:10 UTC] ✅ Logged: Invoice updated successfully /backend/public/api/invoices/64A5CB73F41C
[12-Dec-2025 13:29:10 UTC] ✅ Logged: Invoices fetched successfully /backend/public/api/invoices
[12-Dec-2025 13:29:30 UTC] ✅ Logged: Invoices fetched successfully /backend/public/api/invoices
[12-Dec-2025 13:29:49 UTC] ✅ Logged: Invoices fetched successfully /backend/public/api/invoices
[12-Dec-2025 13:30:27 UTC] ✅ Logged: Invoice updated successfully /backend/public/api/invoices/FDE8E4831A17
[12-Dec-2025 13:30:27 UTC] ✅ Logged: Invoices fetched successfully /backend/public/api/invoices
[12-Dec-2025 13:31:07 UTC] ✅ Logged: Invoice updated successfully /backend/public/api/invoices/8F04FD4BAF23
[12-Dec-2025 13:31:07 UTC] ✅ Logged: Invoices fetched successfully /backend/public/api/invoices
[12-Dec-2025 13:31:16 UTC] ✅ Logged: Invoices fetched successfully /backend/public/api/invoices
[12-Dec-2025 13:31:29 UTC] ✅ Logged: Invoices fetched successfully /backend/public/api/invoices
[12-Dec-2025 13:33:24 UTC] ✅ Logged: Invoice updated successfully /backend/public/api/invoices/6747E34697E4
[12-Dec-2025 13:33:24 UTC] ✅ Logged: Invoices fetched successfully /backend/public/api/invoices
[12-Dec-2025 13:36:16 UTC] ✅ Logged: Invoice updated successfully /backend/public/api/invoices/6747E34697E4
[12-Dec-2025 13:36:16 UTC] ✅ Logged: Invoices fetched successfully /backend/public/api/invoices
[12-Dec-2025 13:38:06 UTC] ✅ Logged: Invoice updated successfully /backend/public/api/invoices/2C40F0B64263
[12-Dec-2025 13:38:06 UTC] ✅ Logged: Invoices fetched successfully /backend/public/api/invoices
[12-Dec-2025 13:39:13 UTC] ✅ Logged: Invoice updated successfully /backend/public/api/invoices/6CDCB2716A4F
[12-Dec-2025 13:39:13 UTC] ✅ Logged: Invoices fetched successfully /backend/public/api/invoices
[12-Dec-2025 13:39:33 UTC] ✅ Logged: Invoice updated successfully /backend/public/api/invoices/6CDCB2716A4F
[12-Dec-2025 13:39:33 UTC] ✅ Logged: Invoices fetched successfully /backend/public/api/invoices
[12-Dec-2025 13:39:49 UTC] ✅ Logged: Invoice updated successfully /backend/public/api/invoices/6747E34697E4
[12-Dec-2025 13:39:49 UTC] ✅ Logged: Invoices fetched successfully /backend/public/api/invoices
[12-Dec-2025 13:40:00 UTC] ✅ Logged: Invoices fetched successfully /backend/public/api/invoices
[12-Dec-2025 13:40:59 UTC] ✅ Logged: Invoices fetched successfully /backend/public/api/invoices
[12-Dec-2025 13:41:42 UTC] ✅ Logged: Login successful /backend/public/api/auth/users/login
[12-Dec-2025 13:41:42 UTC] ✅ Logged: Business data fetched successfully. /backend/public/api/business
[12-Dec-2025 13:41:48 UTC] ✅ Logged: Invoices fetched successfully /backend/public/api/invoices
[12-Dec-2025 13:42:46 UTC] ✅ Logged: Invoice updated successfully /backend/public/api/invoices/18604FB500A2
[12-Dec-2025 13:42:47 UTC] ✅ Logged: Invoices fetched successfully /backend/public/api/invoices
[12-Dec-2025 13:43:03 UTC] ✅ Logged: Invoices fetched successfully /backend/public/api/invoices
[12-Dec-2025 13:43:41 UTC] ✅ Logged: Invoice updated successfully /backend/public/api/invoices/04C70FABA3A1
[12-Dec-2025 13:43:41 UTC] ✅ Logged: Invoices fetched successfully /backend/public/api/invoices
[12-Dec-2025 13:44:41 UTC] ✅ Logged: Invoice updated successfully /backend/public/api/invoices/5DA5C222BD60
[12-Dec-2025 13:44:41 UTC] ✅ Logged: Invoices fetched successfully /backend/public/api/invoices
[12-Dec-2025 13:44:56 UTC] ✅ Logged: Invoices fetched successfully /backend/public/api/invoices
[12-Dec-2025 13:45:12 UTC] ✅ Logged: Invoices fetched successfully /backend/public/api/invoices
[12-Dec-2025 13:45:32 UTC] ✅ Logged: Name should be 3-50 characters, alphabetic only. /backend/public/api/invoices/41891E2B4A4C
[12-Dec-2025 13:45:41 UTC] ✅ Logged: Invoice updated successfully /backend/public/api/invoices/41891E2B4A4C
[12-Dec-2025 13:45:41 UTC] ✅ Logged: Invoices fetched successfully /backend/public/api/invoices
[12-Dec-2025 13:46:17 UTC] ✅ Logged: Name should be 3-50 characters, alphabetic only. /backend/public/api/invoices/FCCE5ECD0AB6
[12-Dec-2025 13:46:25 UTC] ✅ Logged: Invoice updated successfully /backend/public/api/invoices/FCCE5ECD0AB6
[12-Dec-2025 13:46:25 UTC] ✅ Logged: Invoices fetched successfully /backend/public/api/invoices
[12-Dec-2025 13:49:14 UTC] ✅ Logged: Invoices fetched successfully /backend/public/api/invoices
[12-Dec-2025 13:57:03 UTC] ✅ Logged: Invoices fetched successfully /backend/public/api/invoices
[12-Dec-2025 14:19:48 UTC] ✅ Logged: Invoice updated successfully /backend/public/api/invoices/3C6C785C5BDC
[12-Dec-2025 14:19:49 UTC] ✅ Logged: Invoices fetched successfully /backend/public/api/invoices
[12-Dec-2025 14:19:53 UTC] ✅ Logged: Invoices fetched successfully /backend/public/api/invoices
[13-Dec-2025 06:23:43 UTC] ✅ Logged: Login successful /backend/public/api/auth/users/login
[13-Dec-2025 06:23:43 UTC] ✅ Logged: Business data fetched successfully. /backend/public/api/business
[13-Dec-2025 06:23:46 UTC] ✅ Logged: Today dashboard stats fetched successfully. /backend/public/api/business/stats
[13-Dec-2025 06:23:51 UTC] ✅ Logged: Invoices fetched successfully /backend/public/api/invoices
[13-Dec-2025 06:24:01 UTC] ✅ Logged: Invoices fetched successfully /backend/public/api/invoices
[13-Dec-2025 06:24:03 UTC] ✅ Logged: Invoices fetched successfully /backend/public/api/invoices
[13-Dec-2025 06:24:21 UTC] ✅ Logged: Invoices fetched successfully /backend/public/api/invoices
[13-Dec-2025 06:24:26 UTC] ✅ Logged: Invoices fetched successfully /backend/public/api/invoices
[13-Dec-2025 06:24:36 UTC] ✅ Logged: Invoices fetched successfully /backend/public/api/invoices
[13-Dec-2025 06:24:45 UTC] ✅ Logged: Invoices fetched successfully /backend/public/api/invoices
[13-Dec-2025 06:25:26 UTC] ✅ Logged: Invoices fetched successfully /backend/public/api/invoices
[13-Dec-2025 06:27:37 UTC] ✅ Logged: Invoices fetched successfully /backend/public/api/invoices
[13-Dec-2025 06:27:41 UTC] ✅ Logged: Invoices fetched successfully /backend/public/api/invoices
[13-Dec-2025 06:28:12 UTC] ✅ Logged: Invoices fetched successfully /backend/public/api/invoices
[13-Dec-2025 06:28:27 UTC] ✅ Logged: No invoices found matching the criteria. /backend/public/api/invoices
[13-Dec-2025 06:28:41 UTC] ✅ Logged: Invoices fetched successfully /backend/public/api/invoices
[13-Dec-2025 08:10:39 UTC] ✅ Logged: Login successful /backend/public/api/auth/users/login
[13-Dec-2025 08:10:39 UTC] ✅ Logged: Business data fetched successfully. /backend/public/api/business
[13-Dec-2025 08:10:42 UTC] ✅ Logged: Today dashboard stats fetched successfully. /backend/public/api/business/stats
[13-Dec-2025 08:10:45 UTC] ✅ Logged: Invoices fetched successfully /backend/public/api/invoices
[13-Dec-2025 08:11:40 UTC] ✅ Logged: Invoices fetched successfully /backend/public/api/invoices
[13-Dec-2025 08:11:42 UTC] ✅ Logged: Invoices fetched successfully /backend/public/api/invoices
[13-Dec-2025 10:07:03 UTC] ✅ Logged: Login successful /backend/public/api/auth/users/login
[13-Dec-2025 10:07:03 UTC] ✅ Logged: Business data fetched successfully. /backend/public/api/business
[13-Dec-2025 10:07:06 UTC] ✅ Logged: Today dashboard stats fetched successfully. /backend/public/api/business/stats
[13-Dec-2025 10:07:09 UTC] ✅ Logged: Invoices fetched successfully /backend/public/api/invoices
[13-Dec-2025 10:07:17 UTC] ✅ Logged: Invoices fetched successfully /backend/public/api/invoices
[13-Dec-2025 10:07:29 UTC] ✅ Logged: Invoices fetched successfully /backend/public/api/invoices
[13-Dec-2025 10:07:40 UTC] ✅ Logged: Invoices fetched successfully /backend/public/api/invoices
[13-Dec-2025 10:15:14 UTC] ✅ Logged: Invoices fetched successfully /backend/public/api/invoices
[13-Dec-2025 10:15:16 UTC] ✅ Logged: No invoices found matching the criteria. /backend/public/api/invoices
[13-Dec-2025 10:15:27 UTC] ✅ Logged: No invoices found matching the criteria. /backend/public/api/invoices
[13-Dec-2025 10:15:33 UTC] ✅ Logged: Invoices fetched successfully /backend/public/api/invoices
[13-Dec-2025 11:43:45 UTC] ✅ Logged: Login successful /backend/public/api/auth/users/login
[13-Dec-2025 11:43:45 UTC] ✅ Logged: Business data fetched successfully. /backend/public/api/business
[13-Dec-2025 11:43:50 UTC] ✅ Logged: Invoices fetched successfully /backend/public/api/invoices
[13-Dec-2025 11:44:14 UTC] ✅ Logged: Invoices fetched successfully /backend/public/api/invoices
[13-Dec-2025 11:44:18 UTC] ✅ Logged: No invoices found matching the criteria. /backend/public/api/invoices
[13-Dec-2025 11:44:25 UTC] ✅ Logged: Invoices fetched successfully /backend/public/api/invoices
[13-Dec-2025 11:44:37 UTC] ✅ Logged: Invoices fetched successfully /backend/public/api/invoices
[13-Dec-2025 11:44:48 UTC] ✅ Logged: Invoices fetched successfully /backend/public/api/invoices
[13-Dec-2025 11:44:57 UTC] ✅ Logged: No invoices found matching the criteria. /backend/public/api/invoices
[13-Dec-2025 11:45:07 UTC] ✅ Logged: Invoices fetched successfully /backend/public/api/invoices
[13-Dec-2025 11:47:15 UTC] ✅ Logged: Invoices fetched successfully /backend/public/api/invoices
[13-Dec-2025 11:56:22 UTC] ✅ Logged: Invoice updated successfully /backend/public/api/invoices/0FC1FD183761
[13-Dec-2025 11:56:22 UTC] ✅ Logged: Invoices fetched successfully /backend/public/api/invoices
[13-Dec-2025 11:57:03 UTC] ✅ Logged: Invoice updated successfully /backend/public/api/invoices/39655729FF65
[13-Dec-2025 11:57:03 UTC] ✅ Logged: No invoices found matching the criteria. /backend/public/api/invoices
[13-Dec-2025 11:57:44 UTC] ✅ Logged: Invoices fetched successfully /backend/public/api/invoices
[13-Dec-2025 11:57:50 UTC] ✅ Logged: Invoices fetched successfully /backend/public/api/invoices
[13-Dec-2025 11:58:06 UTC] ✅ Logged: Invoice updated successfully /backend/public/api/invoices/39655729FF65
[13-Dec-2025 11:58:06 UTC] ✅ Logged: Invoices fetched successfully /backend/public/api/invoices
[13-Dec-2025 11:58:16 UTC] ✅ Logged: Invoices fetched successfully /backend/public/api/invoices
[13-Dec-2025 13:23:52 UTC] ✅ Logged: Login successful /backend/public/api/auth/users/login
[13-Dec-2025 13:23:52 UTC] ✅ Logged: Business data fetched successfully. /backend/public/api/business
[13-Dec-2025 13:23:55 UTC] ✅ Logged: Today dashboard stats fetched successfully. /backend/public/api/business/stats
[13-Dec-2025 13:23:59 UTC] ✅ Logged: Invoices fetched successfully /backend/public/api/invoices
[13-Dec-2025 13:24:06 UTC] ✅ Logged: No invoices found matching the criteria. /backend/public/api/invoices
[13-Dec-2025 13:24:24 UTC] ✅ Logged: Invoices fetched successfully /backend/public/api/invoices
[13-Dec-2025 13:24:48 UTC] ✅ Logged: No invoices found matching the criteria. /backend/public/api/invoices
[13-Dec-2025 13:24:54 UTC] ✅ Logged: Invoices fetched successfully /backend/public/api/invoices
[13-Dec-2025 13:25:01 UTC] ✅ Logged: No invoices found matching the criteria. /backend/public/api/invoices
[13-Dec-2025 13:25:07 UTC] ✅ Logged: Invoices fetched successfully /backend/public/api/invoices
[13-Dec-2025 13:31:36 UTC] ✅ Logged: No invoices found matching the criteria. /backend/public/api/invoices
[13-Dec-2025 13:31:43 UTC] ✅ Logged: Invoices fetched successfully /backend/public/api/invoices
[13-Dec-2025 13:32:15 UTC] ✅ Logged: Invoices fetched successfully /backend/public/api/invoices
[13-Dec-2025 13:32:47 UTC] ✅ Logged: Invoices fetched successfully /backend/public/api/invoices
[13-Dec-2025 13:36:32 UTC] ✅ Logged: Invoices fetched successfully /backend/public/api/invoices
[13-Dec-2025 13:37:28 UTC] ✅ Logged: Invoice type is required. /backend/public/api/invoices/1D6B6FEC62D1
[13-Dec-2025 13:37:34 UTC] ✅ Logged: Invoice updated successfully /backend/public/api/invoices/1D6B6FEC62D1
[13-Dec-2025 13:37:34 UTC] ✅ Logged: Invoices fetched successfully /backend/public/api/invoices
[13-Dec-2025 14:30:54 UTC] ✅ Logged: Login successful /backend/public/api/auth/users/login
[13-Dec-2025 14:30:55 UTC] ✅ Logged: Business data fetched successfully. /backend/public/api/business
[13-Dec-2025 14:30:59 UTC] ✅ Logged: Today dashboard stats fetched successfully. /backend/public/api/business/stats
[13-Dec-2025 14:31:01 UTC] ✅ Logged: Invoices fetched successfully /backend/public/api/invoices
[13-Dec-2025 14:31:08 UTC] ✅ Logged: Invoices fetched successfully /backend/public/api/invoices
[13-Dec-2025 14:31:12 UTC] ✅ Logged: No invoices found matching the criteria. /backend/public/api/invoices
[13-Dec-2025 14:37:21 UTC] ✅ Logged: No invoices found matching the criteria. /backend/public/api/invoices
[13-Dec-2025 14:37:26 UTC] ✅ Logged: Invoices fetched successfully /backend/public/api/invoices
[13-Dec-2025 14:38:11 UTC] ✅ Logged: Invoices fetched successfully /backend/public/api/invoices
[13-Dec-2025 14:39:28 UTC] ✅ Logged: Invoices fetched successfully /backend/public/api/invoices
[13-Dec-2025 14:39:55 UTC] ✅ Logged: Invoice updated successfully /backend/public/api/invoices/C317D769B758
[13-Dec-2025 14:39:55 UTC] ✅ Logged: Invoices fetched successfully /backend/public/api/invoices
[13-Dec-2025 14:40:01 UTC] ✅ Logged: Invoices fetched successfully /backend/public/api/invoices
[13-Dec-2025 14:40:26 UTC] ✅ Logged: Invoices fetched successfully /backend/public/api/invoices
[13-Dec-2025 14:41:58 UTC] ✅ Logged: Invoice updated successfully /backend/public/api/invoices/F8453AA578AE
[13-Dec-2025 14:41:59 UTC] ✅ Logged: Invoices fetched successfully /backend/public/api/invoices
[13-Dec-2025 14:42:09 UTC] ✅ Logged: Invoices fetched successfully /backend/public/api/invoices
[13-Dec-2025 14:42:50 UTC] ✅ Logged: Invoices fetched successfully /backend/public/api/invoices
[13-Dec-2025 14:43:22 UTC] ✅ Logged: Invoice updated successfully /backend/public/api/invoices/9E9EEC9FE76A
[13-Dec-2025 14:43:22 UTC] ✅ Logged: Invoices fetched successfully /backend/public/api/invoices
[13-Dec-2025 14:43:25 UTC] ✅ Logged: Invoices fetched successfully /backend/public/api/invoices
[13-Dec-2025 14:43:47 UTC] ✅ Logged: Invoices fetched successfully /backend/public/api/invoices
[13-Dec-2025 14:44:17 UTC] ✅ Logged: Invoice updated successfully /backend/public/api/invoices/CC7C9BB9BDC9
[13-Dec-2025 14:44:18 UTC] ✅ Logged: Invoices fetched successfully /backend/public/api/invoices
[13-Dec-2025 14:44:21 UTC] ✅ Logged: Invoices fetched successfully /backend/public/api/invoices
[13-Dec-2025 14:46:07 UTC] ✅ Logged: Invoices fetched successfully /backend/public/api/invoices
[13-Dec-2025 14:46:36 UTC] ✅ Logged: Invoice updated successfully /backend/public/api/invoices/0E209B20EAB2
[13-Dec-2025 14:46:36 UTC] ✅ Logged: Invoices fetched successfully /backend/public/api/invoices
[13-Dec-2025 14:47:10 UTC] ✅ Logged: Invoice updated successfully /backend/public/api/invoices/95896C82C8E8
[13-Dec-2025 14:47:11 UTC] ✅ Logged: Invoices fetched successfully /backend/public/api/invoices
[13-Dec-2025 14:47:18 UTC] ✅ Logged: Invoice updated successfully /backend/public/api/invoices/0E209B20EAB2
[13-Dec-2025 14:47:19 UTC] ✅ Logged: Invoices fetched successfully /backend/public/api/invoices
[13-Dec-2025 14:47:31 UTC] ✅ Logged: Invoices fetched successfully /backend/public/api/invoices
[13-Dec-2025 14:47:49 UTC] ✅ Logged: Invoices fetched successfully /backend/public/api/invoices
[13-Dec-2025 14:48:20 UTC] ✅ Logged: Invoice updated successfully /backend/public/api/invoices/9CC7099BDACF
[13-Dec-2025 14:48:21 UTC] ✅ Logged: Invoices fetched successfully /backend/public/api/invoices
[13-Dec-2025 14:48:47 UTC] ✅ Logged: Invoice updated successfully /backend/public/api/invoices/DC4CA62DABD5
[13-Dec-2025 14:48:48 UTC] ✅ Logged: Invoices fetched successfully /backend/public/api/invoices
[13-Dec-2025 14:49:23 UTC] ✅ Logged: Invoices fetched successfully /backend/public/api/invoices
[13-Dec-2025 14:49:55 UTC] ✅ Logged: Invoices fetched successfully /backend/public/api/invoices
[13-Dec-2025 14:50:50 UTC] ✅ Logged: Invoice updated successfully /backend/public/api/invoices/32EE976311F0
[13-Dec-2025 14:50:50 UTC] ✅ Logged: Invoices fetched successfully /backend/public/api/invoices
[13-Dec-2025 14:50:54 UTC] ✅ Logged: Invoices fetched successfully /backend/public/api/invoices
[13-Dec-2025 14:51:46 UTC] ✅ Logged: Invoices fetched successfully /backend/public/api/invoices
[13-Dec-2025 14:52:52 UTC] ✅ Logged: Name should be 3-50 characters, alphabetic only. /backend/public/api/invoices/A6FBB912CD9E
[13-Dec-2025 14:52:58 UTC] ✅ Logged: Invoice updated successfully /backend/public/api/invoices/A6FBB912CD9E
[13-Dec-2025 14:52:58 UTC] ✅ Logged: Invoices fetched successfully /backend/public/api/invoices
[13-Dec-2025 14:53:03 UTC] ✅ Logged: Invoices fetched successfully /backend/public/api/invoices
[13-Dec-2025 14:53:59 UTC] ✅ Logged: Invoices fetched successfully /backend/public/api/invoices
[13-Dec-2025 14:54:29 UTC] ✅ Logged: Invoice updated successfully /backend/public/api/invoices/EF6B39058F9F
[13-Dec-2025 14:54:31 UTC] ✅ Logged: Invoices fetched successfully /backend/public/api/invoices
[13-Dec-2025 14:54:42 UTC] ✅ Logged: Invoices fetched successfully /backend/public/api/invoices
[13-Dec-2025 14:55:24 UTC] ✅ Logged: Invoices fetched successfully /backend/public/api/invoices
[13-Dec-2025 14:56:00 UTC] ✅ Logged: Invoice updated successfully /backend/public/api/invoices/B5B088139DCA
[13-Dec-2025 14:56:01 UTC] ✅ Logged: Invoices fetched successfully /backend/public/api/invoices
[13-Dec-2025 14:56:30 UTC] ✅ Logged: Invoices fetched successfully /backend/public/api/invoices
[13-Dec-2025 14:56:50 UTC] ✅ Logged: Invoices fetched successfully /backend/public/api/invoices
[13-Dec-2025 14:57:16 UTC] ✅ Logged: Invoice updated successfully /backend/public/api/invoices/B49C8459E641
[13-Dec-2025 14:57:16 UTC] ✅ Logged: Invoices fetched successfully /backend/public/api/invoices
[13-Dec-2025 14:57:42 UTC] ✅ Logged: Invoice updated successfully /backend/public/api/invoices/5BB9420A062A
[13-Dec-2025 14:57:42 UTC] ✅ Logged: Invoices fetched successfully /backend/public/api/invoices
[13-Dec-2025 14:58:26 UTC] ✅ Logged: Invoice updated successfully /backend/public/api/invoices/9F929CD4EE1A
[13-Dec-2025 14:58:26 UTC] ✅ Logged: Invoices fetched successfully /backend/public/api/invoices
[13-Dec-2025 14:58:35 UTC] ✅ Logged: Invoices fetched successfully /backend/public/api/invoices
[13-Dec-2025 14:58:51 UTC] ✅ Logged: Invoices fetched successfully /backend/public/api/invoices
[13-Dec-2025 14:59:04 UTC] ✅ Logged: Invoice updated successfully /backend/public/api/invoices/A0B9A504E968
[13-Dec-2025 14:59:04 UTC] ✅ Logged: Invoices fetched successfully /backend/public/api/invoices
[13-Dec-2025 14:59:13 UTC] ✅ Logged: Invoices fetched successfully /backend/public/api/invoices
[13-Dec-2025 14:59:53 UTC] ✅ Logged: Invoice updated successfully /backend/public/api/invoices/7D50F718E3CF
[13-Dec-2025 14:59:53 UTC] ✅ Logged: Invoices fetched successfully /backend/public/api/invoices
[13-Dec-2025 15:00:03 UTC] ✅ Logged: Invoices fetched successfully /backend/public/api/invoices
[13-Dec-2025 15:00:25 UTC] ✅ Logged: Invoices fetched successfully /backend/public/api/invoices
[13-Dec-2025 15:00:51 UTC] ✅ Logged: Invoice updated successfully /backend/public/api/invoices/A912A829DB19
[13-Dec-2025 15:00:51 UTC] ✅ Logged: Invoices fetched successfully /backend/public/api/invoices
[13-Dec-2025 15:00:54 UTC] ✅ Logged: Invoices fetched successfully /backend/public/api/invoices
[13-Dec-2025 15:01:18 UTC] ✅ Logged: Invoices fetched successfully /backend/public/api/invoices
[13-Dec-2025 15:01:45 UTC] ✅ Logged: Invoice updated successfully /backend/public/api/invoices/86141254BB26
[13-Dec-2025 15:01:46 UTC] ✅ Logged: Invoices fetched successfully /backend/public/api/invoices
[13-Dec-2025 15:01:48 UTC] ✅ Logged: Invoices fetched successfully /backend/public/api/invoices
[13-Dec-2025 15:02:39 UTC] ✅ Logged: Invoices fetched successfully /backend/public/api/invoices
[13-Dec-2025 15:03:44 UTC] ✅ Logged: Invoice updated successfully /backend/public/api/invoices/EFE27F166281
[13-Dec-2025 15:03:44 UTC] ✅ Logged: Invoices fetched successfully /backend/public/api/invoices
[13-Dec-2025 15:03:47 UTC] ✅ Logged: Invoices fetched successfully /backend/public/api/invoices
[13-Dec-2025 15:04:01 UTC] ✅ Logged: Invoices fetched successfully /backend/public/api/invoices
[13-Dec-2025 15:04:31 UTC] ✅ Logged: Invoice updated successfully /backend/public/api/invoices/156A0132A5E2
[13-Dec-2025 15:04:32 UTC] ✅ Logged: Invoices fetched successfully /backend/public/api/invoices
[13-Dec-2025 15:04:36 UTC] ✅ Logged: Invoices fetched successfully /backend/public/api/invoices
[13-Dec-2025 15:04:55 UTC] ✅ Logged: Invoices fetched successfully /backend/public/api/invoices
[13-Dec-2025 15:05:37 UTC] ✅ Logged: Invoice updated successfully /backend/public/api/invoices/4F3A9BB122A9
[13-Dec-2025 15:05:37 UTC] ✅ Logged: Invoices fetched successfully /backend/public/api/invoices
[13-Dec-2025 15:05:40 UTC] ✅ Logged: Invoices fetched successfully /backend/public/api/invoices
[13-Dec-2025 15:06:51 UTC] ✅ Logged: Invoices fetched successfully /backend/public/api/invoices
[13-Dec-2025 15:07:06 UTC] ✅ Logged: Invoice updated successfully /backend/public/api/invoices/DC1F4E311A7A
[13-Dec-2025 15:07:06 UTC] ✅ Logged: Invoices fetched successfully /backend/public/api/invoices
[13-Dec-2025 15:07:09 UTC] ✅ Logged: Invoices fetched successfully /backend/public/api/invoices
[13-Dec-2025 15:07:26 UTC] ✅ Logged: Invoices fetched successfully /backend/public/api/invoices
[13-Dec-2025 15:07:48 UTC] ✅ Logged: Invoice updated successfully /backend/public/api/invoices/1E0721A67720
[13-Dec-2025 15:07:48 UTC] ✅ Logged: Invoices fetched successfully /backend/public/api/invoices
[13-Dec-2025 15:07:51 UTC] ✅ Logged: Invoices fetched successfully /backend/public/api/invoices
[13-Dec-2025 15:08:02 UTC] ✅ Logged: Invoices fetched successfully /backend/public/api/invoices
[13-Dec-2025 15:08:29 UTC] ✅ Logged: Invoice updated successfully /backend/public/api/invoices/F5A5A767016B
[13-Dec-2025 15:08:29 UTC] ✅ Logged: Invoices fetched successfully /backend/public/api/invoices
[13-Dec-2025 15:08:35 UTC] ✅ Logged: Invoices fetched successfully /backend/public/api/invoices
[13-Dec-2025 15:09:01 UTC] ✅ Logged: Invoices fetched successfully /backend/public/api/invoices
[13-Dec-2025 15:11:10 UTC] ✅ Logged: Invoice updated successfully /backend/public/api/invoices/5BA2A545CFE8
[13-Dec-2025 15:11:10 UTC] ✅ Logged: Invoices fetched successfully /backend/public/api/invoices
[13-Dec-2025 15:11:15 UTC] ✅ Logged: Invoices fetched successfully /backend/public/api/invoices
[13-Dec-2025 15:12:12 UTC] ✅ Logged: Invoices fetched successfully /backend/public/api/invoices
[13-Dec-2025 15:12:52 UTC] ✅ Logged: Invoice updated successfully /backend/public/api/invoices/355731120472
[13-Dec-2025 15:12:53 UTC] ✅ Logged: Invoices fetched successfully /backend/public/api/invoices
[13-Dec-2025 15:12:56 UTC] ✅ Logged: Invoices fetched successfully /backend/public/api/invoices
[13-Dec-2025 15:13:16 UTC] ✅ Logged: Invoices fetched successfully /backend/public/api/invoices
[13-Dec-2025 15:13:50 UTC] ✅ Logged: Invoice updated successfully /backend/public/api/invoices/B11D25D46511
[13-Dec-2025 15:13:50 UTC] ✅ Logged: Invoices fetched successfully /backend/public/api/invoices
[13-Dec-2025 15:13:53 UTC] ✅ Logged: Invoices fetched successfully /backend/public/api/invoices
[13-Dec-2025 15:14:46 UTC] ✅ Logged: Invoices fetched successfully /backend/public/api/invoices
[13-Dec-2025 15:15:05 UTC] ✅ Logged: Invoice updated successfully /backend/public/api/invoices/1CBF92784A52
[13-Dec-2025 15:15:06 UTC] ✅ Logged: Invoices fetched successfully /backend/public/api/invoices
[13-Dec-2025 15:15:09 UTC] ✅ Logged: Invoices fetched successfully /backend/public/api/invoices
[13-Dec-2025 15:15:25 UTC] ✅ Logged: Invoices fetched successfully /backend/public/api/invoices
[13-Dec-2025 15:15:55 UTC] ✅ Logged: Invoice updated successfully /backend/public/api/invoices/5C5305F9BF36
[13-Dec-2025 15:15:56 UTC] ✅ Logged: Invoices fetched successfully /backend/public/api/invoices
[13-Dec-2025 15:15:58 UTC] ✅ Logged: Invoices fetched successfully /backend/public/api/invoices
[13-Dec-2025 15:17:09 UTC] ✅ Logged: Invoices fetched successfully /backend/public/api/invoices
[13-Dec-2025 15:17:37 UTC] ✅ Logged: Invoice updated successfully /backend/public/api/invoices/02896ACF9520
[13-Dec-2025 15:17:38 UTC] ✅ Logged: Invoices fetched successfully /backend/public/api/invoices
[13-Dec-2025 15:17:43 UTC] ✅ Logged: Invoices fetched successfully /backend/public/api/invoices
[13-Dec-2025 15:18:31 UTC] ✅ Logged: Invoices fetched successfully /backend/public/api/invoices
[13-Dec-2025 15:22:10 UTC] ✅ Logged: Invoice updated successfully /backend/public/api/invoices/E9B9C9C266A4
[13-Dec-2025 15:22:11 UTC] ✅ Logged: Invoices fetched successfully /backend/public/api/invoices
[13-Dec-2025 15:22:31 UTC] ✅ Logged: Invoice updated successfully /backend/public/api/invoices/E9B9C9C266A4
[13-Dec-2025 15:22:32 UTC] ✅ Logged: Invoices fetched successfully /backend/public/api/invoices
[13-Dec-2025 15:23:04 UTC] ✅ Logged: Invoice updated successfully /backend/public/api/invoices/AF7EE9D4457E
[13-Dec-2025 15:23:04 UTC] ✅ Logged: Invoices fetched successfully /backend/public/api/invoices
[13-Dec-2025 15:23:33 UTC] ✅ Logged: Invoice updated successfully /backend/public/api/invoices/4F0BD301AC1C
[13-Dec-2025 15:23:35 UTC] ✅ Logged: Invoices fetched successfully /backend/public/api/invoices
[13-Dec-2025 15:24:15 UTC] ✅ Logged: Invoice updated successfully /backend/public/api/invoices/4F0BD301AC1C
[13-Dec-2025 15:24:15 UTC] ✅ Logged: Invoices fetched successfully /backend/public/api/invoices
[14-Dec-2025 10:24:15 UTC] ✅ Logged: Login successful /backend/public/api/auth/users/login
[14-Dec-2025 10:24:16 UTC] ✅ Logged: Business data fetched successfully. /backend/public/api/business
[14-Dec-2025 10:24:20 UTC] ✅ Logged: Today dashboard stats fetched successfully. /backend/public/api/business/stats
[14-Dec-2025 10:24:22 UTC] ✅ Logged: Invoices fetched successfully /backend/public/api/invoices
[14-Dec-2025 10:24:58 UTC] ✅ Logged: Invoices fetched successfully /backend/public/api/invoices
[14-Dec-2025 10:24:59 UTC] ✅ Logged: Invoices fetched successfully /backend/public/api/invoices
[14-Dec-2025 10:46:45 UTC] ✅ Logged: Invoices fetched successfully /backend/public/api/invoices
[14-Dec-2025 10:48:01 UTC] ✅ Logged: Invoices fetched successfully /backend/public/api/invoices
[14-Dec-2025 13:48:47 UTC] ✅ Logged: Login successful /backend/public/api/auth/users/login
[14-Dec-2025 13:48:47 UTC] ✅ Logged: Business data fetched successfully. /backend/public/api/business
[14-Dec-2025 13:48:50 UTC] ✅ Logged: Today dashboard stats fetched successfully. /backend/public/api/business/stats
[14-Dec-2025 13:48:53 UTC] ✅ Logged: Invoices fetched successfully /backend/public/api/invoices
[14-Dec-2025 13:50:11 UTC] ✅ Logged: Invoice updated successfully /backend/public/api/invoices/D76050144883
[14-Dec-2025 13:50:11 UTC] ✅ Logged: Invoices fetched successfully /backend/public/api/invoices
[15-Dec-2025 06:04:35 UTC] ✅ Logged: Login successful /backend/public/api/auth/users/login
[15-Dec-2025 06:04:36 UTC] ✅ Logged: Business data fetched successfully. /backend/public/api/business
[15-Dec-2025 06:04:39 UTC] ✅ Logged: Today dashboard stats fetched successfully. /backend/public/api/business/stats
[15-Dec-2025 06:04:45 UTC] ✅ Logged: Invoices fetched successfully /backend/public/api/invoices
[15-Dec-2025 06:05:37 UTC] ✅ Logged: Invoice updated successfully /backend/public/api/invoices/02896ACF9520
[15-Dec-2025 06:05:37 UTC] ✅ Logged: Invoices fetched successfully /backend/public/api/invoices
[15-Dec-2025 06:07:08 UTC] ✅ Logged: Invoice updated successfully /backend/public/api/invoices/62FBA8C85DC2
[15-Dec-2025 06:07:08 UTC] ✅ Logged: Invoices fetched successfully /backend/public/api/invoices
[15-Dec-2025 06:08:07 UTC] ✅ Logged: Invoice updated successfully /backend/public/api/invoices/3EC72C7776BA
[15-Dec-2025 06:08:07 UTC] ✅ Logged: Invoices fetched successfully /backend/public/api/invoices
[15-Dec-2025 06:08:56 UTC] ✅ Logged: Invoice updated successfully /backend/public/api/invoices/B754F0392774
[15-Dec-2025 06:08:56 UTC] ✅ Logged: Invoices fetched successfully /backend/public/api/invoices
[15-Dec-2025 12:27:08 UTC] ✅ Logged: Login successful /backend/public/api/auth/users/login
[15-Dec-2025 12:27:08 UTC] ✅ Logged: Business data fetched successfully. /backend/public/api/business
[15-Dec-2025 12:27:11 UTC] ✅ Logged: Today dashboard stats fetched successfully. /backend/public/api/business/stats
[15-Dec-2025 12:27:17 UTC] ✅ Logged: Invoices fetched successfully /backend/public/api/invoices
[15-Dec-2025 12:27:21 UTC] ✅ Logged: Invoices fetched successfully /backend/public/api/invoices
[15-Dec-2025 12:27:32 UTC] ✅ Logged: Invoices fetched successfully /backend/public/api/invoices
[15-Dec-2025 12:27:34 UTC] ✅ Logged: Invoices fetched successfully /backend/public/api/invoices
[15-Dec-2025 12:27:36 UTC] ✅ Logged: Invoices fetched successfully /backend/public/api/invoices
[15-Dec-2025 12:27:37 UTC] ✅ Logged: No invoices found matching the criteria. /backend/public/api/invoices
[15-Dec-2025 12:27:53 UTC] ✅ Logged: Invoices fetched successfully /backend/public/api/invoices
[15-Dec-2025 12:27:55 UTC] ✅ Logged: Invoices fetched successfully /backend/public/api/invoices
[15-Dec-2025 12:28:26 UTC] ✅ Logged: Invoices fetched successfully /backend/public/api/invoices
[15-Dec-2025 12:28:38 UTC] ✅ Logged: Invoices fetched successfully /backend/public/api/invoices
[15-Dec-2025 12:28:39 UTC] ✅ Logged: Invoices fetched successfully /backend/public/api/invoices
[15-Dec-2025 12:28:40 UTC] ✅ Logged: Invoices fetched successfully /backend/public/api/invoices
[15-Dec-2025 13:06:44 UTC] ✅ Logged: Today dashboard stats fetched successfully. /backend/public/api/business/stats
[15-Dec-2025 13:06:47 UTC] ✅ Logged: Invoices fetched successfully /backend/public/api/invoices
[15-Dec-2025 13:06:52 UTC] ✅ Logged: Invoices fetched successfully /backend/public/api/invoices
[15-Dec-2025 13:06:57 UTC] ✅ Logged: Invoices fetched successfully /backend/public/api/invoices
[15-Dec-2025 13:06:58 UTC] ✅ Logged: Invoices fetched successfully /backend/public/api/invoices
[15-Dec-2025 13:16:33 UTC] ✅ Logged: Today dashboard stats fetched successfully. /backend/public/api/business/stats
[15-Dec-2025 13:16:37 UTC] ✅ Logged: Invoices fetched successfully /backend/public/api/invoices
[15-Dec-2025 13:17:00 UTC] ✅ Logged: Invoices fetched successfully /backend/public/api/invoices
[15-Dec-2025 13:17:15 UTC] ✅ Logged: Invoices fetched successfully /backend/public/api/invoices
[15-Dec-2025 13:17:20 UTC] ✅ Logged: Invoices fetched successfully /backend/public/api/invoices
[15-Dec-2025 13:22:29 UTC] ✅ Logged: Today dashboard stats fetched successfully. /backend/public/api/business/stats
[15-Dec-2025 13:22:31 UTC] ✅ Logged: Invoices fetched successfully /backend/public/api/invoices
[15-Dec-2025 13:22:42 UTC] ✅ Logged: Invoices fetched successfully /backend/public/api/invoices
[15-Dec-2025 13:23:16 UTC] ✅ Logged: Invoices fetched successfully /backend/public/api/invoices
[15-Dec-2025 13:23:16 UTC] ✅ Logged: Invoices fetched successfully /backend/public/api/invoices
[15-Dec-2025 13:47:31 UTC] ✅ Logged: Login successful /backend/public/api/auth/users/login
[15-Dec-2025 13:47:32 UTC] ✅ Logged: Business data fetched successfully. /backend/public/api/business
[15-Dec-2025 13:47:35 UTC] ✅ Logged: Today dashboard stats fetched successfully. /backend/public/api/business/stats
[15-Dec-2025 13:47:37 UTC] ✅ Logged: Invoices fetched successfully /backend/public/api/invoices
[15-Dec-2025 14:28:02 UTC] ✅ Logged: Today dashboard stats fetched successfully. /backend/public/api/business/stats
[15-Dec-2025 14:28:07 UTC] ✅ Logged: Invoices fetched successfully /backend/public/api/invoices
[15-Dec-2025 14:38:50 UTC] ✅ Logged: Today dashboard stats fetched successfully. /backend/public/api/business/stats
[15-Dec-2025 14:38:52 UTC] ✅ Logged: Invoices fetched successfully /backend/public/api/invoices
[15-Dec-2025 14:39:12 UTC] ✅ Logged: Invoices fetched successfully /backend/public/api/invoices
[15-Dec-2025 14:39:41 UTC] ✅ Logged: Invoice updated successfully /backend/public/api/invoices/8BC5491E3462
[15-Dec-2025 14:39:42 UTC] ✅ Logged: Invoices fetched successfully /backend/public/api/invoices
[15-Dec-2025 14:39:46 UTC] ✅ Logged: Invoices fetched successfully /backend/public/api/invoices
[15-Dec-2025 14:42:27 UTC] ✅ Logged: Invoice updated successfully /backend/public/api/invoices/CA91199831ED
[15-Dec-2025 14:42:27 UTC] ✅ Logged: Invoices fetched successfully /backend/public/api/invoices
[15-Dec-2025 14:43:23 UTC] ✅ Logged: Invoice updated successfully /backend/public/api/invoices/A8E15F74B676
[15-Dec-2025 14:43:24 UTC] ✅ Logged: Invoices fetched successfully /backend/public/api/invoices
[15-Dec-2025 14:44:24 UTC] ✅ Logged: Invoices fetched successfully /backend/public/api/invoices
[15-Dec-2025 14:46:50 UTC] ✅ Logged: Invoice updated successfully /backend/public/api/invoices/561CD41C857E
[15-Dec-2025 14:46:50 UTC] ✅ Logged: Invoices fetched successfully /backend/public/api/invoices
[15-Dec-2025 14:46:53 UTC] ✅ Logged: Invoices fetched successfully /backend/public/api/invoices
[15-Dec-2025 14:47:13 UTC] ✅ Logged: Invoices fetched successfully /backend/public/api/invoices
[15-Dec-2025 14:50:59 UTC] ✅ Logged: Login successful /backend/public/api/auth/users/login
[15-Dec-2025 14:50:59 UTC] ✅ Logged: Business data fetched successfully. /backend/public/api/business
[15-Dec-2025 14:51:12 UTC] ✅ Logged: Invoices fetched successfully /backend/public/api/invoices
[15-Dec-2025 14:52:35 UTC] ✅ Logged: Invoice updated successfully /backend/public/api/invoices/D37436A8E4FF
[15-Dec-2025 14:52:35 UTC] ✅ Logged: Invoices fetched successfully /backend/public/api/invoices
[15-Dec-2025 14:53:22 UTC] ✅ Logged: Invoice updated successfully /backend/public/api/invoices/C4C56AD6C487
[15-Dec-2025 14:53:22 UTC] ✅ Logged: Invoices fetched successfully /backend/public/api/invoices
[15-Dec-2025 14:53:44 UTC] ✅ Logged: Invoice updated successfully /backend/public/api/invoices/C4C56AD6C487
[15-Dec-2025 14:53:44 UTC] ✅ Logged: Invoices fetched successfully /backend/public/api/invoices
[15-Dec-2025 14:54:37 UTC] ✅ Logged: Invoice updated successfully /backend/public/api/invoices/88E75A333F22
[15-Dec-2025 14:54:37 UTC] ✅ Logged: Invoices fetched successfully /backend/public/api/invoices
[15-Dec-2025 14:55:06 UTC] ✅ Logged: Invoice updated successfully /backend/public/api/invoices/E8FF5D2EE23D
[15-Dec-2025 14:55:07 UTC] ✅ Logged: Invoices fetched successfully /backend/public/api/invoices
[15-Dec-2025 14:59:08 UTC] ✅ Logged: Invoice updated successfully /backend/public/api/invoices/728B7E63E526
[15-Dec-2025 14:59:08 UTC] ✅ Logged: Invoices fetched successfully /backend/public/api/invoices
[15-Dec-2025 14:59:34 UTC] ✅ Logged: Invoices fetched successfully /backend/public/api/invoices
[15-Dec-2025 14:59:51 UTC] ✅ Logged: Invoice updated successfully /backend/public/api/invoices/AC4755C532CF
[15-Dec-2025 14:59:51 UTC] ✅ Logged: Invoices fetched successfully /backend/public/api/invoices
[15-Dec-2025 15:00:19 UTC] ✅ Logged: Invoice updated successfully /backend/public/api/invoices/50F308E833C0
[15-Dec-2025 15:00:19 UTC] ✅ Logged: Invoices fetched successfully /backend/public/api/invoices
[15-Dec-2025 15:07:36 UTC] ✅ Logged: Invoices fetched successfully /backend/public/api/invoices
[15-Dec-2025 15:11:08 UTC] ✅ Logged: Invoice updated successfully /backend/public/api/invoices/A4797CE40EC5
[15-Dec-2025 15:11:08 UTC] ✅ Logged: Invoices fetched successfully /backend/public/api/invoices
[15-Dec-2025 15:13:06 UTC] ✅ Logged: Invoice updated successfully /backend/public/api/invoices/4C6BBC826DCD
[15-Dec-2025 15:13:06 UTC] ✅ Logged: Invoices fetched successfully /backend/public/api/invoices
[15-Dec-2025 15:15:10 UTC] ✅ Logged: Invoices fetched successfully /backend/public/api/invoices
[15-Dec-2025 15:21:21 UTC] ✅ Logged: Invoice updated successfully /backend/public/api/invoices/5CD3D333082A
[15-Dec-2025 15:21:21 UTC] ✅ Logged: Invoices fetched successfully /backend/public/api/invoices
[15-Dec-2025 15:21:54 UTC] ✅ Logged: Invoice updated successfully /backend/public/api/invoices/4184242E6847
[15-Dec-2025 15:21:54 UTC] ✅ Logged: Invoices fetched successfully /backend/public/api/invoices
[15-Dec-2025 15:22:18 UTC] ✅ Logged: Invoices fetched successfully /backend/public/api/invoices
[15-Dec-2025 15:26:38 UTC] ✅ Logged: Invoices fetched successfully /backend/public/api/invoices
[15-Dec-2025 18:44:59 UTC] ✅ Logged: Login successful /backend/public/api/auth/users/login
[15-Dec-2025 18:45:00 UTC] ✅ Logged: Business data fetched successfully. /backend/public/api/business
[15-Dec-2025 18:45:03 UTC] ✅ Logged: Today dashboard stats fetched successfully. /backend/public/api/business/stats
[15-Dec-2025 18:45:27 UTC] ✅ Logged: Invoices fetched successfully /backend/public/api/invoices
[15-Dec-2025 18:46:00 UTC] ✅ Logged: Invoices fetched successfully /backend/public/api/invoices
[15-Dec-2025 18:46:21 UTC] ✅ Logged: Invoice updated successfully /backend/public/api/invoices/77B9AC302665
[15-Dec-2025 18:46:21 UTC] ✅ Logged: Invoices fetched successfully /backend/public/api/invoices
[15-Dec-2025 18:46:24 UTC] ✅ Logged: Invoices fetched successfully /backend/public/api/invoices
[15-Dec-2025 18:46:42 UTC] ✅ Logged: Invoices fetched successfully /backend/public/api/invoices
[15-Dec-2025 18:48:11 UTC] ✅ Logged: Invoice updated successfully /backend/public/api/invoices/1799B4E22987
[15-Dec-2025 18:48:11 UTC] ✅ Logged: Invoices fetched successfully /backend/public/api/invoices
[15-Dec-2025 18:48:59 UTC] ✅ Logged: Invoice updated successfully /backend/public/api/invoices/4282793D5034
[15-Dec-2025 18:48:59 UTC] ✅ Logged: Invoices fetched successfully /backend/public/api/invoices
[15-Dec-2025 18:49:17 UTC] ✅ Logged: Invoice updated successfully /backend/public/api/invoices/1799B4E22987
[15-Dec-2025 18:49:17 UTC] ✅ Logged: Invoices fetched successfully /backend/public/api/invoices
[15-Dec-2025 18:49:44 UTC] ✅ Logged: Invoices fetched successfully /backend/public/api/invoices
[15-Dec-2025 18:50:07 UTC] ✅ Logged: Invoices fetched successfully /backend/public/api/invoices
[15-Dec-2025 18:50:33 UTC] ✅ Logged: Invoice updated successfully /backend/public/api/invoices/3F14380186D0
[15-Dec-2025 18:50:33 UTC] ✅ Logged: Invoices fetched successfully /backend/public/api/invoices
[15-Dec-2025 18:50:36 UTC] ✅ Logged: Invoices fetched successfully /backend/public/api/invoices
[15-Dec-2025 18:50:55 UTC] ✅ Logged: Invoices fetched successfully /backend/public/api/invoices
[15-Dec-2025 18:51:42 UTC] ✅ Logged: Invoice updated successfully /backend/public/api/invoices/A0C4E39EA08A
[15-Dec-2025 18:51:42 UTC] ✅ Logged: Invoices fetched successfully /backend/public/api/invoices
[15-Dec-2025 18:51:45 UTC] ✅ Logged: Invoices fetched successfully /backend/public/api/invoices
[15-Dec-2025 18:52:06 UTC] ✅ Logged: Invoices fetched successfully /backend/public/api/invoices
[15-Dec-2025 18:52:29 UTC] ✅ Logged: Invoice updated successfully /backend/public/api/invoices/C0D28B7C7656
[15-Dec-2025 18:52:29 UTC] ✅ Logged: Invoices fetched successfully /backend/public/api/invoices
[15-Dec-2025 18:52:33 UTC] ✅ Logged: Invoices fetched successfully /backend/public/api/invoices
[15-Dec-2025 18:52:53 UTC] ✅ Logged: Invoices fetched successfully /backend/public/api/invoices
[15-Dec-2025 18:53:34 UTC] ✅ Logged: Invoice updated successfully /backend/public/api/invoices/18F230D170A3
[15-Dec-2025 18:53:34 UTC] ✅ Logged: Invoices fetched successfully /backend/public/api/invoices
[15-Dec-2025 18:54:07 UTC] ✅ Logged: Invoice updated successfully /backend/public/api/invoices/987375A3840E
[15-Dec-2025 18:54:07 UTC] ✅ Logged: Invoices fetched successfully /backend/public/api/invoices
[15-Dec-2025 18:54:33 UTC] ✅ Logged: Invoice updated successfully /backend/public/api/invoices/18F230D170A3
[15-Dec-2025 18:54:33 UTC] ✅ Logged: Invoices fetched successfully /backend/public/api/invoices
[15-Dec-2025 18:54:36 UTC] ✅ Logged: Invoices fetched successfully /backend/public/api/invoices
[15-Dec-2025 18:54:52 UTC] ✅ Logged: Invoices fetched successfully /backend/public/api/invoices
[15-Dec-2025 18:55:38 UTC] ✅ Logged: Invoice updated successfully /backend/public/api/invoices/F19EBF57A15D
[15-Dec-2025 18:55:38 UTC] ✅ Logged: Invoices fetched successfully /backend/public/api/invoices
[15-Dec-2025 18:56:05 UTC] ✅ Logged: Invoice updated successfully /backend/public/api/invoices/269ACBBEBFD7
[15-Dec-2025 18:56:05 UTC] ✅ Logged: Invoices fetched successfully /backend/public/api/invoices
[15-Dec-2025 18:56:32 UTC] ✅ Logged: Invoice updated successfully /backend/public/api/invoices/43CBAA55D3B3
[15-Dec-2025 18:56:32 UTC] ✅ Logged: Invoices fetched successfully /backend/public/api/invoices
[15-Dec-2025 18:59:29 UTC] ✅ Logged: Invoice updated successfully /backend/public/api/invoices/E0069292297D
[15-Dec-2025 18:59:29 UTC] ✅ Logged: Invoices fetched successfully /backend/public/api/invoices
[15-Dec-2025 18:59:47 UTC] ✅ Logged: Invoices fetched successfully /backend/public/api/invoices
[15-Dec-2025 19:00:11 UTC] ✅ Logged: Invoices fetched successfully /backend/public/api/invoices
[15-Dec-2025 19:00:48 UTC] ✅ Logged: Invoice updated successfully /backend/public/api/invoices/17657742E286
[15-Dec-2025 19:00:48 UTC] ✅ Logged: Invoices fetched successfully /backend/public/api/invoices
[15-Dec-2025 19:00:51 UTC] ✅ Logged: Invoices fetched successfully /backend/public/api/invoices
[15-Dec-2025 19:01:18 UTC] ✅ Logged: Invoices fetched successfully /backend/public/api/invoices
[15-Dec-2025 19:01:47 UTC] ✅ Logged: Invoice updated successfully /backend/public/api/invoices/C7FB20212379
[15-Dec-2025 19:01:48 UTC] ✅ Logged: Invoices fetched successfully /backend/public/api/invoices
[15-Dec-2025 19:01:51 UTC] ✅ Logged: Invoices fetched successfully /backend/public/api/invoices
[15-Dec-2025 19:02:29 UTC] ✅ Logged: Invoices fetched successfully /backend/public/api/invoices
[15-Dec-2025 19:03:12 UTC] ✅ Logged: Invoice updated successfully /backend/public/api/invoices/0C24D84B3F6C
[15-Dec-2025 19:03:13 UTC] ✅ Logged: Invoices fetched successfully /backend/public/api/invoices
[15-Dec-2025 19:03:19 UTC] ✅ Logged: Invoices fetched successfully /backend/public/api/invoices
[15-Dec-2025 19:03:33 UTC] ✅ Logged: Invoices fetched successfully /backend/public/api/invoices
[15-Dec-2025 19:04:59 UTC] ✅ Logged: Login successful /backend/public/api/auth/users/login
[15-Dec-2025 19:05:00 UTC] ✅ Logged: Business data fetched successfully. /backend/public/api/business
[15-Dec-2025 19:05:04 UTC] ✅ Logged: Invoices fetched successfully /backend/public/api/invoices
[15-Dec-2025 19:05:20 UTC] ✅ Logged: Invoices fetched successfully /backend/public/api/invoices
[15-Dec-2025 19:05:43 UTC] ✅ Logged: Invoice updated successfully /backend/public/api/invoices/14C4CEC6AF43
[15-Dec-2025 19:05:43 UTC] ✅ Logged: Invoices fetched successfully /backend/public/api/invoices
[15-Dec-2025 19:05:47 UTC] ✅ Logged: Invoices fetched successfully /backend/public/api/invoices
[15-Dec-2025 19:06:01 UTC] ✅ Logged: Invoices fetched successfully /backend/public/api/invoices
[15-Dec-2025 19:06:53 UTC] ✅ Logged: Invoice updated successfully /backend/public/api/invoices/0D9F0713CCC5
[15-Dec-2025 19:06:59 UTC] ✅ Logged: Invoice updated successfully /backend/public/api/invoices/0D9F0713CCC5
[15-Dec-2025 19:06:59 UTC] ✅ Logged: Invoices fetched successfully /backend/public/api/invoices
[15-Dec-2025 19:07:01 UTC] ✅ Logged: Invoices fetched successfully /backend/public/api/invoices
[15-Dec-2025 19:07:51 UTC] ✅ Logged: Invoices fetched successfully /backend/public/api/invoices
[15-Dec-2025 19:08:22 UTC] ✅ Logged: Invoice updated successfully /backend/public/api/invoices/89A109A3D3CC
[15-Dec-2025 19:08:22 UTC] ✅ Logged: Invoices fetched successfully /backend/public/api/invoices
[15-Dec-2025 19:08:25 UTC] ✅ Logged: Invoices fetched successfully /backend/public/api/invoices
[15-Dec-2025 19:08:52 UTC] ✅ Logged: Invoices fetched successfully /backend/public/api/invoices
[15-Dec-2025 19:08:55 UTC] ✅ Logged: Invoices fetched successfully /backend/public/api/invoices
[15-Dec-2025 19:09:40 UTC] ✅ Logged: Invoice updated successfully /backend/public/api/invoices/40A57554BC7C
[15-Dec-2025 19:09:41 UTC] ✅ Logged: Invoices fetched successfully /backend/public/api/invoices
[15-Dec-2025 19:09:44 UTC] ✅ Logged: Invoices fetched successfully /backend/public/api/invoices
[15-Dec-2025 19:10:19 UTC] ✅ Logged: Invoices fetched successfully /backend/public/api/invoices
[15-Dec-2025 19:11:00 UTC] ✅ Logged: Invoice updated successfully /backend/public/api/invoices/C8B45E37ED93
[15-Dec-2025 19:11:01 UTC] ✅ Logged: Invoices fetched successfully /backend/public/api/invoices
[15-Dec-2025 19:11:21 UTC] ✅ Logged: Invoice updated successfully /backend/public/api/invoices/C8B45E37ED93
[15-Dec-2025 19:11:21 UTC] ✅ Logged: Invoices fetched successfully /backend/public/api/invoices
[15-Dec-2025 19:11:25 UTC] ✅ Logged: Invoices fetched successfully /backend/public/api/invoices
[15-Dec-2025 19:11:55 UTC] ✅ Logged: Invoices fetched successfully /backend/public/api/invoices
[15-Dec-2025 19:12:11 UTC] ✅ Logged: Invoice updated successfully /backend/public/api/invoices/FFFCE2B951A3
[15-Dec-2025 19:12:11 UTC] ✅ Logged: Invoices fetched successfully /backend/public/api/invoices
[15-Dec-2025 19:12:27 UTC] ✅ Logged: Invoice updated successfully /backend/public/api/invoices/C685C715A85A
[15-Dec-2025 19:12:27 UTC] ✅ Logged: Invoices fetched successfully /backend/public/api/invoices
[15-Dec-2025 19:12:30 UTC] ✅ Logged: Invoices fetched successfully /backend/public/api/invoices
[15-Dec-2025 19:12:52 UTC] ✅ Logged: Invoices fetched successfully /backend/public/api/invoices
[15-Dec-2025 19:13:09 UTC] ✅ Logged: Invoice updated successfully /backend/public/api/invoices/348B5CA7C3F5
[15-Dec-2025 19:13:09 UTC] ✅ Logged: Invoices fetched successfully /backend/public/api/invoices
[15-Dec-2025 19:13:28 UTC] ✅ Logged: Invoice updated successfully /backend/public/api/invoices/64E5FEEC5637
[15-Dec-2025 19:13:28 UTC] ✅ Logged: Invoices fetched successfully /backend/public/api/invoices
[15-Dec-2025 19:13:59 UTC] ✅ Logged: Invoice updated successfully /backend/public/api/invoices/F7DE60DED7C0
[15-Dec-2025 19:13:59 UTC] ✅ Logged: Invoices fetched successfully /backend/public/api/invoices
[15-Dec-2025 19:14:04 UTC] ✅ Logged: Invoices fetched successfully /backend/public/api/invoices
[15-Dec-2025 19:14:24 UTC] ✅ Logged: Invoices fetched successfully /backend/public/api/invoices
[15-Dec-2025 19:14:47 UTC] ✅ Logged: Invoice updated successfully /backend/public/api/invoices/552290E5AEE6
[15-Dec-2025 19:14:47 UTC] ✅ Logged: Invoices fetched successfully /backend/public/api/invoices
[15-Dec-2025 19:14:50 UTC] ✅ Logged: Invoices fetched successfully /backend/public/api/invoices
[15-Dec-2025 19:15:11 UTC] ✅ Logged: Invoices fetched successfully /backend/public/api/invoices
[15-Dec-2025 19:15:39 UTC] ✅ Logged: Invoice updated successfully /backend/public/api/invoices/B46C79218863
[15-Dec-2025 19:15:39 UTC] ✅ Logged: Invoices fetched successfully /backend/public/api/invoices
[15-Dec-2025 19:15:54 UTC] ✅ Logged: Invoice updated successfully /backend/public/api/invoices/EE6D81C17E98
[15-Dec-2025 19:15:54 UTC] ✅ Logged: Invoices fetched successfully /backend/public/api/invoices
[15-Dec-2025 19:16:10 UTC] ✅ Logged: Invoice updated successfully /backend/public/api/invoices/37813ECA36D5
[15-Dec-2025 19:16:10 UTC] ✅ Logged: Invoices fetched successfully /backend/public/api/invoices
[15-Dec-2025 19:16:17 UTC] ✅ Logged: Invoice updated successfully /backend/public/api/invoices/B46C79218863
[15-Dec-2025 19:16:17 UTC] ✅ Logged: Invoices fetched successfully /backend/public/api/invoices
[15-Dec-2025 19:16:30 UTC] ✅ Logged: Invoice updated successfully /backend/public/api/invoices/37813ECA36D5
[15-Dec-2025 19:16:30 UTC] ✅ Logged: Invoices fetched successfully /backend/public/api/invoices
[15-Dec-2025 19:16:45 UTC] ✅ Logged: Invoice updated successfully /backend/public/api/invoices/37813ECA36D5
[15-Dec-2025 19:16:45 UTC] ✅ Logged: Invoices fetched successfully /backend/public/api/invoices
[15-Dec-2025 19:16:53 UTC] ✅ Logged: Invoice updated successfully /backend/public/api/invoices/EE6D81C17E98
[15-Dec-2025 19:16:53 UTC] ✅ Logged: Invoices fetched successfully /backend/public/api/invoices
[15-Dec-2025 19:17:01 UTC] ✅ Logged: Invoice updated successfully /backend/public/api/invoices/B46C79218863
[15-Dec-2025 19:17:01 UTC] ✅ Logged: Invoices fetched successfully /backend/public/api/invoices
[15-Dec-2025 19:17:05 UTC] ✅ Logged: Invoices fetched successfully /backend/public/api/invoices
[15-Dec-2025 19:17:20 UTC] ✅ Logged: Invoices fetched successfully /backend/public/api/invoices
[15-Dec-2025 19:17:35 UTC] ✅ Logged: Invoice updated successfully /backend/public/api/invoices/67E94208308E
[15-Dec-2025 19:17:36 UTC] ✅ Logged: Invoices fetched successfully /backend/public/api/invoices
[15-Dec-2025 19:17:39 UTC] ✅ Logged: Invoices fetched successfully /backend/public/api/invoices
[15-Dec-2025 19:23:17 UTC] ✅ Logged: Today dashboard stats fetched successfully. /backend/public/api/business/stats
[15-Dec-2025 19:23:23 UTC] ✅ Logged: Invoices fetched successfully /backend/public/api/invoices
[15-Dec-2025 19:23:45 UTC] ✅ Logged: Invoices fetched successfully /backend/public/api/invoices
[15-Dec-2025 19:27:26 UTC] ✅ Logged: Invoices fetched successfully /backend/public/api/invoices
[15-Dec-2025 19:27:29 UTC] ✅ Logged: Invoices fetched successfully /backend/public/api/invoices
[15-Dec-2025 19:27:57 UTC] ✅ Logged: Invoice type is required. /backend/public/api/invoices/4FF779A38F64
[15-Dec-2025 19:28:43 UTC] ✅ Logged: Invoice updated successfully /backend/public/api/invoices/4FF779A38F64
[15-Dec-2025 19:28:44 UTC] ✅ Logged: Invoices fetched successfully /backend/public/api/invoices
[15-Dec-2025 19:29:17 UTC] ✅ Logged: Invoices fetched successfully /backend/public/api/invoices
[15-Dec-2025 19:29:37 UTC] ✅ Logged: Invoice updated successfully /backend/public/api/invoices/356BCFBC1468
[15-Dec-2025 19:29:37 UTC] ✅ Logged: Invoices fetched successfully /backend/public/api/invoices
[15-Dec-2025 19:29:40 UTC] ✅ Logged: Invoices fetched successfully /backend/public/api/invoices
[15-Dec-2025 19:30:10 UTC] ✅ Logged: Invoices fetched successfully /backend/public/api/invoices
[15-Dec-2025 19:30:43 UTC] ✅ Logged: Invoice updated successfully /backend/public/api/invoices/320475FB7C3F
[15-Dec-2025 19:30:43 UTC] ✅ Logged: Invoices fetched successfully /backend/public/api/invoices
[15-Dec-2025 19:31:22 UTC] ✅ Logged: Invoice updated successfully /backend/public/api/invoices/E9955EA9BAD7
[15-Dec-2025 19:31:22 UTC] ✅ Logged: Invoices fetched successfully /backend/public/api/invoices
[15-Dec-2025 19:31:58 UTC] ✅ Logged: Invoice updated successfully /backend/public/api/invoices/70950AC7741F
[15-Dec-2025 19:31:58 UTC] ✅ Logged: Invoices fetched successfully /backend/public/api/invoices
[15-Dec-2025 19:32:12 UTC] ✅ Logged: Invoice updated successfully /backend/public/api/invoices/4243156425B9
[15-Dec-2025 19:32:13 UTC] ✅ Logged: Invoices fetched successfully /backend/public/api/invoices
[15-Dec-2025 19:34:32 UTC] ✅ Logged: Invoice updated successfully /backend/public/api/invoices/0E24E48EB792
[15-Dec-2025 19:34:32 UTC] ✅ Logged: Invoices fetched successfully /backend/public/api/invoices
[15-Dec-2025 19:34:38 UTC] ✅ Logged: Invoices fetched successfully /backend/public/api/invoices
[15-Dec-2025 19:35:02 UTC] ✅ Logged: Invoices fetched successfully /backend/public/api/invoices
[15-Dec-2025 19:35:47 UTC] ✅ Logged: Invoice updated successfully /backend/public/api/invoices/7E2AC2BA0E5D
[15-Dec-2025 19:35:47 UTC] ✅ Logged: Invoices fetched successfully /backend/public/api/invoices
[15-Dec-2025 19:35:52 UTC] ✅ Logged: Invoices fetched successfully /backend/public/api/invoices
[15-Dec-2025 19:36:41 UTC] ✅ Logged: Invoices fetched successfully /backend/public/api/invoices
[15-Dec-2025 19:38:02 UTC] ✅ Logged: Invoice updated successfully /backend/public/api/invoices/31CB9B43D3C5
[15-Dec-2025 19:38:02 UTC] ✅ Logged: Invoices fetched successfully /backend/public/api/invoices
[15-Dec-2025 19:38:11 UTC] ✅ Logged: Invoices fetched successfully /backend/public/api/invoices
[15-Dec-2025 19:50:02 UTC] ✅ Logged: Invoices fetched successfully /backend/public/api/invoices
[15-Dec-2025 19:50:17 UTC] ✅ Logged: Invoices fetched successfully /backend/public/api/invoices
[15-Dec-2025 19:50:40 UTC] ✅ Logged: Invoice updated successfully /backend/public/api/invoices/A1A9EAE9B275
[15-Dec-2025 19:50:40 UTC] ✅ Logged: Invoices fetched successfully /backend/public/api/invoices
[15-Dec-2025 19:51:11 UTC] ✅ Logged: Invoice updated successfully /backend/public/api/invoices/3F2F086D81E2
[15-Dec-2025 19:51:11 UTC] ✅ Logged: Invoices fetched successfully /backend/public/api/invoices
[15-Dec-2025 19:51:51 UTC] ✅ Logged: Invoice updated successfully /backend/public/api/invoices/3F2F086D81E2
[15-Dec-2025 19:51:51 UTC] ✅ Logged: Invoices fetched successfully /backend/public/api/invoices
[15-Dec-2025 19:51:57 UTC] ✅ Logged: Invoices fetched successfully /backend/public/api/invoices
[15-Dec-2025 19:53:40 UTC] ✅ Logged: Invoices fetched successfully /backend/public/api/invoices
[15-Dec-2025 19:54:00 UTC] ✅ Logged: Invoice updated successfully /backend/public/api/invoices/903A54EFCACD
[15-Dec-2025 19:54:01 UTC] ✅ Logged: Invoices fetched successfully /backend/public/api/invoices
[15-Dec-2025 19:54:19 UTC] ✅ Logged: Invoice updated successfully /backend/public/api/invoices/ABE6C6066587
[15-Dec-2025 19:54:19 UTC] ✅ Logged: Invoices fetched successfully /backend/public/api/invoices
[15-Dec-2025 19:54:35 UTC] ✅ Logged: Invoice updated successfully /backend/public/api/invoices/E6807EA36BD7
[15-Dec-2025 19:54:36 UTC] ✅ Logged: Invoices fetched successfully /backend/public/api/invoices
[15-Dec-2025 19:54:40 UTC] ✅ Logged: Invoices fetched successfully /backend/public/api/invoices
[15-Dec-2025 19:55:14 UTC] ✅ Logged: Invoices fetched successfully /backend/public/api/invoices
[15-Dec-2025 19:55:30 UTC] ✅ Logged: Invoice updated successfully /backend/public/api/invoices/AE0F32A6F43F
[15-Dec-2025 19:55:30 UTC] ✅ Logged: Invoices fetched successfully /backend/public/api/invoices
[15-Dec-2025 19:56:28 UTC] ✅ Logged: Invoice updated successfully /backend/public/api/invoices/6E6CD73D96B7
[15-Dec-2025 19:56:28 UTC] ✅ Logged: Invoices fetched successfully /backend/public/api/invoices
[15-Dec-2025 19:56:33 UTC] ✅ Logged: Invoices fetched successfully /backend/public/api/invoices
[15-Dec-2025 19:57:01 UTC] ✅ Logged: Invoices fetched successfully /backend/public/api/invoices
[15-Dec-2025 19:57:55 UTC] ✅ Logged: Invoice updated successfully /backend/public/api/invoices/9CE93344D1A4
[15-Dec-2025 19:57:55 UTC] ✅ Logged: Invoices fetched successfully /backend/public/api/invoices
[15-Dec-2025 20:01:07 UTC] ✅ Logged: Invoices fetched successfully /backend/public/api/invoices
[15-Dec-2025 20:01:27 UTC] ✅ Logged: Invoice updated successfully /backend/public/api/invoices/A482963E117C
[15-Dec-2025 20:01:27 UTC] ✅ Logged: Invoices fetched successfully /backend/public/api/invoices
[15-Dec-2025 20:01:30 UTC] ✅ Logged: Invoices fetched successfully /backend/public/api/invoices
[15-Dec-2025 20:02:33 UTC] ✅ Logged: Invoices fetched successfully /backend/public/api/invoices
[15-Dec-2025 20:03:05 UTC] ✅ Logged: Invoice updated successfully /backend/public/api/invoices/EBFE1E663D36
[15-Dec-2025 20:03:05 UTC] ✅ Logged: Invoices fetched successfully /backend/public/api/invoices
[15-Dec-2025 20:03:08 UTC] ✅ Logged: Invoices fetched successfully /backend/public/api/invoices
[15-Dec-2025 20:04:38 UTC] ✅ Logged: Invoices fetched successfully /backend/public/api/invoices
[15-Dec-2025 20:05:30 UTC] ✅ Logged: Login successful /backend/public/api/auth/users/login
[15-Dec-2025 20:05:30 UTC] ✅ Logged: Business data fetched successfully. /backend/public/api/business
[15-Dec-2025 20:05:35 UTC] ✅ Logged: Invoices fetched successfully /backend/public/api/invoices
[15-Dec-2025 20:05:53 UTC] ✅ Logged: Invoices fetched successfully /backend/public/api/invoices
[15-Dec-2025 20:06:05 UTC] ✅ Logged: Invoice updated successfully /backend/public/api/invoices/626AE7CDFF60
[15-Dec-2025 20:06:05 UTC] ✅ Logged: Invoices fetched successfully /backend/public/api/invoices
[15-Dec-2025 20:06:57 UTC] ✅ Logged: Invoice updated successfully /backend/public/api/invoices/F99CEA980C7F
[15-Dec-2025 20:06:57 UTC] ✅ Logged: Invoices fetched successfully /backend/public/api/invoices
[15-Dec-2025 20:07:03 UTC] ✅ Logged: Invoices fetched successfully /backend/public/api/invoices
[15-Dec-2025 20:07:22 UTC] ✅ Logged: Invoices fetched successfully /backend/public/api/invoices
[15-Dec-2025 20:08:00 UTC] ✅ Logged: Invoice updated successfully /backend/public/api/invoices/D733D754BE70
[15-Dec-2025 20:08:00 UTC] ✅ Logged: Invoices fetched successfully /backend/public/api/invoices
[15-Dec-2025 20:08:37 UTC] ✅ Logged: Invoice updated successfully /backend/public/api/invoices/4B45E799D70F
[15-Dec-2025 20:08:37 UTC] ✅ Logged: Invoices fetched successfully /backend/public/api/invoices
[15-Dec-2025 20:08:40 UTC] ✅ Logged: Invoices fetched successfully /backend/public/api/invoices
[15-Dec-2025 20:08:57 UTC] ✅ Logged: Invoices fetched successfully /backend/public/api/invoices
[15-Dec-2025 20:09:35 UTC] ✅ Logged: Invoice updated successfully /backend/public/api/invoices/86F0314A31E9
[15-Dec-2025 20:09:35 UTC] ✅ Logged: Invoices fetched successfully /backend/public/api/invoices
[15-Dec-2025 20:09:40 UTC] ✅ Logged: Invoices fetched successfully /backend/public/api/invoices
[15-Dec-2025 20:10:03 UTC] ✅ Logged: Invoices fetched successfully /backend/public/api/invoices
[15-Dec-2025 20:10:28 UTC] ✅ Logged: Invoice updated successfully /backend/public/api/invoices/BD9B64650461
[15-Dec-2025 20:10:28 UTC] ✅ Logged: Invoices fetched successfully /backend/public/api/invoices
[15-Dec-2025 20:10:32 UTC] ✅ Logged: Invoices fetched successfully /backend/public/api/invoices
[15-Dec-2025 20:12:21 UTC] ✅ Logged: Invoice updated successfully /backend/public/api/invoices/C8A6B93E78F9
[15-Dec-2025 20:12:21 UTC] ✅ Logged: Invoices fetched successfully /backend/public/api/invoices
[15-Dec-2025 20:12:44 UTC] ✅ Logged: Invoices fetched successfully /backend/public/api/invoices
[15-Dec-2025 20:13:20 UTC] ✅ Logged: Invoices fetched successfully /backend/public/api/invoices
[15-Dec-2025 20:14:01 UTC] ✅ Logged: Invoice updated successfully /backend/public/api/invoices/123EC8847872
[15-Dec-2025 20:14:01 UTC] ✅ Logged: Invoices fetched successfully /backend/public/api/invoices
[15-Dec-2025 20:14:53 UTC] ✅ Logged: Invoice updated successfully /backend/public/api/invoices/1FF1A33AF396
[15-Dec-2025 20:14:53 UTC] ✅ Logged: Invoices fetched successfully /backend/public/api/invoices
[15-Dec-2025 20:14:57 UTC] ✅ Logged: Invoices fetched successfully /backend/public/api/invoices
[16-Dec-2025 06:58:16 UTC] ✅ Logged: Login successful /backend/public/api/auth/users/login
[16-Dec-2025 06:58:16 UTC] ✅ Logged: Business data fetched successfully. /backend/public/api/business
[16-Dec-2025 06:58:19 UTC] ✅ Logged: Today dashboard stats fetched successfully. /backend/public/api/business/stats
[16-Dec-2025 06:58:24 UTC] ✅ Logged: Invoices fetched successfully /backend/public/api/invoices
[16-Dec-2025 07:44:37 UTC] ✅ Logged: Invoices fetched successfully /backend/public/api/invoices
[16-Dec-2025 07:44:45 UTC] ✅ Logged: Invoices fetched successfully /backend/public/api/invoices
[16-Dec-2025 07:44:48 UTC] ✅ Logged: Invoices fetched successfully /backend/public/api/invoices
[16-Dec-2025 07:47:04 UTC] ✅ Logged: Invoice updated successfully /backend/public/api/invoices/F38A0C3F65BC
[16-Dec-2025 07:47:04 UTC] ✅ Logged: Invoices fetched successfully /backend/public/api/invoices
[16-Dec-2025 07:47:08 UTC] ✅ Logged: Invoices fetched successfully /backend/public/api/invoices
[16-Dec-2025 07:47:16 UTC] ✅ Logged: Invoices fetched successfully /backend/public/api/invoices
[16-Dec-2025 07:47:19 UTC] ✅ Logged: Invoices fetched successfully /backend/public/api/invoices
[16-Dec-2025 07:48:42 UTC] ✅ Logged: Invoice updated successfully /backend/public/api/invoices/F85FB6004954
[16-Dec-2025 07:48:42 UTC] ✅ Logged: No invoices found matching the criteria. /backend/public/api/invoices
[16-Dec-2025 07:48:50 UTC] ✅ Logged: Invoices fetched successfully /backend/public/api/invoices
[16-Dec-2025 07:48:55 UTC] ✅ Logged: Invoices fetched successfully /backend/public/api/invoices
[16-Dec-2025 07:48:58 UTC] ✅ Logged: Invoices fetched successfully /backend/public/api/invoices
[16-Dec-2025 07:50:11 UTC] ✅ Logged: Invoice updated successfully /backend/public/api/invoices/F38A0C3F65BC
[16-Dec-2025 07:50:11 UTC] ✅ Logged: Invoices fetched successfully /backend/public/api/invoices
[16-Dec-2025 07:50:23 UTC] ✅ Logged: Invoice updated successfully /backend/public/api/invoices/F85FB6004954
[16-Dec-2025 07:50:24 UTC] ✅ Logged: Invoices fetched successfully /backend/public/api/invoices
[16-Dec-2025 07:55:05 UTC] ✅ Logged: Today dashboard stats fetched successfully. /backend/public/api/business/stats
[16-Dec-2025 07:55:07 UTC] ✅ Logged: Invoices fetched successfully /backend/public/api/invoices
[16-Dec-2025 07:55:45 UTC] ✅ Logged: Invoices fetched successfully /backend/public/api/invoices
[16-Dec-2025 07:56:11 UTC] ✅ Logged: Invoice updated successfully /backend/public/api/invoices/3581CADF71DC
[16-Dec-2025 07:56:11 UTC] ✅ Logged: Invoices fetched successfully /backend/public/api/invoices
[16-Dec-2025 07:56:17 UTC] ✅ Logged: Invoices fetched successfully /backend/public/api/invoices
[16-Dec-2025 07:56:35 UTC] ✅ Logged: Invoices fetched successfully /backend/public/api/invoices
[16-Dec-2025 07:57:08 UTC] ✅ Logged: Invoice updated successfully /backend/public/api/invoices/F2E6BA52E537
[16-Dec-2025 07:57:08 UTC] ✅ Logged: Invoices fetched successfully /backend/public/api/invoices
[16-Dec-2025 07:57:33 UTC] ✅ Logged: Invoice updated successfully /backend/public/api/invoices/B0538ECB7291
[16-Dec-2025 07:57:33 UTC] ✅ Logged: Invoices fetched successfully /backend/public/api/invoices
[16-Dec-2025 07:57:58 UTC] ✅ Logged: Invoice updated successfully /backend/public/api/invoices/230850481DA2
[16-Dec-2025 07:57:58 UTC] ✅ Logged: Invoices fetched successfully /backend/public/api/invoices
[16-Dec-2025 07:58:02 UTC] ✅ Logged: Invoices fetched successfully /backend/public/api/invoices
[16-Dec-2025 07:58:35 UTC] ✅ Logged: Login successful /backend/public/api/auth/users/login
[16-Dec-2025 07:58:35 UTC] ✅ Logged: Business data fetched successfully. /backend/public/api/business
[16-Dec-2025 07:58:41 UTC] ✅ Logged: Invoices fetched successfully /backend/public/api/invoices
[16-Dec-2025 07:58:56 UTC] ✅ Logged: Invoices fetched successfully /backend/public/api/invoices
[16-Dec-2025 07:59:31 UTC] ✅ Logged: Invoice updated successfully /backend/public/api/invoices/324F5EB36B21
[16-Dec-2025 07:59:31 UTC] ✅ Logged: Invoices fetched successfully /backend/public/api/invoices
[16-Dec-2025 07:59:45 UTC] ✅ Logged: Invoice updated successfully /backend/public/api/invoices/A977C94B7F07
[16-Dec-2025 07:59:45 UTC] ✅ Logged: Invoices fetched successfully /backend/public/api/invoices
[16-Dec-2025 08:00:22 UTC] ✅ Logged: Invoice updated successfully /backend/public/api/invoices/1212621C90A7
[16-Dec-2025 08:00:22 UTC] ✅ Logged: Invoices fetched successfully /backend/public/api/invoices
[16-Dec-2025 08:00:25 UTC] ✅ Logged: Invoices fetched successfully /backend/public/api/invoices
[16-Dec-2025 10:12:11 UTC] ✅ Logged: Login successful /backend/public/api/auth/users/login
[16-Dec-2025 10:12:12 UTC] ✅ Logged: Business data fetched successfully. /backend/public/api/business
[16-Dec-2025 10:12:18 UTC] ✅ Logged: Invoices fetched successfully /backend/public/api/invoices
[16-Dec-2025 10:12:47 UTC] ✅ Logged: Invoices fetched successfully /backend/public/api/invoices
[16-Dec-2025 10:13:18 UTC] ✅ Logged: Invoice updated successfully /backend/public/api/invoices/E18CA35944D4
[16-Dec-2025 10:13:18 UTC] ✅ Logged: Invoices fetched successfully /backend/public/api/invoices
[16-Dec-2025 10:13:21 UTC] ✅ Logged: Invoices fetched successfully /backend/public/api/invoices
[16-Dec-2025 10:13:51 UTC] ✅ Logged: Invoices fetched successfully /backend/public/api/invoices
[16-Dec-2025 10:14:37 UTC] ✅ Logged: Invoice updated successfully /backend/public/api/invoices/CD0DED3D6114
[16-Dec-2025 10:14:38 UTC] ✅ Logged: Invoices fetched successfully /backend/public/api/invoices
[16-Dec-2025 10:14:47 UTC] ✅ Logged: Invoices fetched successfully /backend/public/api/invoices
[16-Dec-2025 10:15:06 UTC] ✅ Logged: Invoices fetched successfully /backend/public/api/invoices
[16-Dec-2025 10:15:33 UTC] ✅ Logged: Invoice updated successfully /backend/public/api/invoices/37CDC5DD72BF
[16-Dec-2025 10:15:34 UTC] ✅ Logged: Invoices fetched successfully /backend/public/api/invoices
[16-Dec-2025 10:15:37 UTC] ✅ Logged: Invoices fetched successfully /backend/public/api/invoices
[16-Dec-2025 10:19:33 UTC] ✅ Logged: Invoice updated successfully /backend/public/api/invoices/96E83EF18C21
[16-Dec-2025 10:19:33 UTC] ✅ Logged: Invoices fetched successfully /backend/public/api/invoices
[16-Dec-2025 10:20:49 UTC] ✅ Logged: Invoices fetched successfully /backend/public/api/invoices
[16-Dec-2025 10:20:51 UTC] ✅ Logged: Invoices fetched successfully /backend/public/api/invoices
[16-Dec-2025 10:22:32 UTC] ✅ Logged: Invoice updated successfully /backend/public/api/invoices/96E83EF18C21
[16-Dec-2025 10:22:33 UTC] ✅ Logged: Invoices fetched successfully /backend/public/api/invoices
[16-Dec-2025 10:22:36 UTC] ✅ Logged: Invoices fetched successfully /backend/public/api/invoices
[16-Dec-2025 10:25:21 UTC] ✅ Logged: Invoice updated successfully /backend/public/api/invoices/AC71B3A768D3
[16-Dec-2025 10:25:21 UTC] ✅ Logged: Invoices fetched successfully /backend/public/api/invoices
[16-Dec-2025 10:27:09 UTC] ✅ Logged: Invoices fetched successfully /backend/public/api/invoices
[16-Dec-2025 12:57:16 UTC] ✅ Logged: Login successful /backend/public/api/auth/users/login
[16-Dec-2025 12:57:16 UTC] ✅ Logged: Business data fetched successfully. /backend/public/api/business
[16-Dec-2025 12:57:20 UTC] ✅ Logged: Today dashboard stats fetched successfully. /backend/public/api/business/stats
[16-Dec-2025 12:57:23 UTC] ✅ Logged: Invoices fetched successfully /backend/public/api/invoices
[16-Dec-2025 12:57:40 UTC] ✅ Logged: Invoices fetched successfully /backend/public/api/invoices
[16-Dec-2025 12:58:25 UTC] ✅ Logged: Invoice updated successfully /backend/public/api/invoices/D2558C825565
[16-Dec-2025 12:58:25 UTC] ✅ Logged: Invoices fetched successfully /backend/public/api/invoices
[16-Dec-2025 12:58:36 UTC] ✅ Logged: Invoices fetched successfully /backend/public/api/invoices
[16-Dec-2025 12:59:13 UTC] ✅ Logged: Invoices fetched successfully /backend/public/api/invoices
[16-Dec-2025 12:59:37 UTC] ✅ Logged: Invoice updated successfully /backend/public/api/invoices/5299FCFECDD5
[16-Dec-2025 12:59:37 UTC] ✅ Logged: Invoices fetched successfully /backend/public/api/invoices
[16-Dec-2025 12:59:48 UTC] ✅ Logged: Invoices fetched successfully /backend/public/api/invoices
[16-Dec-2025 13:01:28 UTC] ✅ Logged: Invoices fetched successfully /backend/public/api/invoices
[16-Dec-2025 13:02:01 UTC] ✅ Logged: Invoice updated successfully /backend/public/api/invoices/11E3437E3AC6
[16-Dec-2025 13:02:01 UTC] ✅ Logged: Invoices fetched successfully /backend/public/api/invoices
[16-Dec-2025 13:02:04 UTC] ✅ Logged: Invoices fetched successfully /backend/public/api/invoices
[16-Dec-2025 13:02:27 UTC] ✅ Logged: Invoices fetched successfully /backend/public/api/invoices
[16-Dec-2025 13:03:12 UTC] ✅ Logged: Invoice updated successfully /backend/public/api/invoices/AF379129B40F
[16-Dec-2025 13:03:12 UTC] ✅ Logged: Invoices fetched successfully /backend/public/api/invoices
[16-Dec-2025 13:03:44 UTC] ✅ Logged: Invoice updated successfully /backend/public/api/invoices/02F7EAD0A90B
[16-Dec-2025 13:03:44 UTC] ✅ Logged: Invoices fetched successfully /backend/public/api/invoices
[16-Dec-2025 13:04:15 UTC] ✅ Logged: Invoice updated successfully /backend/public/api/invoices/27FCEB2E7D9C
[16-Dec-2025 13:04:15 UTC] ✅ Logged: Invoices fetched successfully /backend/public/api/invoices
[16-Dec-2025 13:05:00 UTC] ✅ Logged: Invoices fetched successfully /backend/public/api/invoices
[16-Dec-2025 13:05:17 UTC] ✅ Logged: Invoices fetched successfully /backend/public/api/invoices
[16-Dec-2025 13:05:58 UTC] ✅ Logged: Invoice updated successfully /backend/public/api/invoices/66220BB8C5CF
[16-Dec-2025 13:05:58 UTC] ✅ Logged: Invoices fetched successfully /backend/public/api/invoices
[16-Dec-2025 13:06:01 UTC] ✅ Logged: Invoices fetched successfully /backend/public/api/invoices
[16-Dec-2025 13:06:23 UTC] ✅ Logged: Invoices fetched successfully /backend/public/api/invoices
[16-Dec-2025 13:08:49 UTC] ✅ Logged: Invoice updated successfully /backend/public/api/invoices/8FD76F8009E9
[16-Dec-2025 13:08:49 UTC] ✅ Logged: Invoices fetched successfully /backend/public/api/invoices
[16-Dec-2025 13:08:53 UTC] ✅ Logged: Invoices fetched successfully /backend/public/api/invoices
[16-Dec-2025 13:09:06 UTC] ✅ Logged: Invoices fetched successfully /backend/public/api/invoices
[16-Dec-2025 13:09:48 UTC] ✅ Logged: Invoice updated successfully /backend/public/api/invoices/44192D5B7776
[16-Dec-2025 13:09:48 UTC] ✅ Logged: Invoices fetched successfully /backend/public/api/invoices
[16-Dec-2025 13:09:57 UTC] ✅ Logged: Invoices fetched successfully /backend/public/api/invoices
[16-Dec-2025 13:10:30 UTC] ✅ Logged: Invoices fetched successfully /backend/public/api/invoices
[16-Dec-2025 13:11:05 UTC] ✅ Logged: Invoice updated successfully /backend/public/api/invoices/EC4932E7B46C
[16-Dec-2025 13:11:05 UTC] ✅ Logged: Invoices fetched successfully /backend/public/api/invoices
[16-Dec-2025 13:12:33 UTC] ✅ Logged: Invoice updated successfully /backend/public/api/invoices/BE8F831CED4E
[16-Dec-2025 13:12:33 UTC] ✅ Logged: Invoices fetched successfully /backend/public/api/invoices
[16-Dec-2025 13:12:36 UTC] ✅ Logged: Invoices fetched successfully /backend/public/api/invoices
[16-Dec-2025 14:47:16 UTC] ✅ Logged: Login successful /backend/public/api/auth/users/login
[16-Dec-2025 14:47:17 UTC] ✅ Logged: Business data fetched successfully. /backend/public/api/business
[16-Dec-2025 14:47:22 UTC] ✅ Logged: Today dashboard stats fetched successfully. /backend/public/api/business/stats
[16-Dec-2025 14:47:26 UTC] ✅ Logged: Invoices fetched successfully /backend/public/api/invoices
[16-Dec-2025 14:47:56 UTC] ✅ Logged: Invoices fetched successfully /backend/public/api/invoices
[16-Dec-2025 14:58:44 UTC] ✅ Logged: Invoices fetched successfully /backend/public/api/invoices
[16-Dec-2025 14:58:49 UTC] ✅ Logged: Invoices fetched successfully /backend/public/api/invoices
[16-Dec-2025 14:59:21 UTC] ✅ Logged: Invoices fetched successfully /backend/public/api/invoices
[16-Dec-2025 14:59:30 UTC] ✅ Logged: Invoices fetched successfully /backend/public/api/invoices
[16-Dec-2025 14:59:32 UTC] ✅ Logged: Invoices fetched successfully /backend/public/api/invoices
[16-Dec-2025 14:59:33 UTC] ✅ Logged: Invoices fetched successfully /backend/public/api/invoices
[16-Dec-2025 14:59:43 UTC] ✅ Logged: Invoice updated successfully /backend/public/api/invoices/B8D42B775F05
[16-Dec-2025 14:59:43 UTC] ✅ Logged: Invoices fetched successfully /backend/public/api/invoices
[16-Dec-2025 15:10:18 UTC] ✅ Logged: Today dashboard stats fetched successfully. /backend/public/api/business/stats
[16-Dec-2025 15:10:21 UTC] ✅ Logged: Invoices fetched successfully /backend/public/api/invoices
[16-Dec-2025 15:10:47 UTC] ✅ Logged: Invoices fetched successfully /backend/public/api/invoices
[16-Dec-2025 15:11:14 UTC] ✅ Logged: Invoice updated successfully /backend/public/api/invoices/A65426EF387E
[16-Dec-2025 15:11:14 UTC] ✅ Logged: Invoices fetched successfully /backend/public/api/invoices
[16-Dec-2025 15:11:49 UTC] ✅ Logged: Invoice updated successfully /backend/public/api/invoices/7D413BE6686E
[16-Dec-2025 15:11:49 UTC] ✅ Logged: Invoices fetched successfully /backend/public/api/invoices
[16-Dec-2025 15:12:15 UTC] ✅ Logged: Invoice updated successfully /backend/public/api/invoices/1D20F707F43B
[16-Dec-2025 15:12:15 UTC] ✅ Logged: Invoices fetched successfully /backend/public/api/invoices
[16-Dec-2025 15:12:55 UTC] ✅ Logged: Invoice updated successfully /backend/public/api/invoices/EE53BE8BD49B
[16-Dec-2025 15:12:56 UTC] ✅ Logged: Invoices fetched successfully /backend/public/api/invoices
[16-Dec-2025 15:12:59 UTC] ✅ Logged: Invoices fetched successfully /backend/public/api/invoices
[16-Dec-2025 15:13:14 UTC] ✅ Logged: Invoices fetched successfully /backend/public/api/invoices
[16-Dec-2025 15:13:54 UTC] ✅ Logged: Invoice updated successfully /backend/public/api/invoices/A859621D8FC3
[16-Dec-2025 15:13:54 UTC] ✅ Logged: Invoices fetched successfully /backend/public/api/invoices
[16-Dec-2025 15:13:57 UTC] ✅ Logged: Invoices fetched successfully /backend/public/api/invoices
[16-Dec-2025 15:14:23 UTC] ✅ Logged: Invoices fetched successfully /backend/public/api/invoices
[16-Dec-2025 15:15:12 UTC] ✅ Logged: Invoice updated successfully /backend/public/api/invoices/6A7737C6B9FA
[16-Dec-2025 15:15:12 UTC] ✅ Logged: Invoices fetched successfully /backend/public/api/invoices
[16-Dec-2025 15:16:15 UTC] ✅ Logged: Invoice updated successfully /backend/public/api/invoices/CADEE83C8187
[16-Dec-2025 15:16:16 UTC] ✅ Logged: Invoices fetched successfully /backend/public/api/invoices
[16-Dec-2025 15:16:19 UTC] ✅ Logged: Invoices fetched successfully /backend/public/api/invoices
[16-Dec-2025 15:16:36 UTC] ✅ Logged: Invoices fetched successfully /backend/public/api/invoices
[16-Dec-2025 15:17:22 UTC] ✅ Logged: Invoice updated successfully /backend/public/api/invoices/DC6B576EEE9B
[16-Dec-2025 15:17:22 UTC] ✅ Logged: Invoices fetched successfully /backend/public/api/invoices
[16-Dec-2025 15:18:02 UTC] ✅ Logged: Invoice updated successfully /backend/public/api/invoices/93B58CB14D65
[16-Dec-2025 15:18:02 UTC] ✅ Logged: Invoices fetched successfully /backend/public/api/invoices
[16-Dec-2025 15:18:08 UTC] ✅ Logged: Invoices fetched successfully /backend/public/api/invoices
[16-Dec-2025 15:18:59 UTC] ✅ Logged: Invoices fetched successfully /backend/public/api/invoices
[16-Dec-2025 15:19:41 UTC] ✅ Logged: Invoice updated successfully /backend/public/api/invoices/E8820F0A1E4E
[16-Dec-2025 15:19:41 UTC] ✅ Logged: Invoices fetched successfully /backend/public/api/invoices
[16-Dec-2025 15:19:43 UTC] ✅ Logged: Invoices fetched successfully /backend/public/api/invoices
[16-Dec-2025 15:20:02 UTC] ✅ Logged: Invoices fetched successfully /backend/public/api/invoices
[16-Dec-2025 15:20:37 UTC] ✅ Logged: Invoice updated successfully /backend/public/api/invoices/496B42370856
[16-Dec-2025 15:20:37 UTC] ✅ Logged: Invoices fetched successfully /backend/public/api/invoices
[16-Dec-2025 15:20:52 UTC] ✅ Logged: Invoices fetched successfully /backend/public/api/invoices
[16-Dec-2025 15:21:29 UTC] ✅ Logged: Invoices fetched successfully /backend/public/api/invoices
[16-Dec-2025 15:22:10 UTC] ✅ Logged: Invoice updated successfully /backend/public/api/invoices/F96E30DE90B0
[16-Dec-2025 15:22:10 UTC] ✅ Logged: Invoices fetched successfully /backend/public/api/invoices
[16-Dec-2025 15:22:13 UTC] ✅ Logged: Invoices fetched successfully /backend/public/api/invoices
[16-Dec-2025 15:22:46 UTC] ✅ Logged: Invoices fetched successfully /backend/public/api/invoices
[16-Dec-2025 15:23:19 UTC] ✅ Logged: Invoice updated successfully /backend/public/api/invoices/7F978D5C46A6
[16-Dec-2025 15:23:19 UTC] ✅ Logged: Invoices fetched successfully /backend/public/api/invoices
[16-Dec-2025 15:23:22 UTC] ✅ Logged: Invoices fetched successfully /backend/public/api/invoices
[16-Dec-2025 15:24:03 UTC] ✅ Logged: Invoices fetched successfully /backend/public/api/invoices
[16-Dec-2025 15:24:31 UTC] ✅ Logged: Invoice updated successfully /backend/public/api/invoices/4E4DF7501BCF
[16-Dec-2025 15:24:31 UTC] ✅ Logged: Invoices fetched successfully /backend/public/api/invoices
[17-Dec-2025 06:16:20 UTC] ✅ Logged: Login successful /backend/public/api/auth/users/login
[17-Dec-2025 06:16:20 UTC] ✅ Logged: Business data fetched successfully. /backend/public/api/business
[17-Dec-2025 06:16:23 UTC] ✅ Logged: Today dashboard stats fetched successfully. /backend/public/api/business/stats
[17-Dec-2025 06:16:25 UTC] ✅ Logged: Invoices fetched successfully /backend/public/api/invoices
[17-Dec-2025 06:16:51 UTC] ✅ Logged: Invoices fetched successfully /backend/public/api/invoices
[17-Dec-2025 06:16:52 UTC] ✅ Logged: Invoices fetched successfully /backend/public/api/invoices
[17-Dec-2025 06:16:53 UTC] ✅ Logged: Invoices fetched successfully /backend/public/api/invoices
[17-Dec-2025 06:18:45 UTC] ✅ Logged: Invoices fetched successfully /backend/public/api/invoices
[17-Dec-2025 06:19:45 UTC] ✅ Logged: Invoice updated successfully /backend/public/api/invoices/E20FBFA46E66
[17-Dec-2025 06:19:45 UTC] ✅ Logged: Invoices fetched successfully /backend/public/api/invoices
[17-Dec-2025 06:20:07 UTC] ✅ Logged: Invoices fetched successfully /backend/public/api/invoices
[17-Dec-2025 06:20:22 UTC] ✅ Logged: Invoices fetched successfully /backend/public/api/invoices
[17-Dec-2025 06:21:18 UTC] ✅ Logged: Invoice updated successfully /backend/public/api/invoices/E3FC65D4A2F0
[17-Dec-2025 06:21:18 UTC] ✅ Logged: Invoices fetched successfully /backend/public/api/invoices
[17-Dec-2025 06:22:03 UTC] ✅ Logged: Invoice updated successfully /backend/public/api/invoices/28847A4C68EF
[17-Dec-2025 06:22:03 UTC] ✅ Logged: Invoices fetched successfully /backend/public/api/invoices
[17-Dec-2025 06:22:06 UTC] ✅ Logged: Invoices fetched successfully /backend/public/api/invoices
[17-Dec-2025 06:23:01 UTC] ✅ Logged: Invoices fetched successfully /backend/public/api/invoices
[17-Dec-2025 06:23:28 UTC] ✅ Logged: Invoice updated successfully /backend/public/api/invoices/7E6F1B15AADE
[17-Dec-2025 06:23:28 UTC] ✅ Logged: Invoices fetched successfully /backend/public/api/invoices
[17-Dec-2025 06:23:35 UTC] ✅ Logged: Invoices fetched successfully /backend/public/api/invoices
[17-Dec-2025 06:26:37 UTC] ✅ Logged: Invoices fetched successfully /backend/public/api/invoices
[17-Dec-2025 06:26:53 UTC] ✅ Logged: Invoice updated successfully /backend/public/api/invoices/141FA7D085C5
[17-Dec-2025 06:26:54 UTC] ✅ Logged: Invoices fetched successfully /backend/public/api/invoices
[17-Dec-2025 06:26:57 UTC] ✅ Logged: Invoices fetched successfully /backend/public/api/invoices
[17-Dec-2025 06:27:51 UTC] ✅ Logged: Invoices fetched successfully /backend/public/api/invoices
[17-Dec-2025 06:28:17 UTC] ✅ Logged: Invoice updated successfully /backend/public/api/invoices/91409DC550E1
[17-Dec-2025 06:28:17 UTC] ✅ Logged: Invoices fetched successfully /backend/public/api/invoices
[17-Dec-2025 06:29:07 UTC] ✅ Logged: Invoice updated successfully /backend/public/api/invoices/5C2FF7933FFA
[17-Dec-2025 06:29:08 UTC] ✅ Logged: Invoices fetched successfully /backend/public/api/invoices
[17-Dec-2025 06:30:44 UTC] ✅ Logged: Invoice updated successfully /backend/public/api/invoices/5C2FF7933FFA
[17-Dec-2025 06:30:44 UTC] ✅ Logged: Invoices fetched successfully /backend/public/api/invoices
[17-Dec-2025 06:30:51 UTC] ✅ Logged: Invoices fetched successfully /backend/public/api/invoices
[17-Dec-2025 06:33:07 UTC] ✅ Logged: Invoice updated successfully /backend/public/api/invoices/02F76621FE47
[17-Dec-2025 06:33:08 UTC] ✅ Logged: Invoices fetched successfully /backend/public/api/invoices
[17-Dec-2025 06:33:25 UTC] ✅ Logged: Invoices fetched successfully /backend/public/api/invoices
[17-Dec-2025 06:33:44 UTC] ✅ Logged: Invoice updated successfully /backend/public/api/invoices/6D6C3B160E2F
[17-Dec-2025 06:33:44 UTC] ✅ Logged: Invoices fetched successfully /backend/public/api/invoices
[17-Dec-2025 06:34:23 UTC] ✅ Logged: Invoices fetched successfully /backend/public/api/invoices
[17-Dec-2025 07:01:30 UTC] ✅ Logged: Invoices fetched successfully /backend/public/api/invoices
[17-Dec-2025 07:48:38 UTC] ✅ Logged: Login successful /backend/public/api/auth/users/login
[17-Dec-2025 07:48:39 UTC] ✅ Logged: Business data fetched successfully. /backend/public/api/business
[17-Dec-2025 07:48:45 UTC] ✅ Logged: Invoices fetched successfully /backend/public/api/invoices
[17-Dec-2025 07:48:53 UTC] ✅ Logged: No invoices found matching the criteria. /backend/public/api/invoices
[17-Dec-2025 07:48:59 UTC] ✅ Logged: Invoices fetched successfully /backend/public/api/invoices
[17-Dec-2025 07:49:09 UTC] ✅ Logged: Invoices fetched successfully /backend/public/api/invoices
[17-Dec-2025 07:49:11 UTC] ✅ Logged: No invoices found matching the criteria. /backend/public/api/invoices
[17-Dec-2025 07:49:18 UTC] ✅ Logged: Invoices fetched successfully /backend/public/api/invoices
[17-Dec-2025 07:49:21 UTC] ✅ Logged: Invoices fetched successfully /backend/public/api/invoices
[17-Dec-2025 07:50:22 UTC] ✅ Logged: Invoices fetched successfully /backend/public/api/invoices
[17-Dec-2025 07:50:35 UTC] ✅ Logged: Invoices fetched successfully /backend/public/api/invoices
[17-Dec-2025 07:50:39 UTC] ✅ Logged: Invoices fetched successfully /backend/public/api/invoices
[17-Dec-2025 07:50:42 UTC] ✅ Logged: No invoices found matching the criteria. /backend/public/api/invoices
[17-Dec-2025 07:50:47 UTC] ✅ Logged: Invoices fetched successfully /backend/public/api/invoices
[17-Dec-2025 10:24:52 UTC] ✅ Logged: Login successful /backend/public/api/auth/users/login
[17-Dec-2025 10:24:52 UTC] ✅ Logged: Business data fetched successfully. /backend/public/api/business
[17-Dec-2025 10:24:55 UTC] ✅ Logged: Today dashboard stats fetched successfully. /backend/public/api/business/stats
[17-Dec-2025 10:24:57 UTC] ✅ Logged: Invoices fetched successfully /backend/public/api/invoices
[17-Dec-2025 10:25:01 UTC] ✅ Logged: Invoices fetched successfully /backend/public/api/invoices
[17-Dec-2025 10:26:12 UTC] ✅ Logged: Invoices fetched successfully /backend/public/api/invoices
[17-Dec-2025 10:26:59 UTC] ✅ Logged: Invoice updated successfully /backend/public/api/invoices/D5B5E018D364
[17-Dec-2025 10:27:00 UTC] ✅ Logged: Invoices fetched successfully /backend/public/api/invoices
[17-Dec-2025 10:27:41 UTC] ✅ Logged: Invoices fetched successfully /backend/public/api/invoices
[17-Dec-2025 10:28:28 UTC] ✅ Logged: Invoices fetched successfully /backend/public/api/invoices
[17-Dec-2025 10:29:19 UTC] ✅ Logged: Invoice updated successfully /backend/public/api/invoices/5502B5D802C5
[17-Dec-2025 10:29:19 UTC] ✅ Logged: Invoices fetched successfully /backend/public/api/invoices
[17-Dec-2025 10:30:03 UTC] ✅ Logged: Invoice updated successfully /backend/public/api/invoices/12804B16CCC7
[17-Dec-2025 10:30:03 UTC] ✅ Logged: Invoices fetched successfully /backend/public/api/invoices
[17-Dec-2025 10:31:01 UTC] ✅ Logged: Invoice updated successfully /backend/public/api/invoices/FAFC5F299AD7
[17-Dec-2025 10:31:01 UTC] ✅ Logged: Invoices fetched successfully /backend/public/api/invoices
[17-Dec-2025 10:43:36 UTC] ✅ Logged: Invoices fetched successfully /backend/public/api/invoices
[17-Dec-2025 10:44:18 UTC] ✅ Logged: Invoices fetched successfully /backend/public/api/invoices
[17-Dec-2025 10:46:24 UTC] ✅ Logged: Invoice updated successfully /backend/public/api/invoices/5502B5D802C5
[17-Dec-2025 10:46:25 UTC] ✅ Logged: Invoices fetched successfully /backend/public/api/invoices
[17-Dec-2025 10:46:28 UTC] ✅ Logged: Invoices fetched successfully /backend/public/api/invoices
[17-Dec-2025 10:46:31 UTC] ✅ Logged: Invoices fetched successfully /backend/public/api/invoices
[17-Dec-2025 10:46:54 UTC] ✅ Logged: Invoices fetched successfully /backend/public/api/invoices
[17-Dec-2025 10:47:38 UTC] ✅ Logged: Invoice updated successfully /backend/public/api/invoices/882A8E07F35D
[17-Dec-2025 10:47:38 UTC] ✅ Logged: Invoices fetched successfully /backend/public/api/invoices
[17-Dec-2025 10:48:07 UTC] ✅ Logged: Invoices fetched successfully /backend/public/api/invoices
[17-Dec-2025 10:48:26 UTC] ✅ Logged: Invoices fetched successfully /backend/public/api/invoices
[17-Dec-2025 10:48:53 UTC] ✅ Logged: Invoice updated successfully /backend/public/api/invoices/427668DB6EBA
[17-Dec-2025 10:48:53 UTC] ✅ Logged: Invoices fetched successfully /backend/public/api/invoices
[17-Dec-2025 10:48:58 UTC] ✅ Logged: Invoices fetched successfully /backend/public/api/invoices
[17-Dec-2025 10:49:27 UTC] ✅ Logged: Invoices fetched successfully /backend/public/api/invoices
[17-Dec-2025 10:49:43 UTC] ✅ Logged: Invoice updated successfully /backend/public/api/invoices/BB117A1CD264
[17-Dec-2025 10:49:43 UTC] ✅ Logged: Invoices fetched successfully /backend/public/api/invoices
[17-Dec-2025 10:49:46 UTC] ✅ Logged: Invoices fetched successfully /backend/public/api/invoices
[17-Dec-2025 10:50:06 UTC] ✅ Logged: Invoices fetched successfully /backend/public/api/invoices
[17-Dec-2025 10:50:21 UTC] ✅ Logged: Invoice updated successfully /backend/public/api/invoices/2B44FDCD37AF
[17-Dec-2025 10:50:21 UTC] ✅ Logged: Invoices fetched successfully /backend/public/api/invoices
[17-Dec-2025 10:50:41 UTC] ✅ Logged: Invoice updated successfully /backend/public/api/invoices/98E0D0B5F2A9
[17-Dec-2025 10:50:41 UTC] ✅ Logged: Invoices fetched successfully /backend/public/api/invoices
[17-Dec-2025 10:50:45 UTC] ✅ Logged: Invoices fetched successfully /backend/public/api/invoices
[17-Dec-2025 10:51:43 UTC] ✅ Logged: Invoices fetched successfully /backend/public/api/invoices
[17-Dec-2025 10:52:05 UTC] ✅ Logged: Invoice updated successfully /backend/public/api/invoices/4533AB975DA4
[17-Dec-2025 10:52:06 UTC] ✅ Logged: Invoices fetched successfully /backend/public/api/invoices
[17-Dec-2025 10:52:10 UTC] ✅ Logged: Invoices fetched successfully /backend/public/api/invoices
[17-Dec-2025 13:22:27 UTC] ✅ Logged: Login successful /backend/public/api/auth/users/login
[17-Dec-2025 13:22:27 UTC] ✅ Logged: Business data fetched successfully. /backend/public/api/business
[17-Dec-2025 13:22:30 UTC] ✅ Logged: Today dashboard stats fetched successfully. /backend/public/api/business/stats
[18-Dec-2025 13:28:21 UTC] ✅ Logged: Login successful /backend/public/api/auth/users/login
[18-Dec-2025 13:28:21 UTC] ✅ Logged: Business data fetched successfully. /backend/public/api/business
[18-Dec-2025 13:28:24 UTC] ✅ Logged: Today dashboard stats fetched successfully. /backend/public/api/business/stats
[18-Dec-2025 13:28:27 UTC] ✅ Logged: Invoices fetched successfully /backend/public/api/invoices
[18-Dec-2025 13:28:43 UTC] ✅ Logged: Invoices fetched successfully /backend/public/api/invoices
[18-Dec-2025 13:28:45 UTC] ✅ Logged: Invoices fetched successfully /backend/public/api/invoices
[18-Dec-2025 13:28:48 UTC] ✅ Logged: Invoices fetched successfully /backend/public/api/invoices
[18-Dec-2025 14:05:31 UTC] ✅ Logged: Invoice updated successfully /backend/public/api/invoices/0E24E48EB792
[18-Dec-2025 14:05:31 UTC] ✅ Logged: Invoices fetched successfully /backend/public/api/invoices
[18-Dec-2025 15:02:50 UTC] ✅ Logged: Login successful /backend/public/api/auth/users/login
[18-Dec-2025 15:02:51 UTC] ✅ Logged: Business data fetched successfully. /backend/public/api/business
[18-Dec-2025 15:02:53 UTC] ✅ Logged: Today dashboard stats fetched successfully. /backend/public/api/business/stats
[18-Dec-2025 15:02:56 UTC] ✅ Logged: Invoices fetched successfully /backend/public/api/invoices
[18-Dec-2025 15:06:58 UTC] ✅ Logged: Invoices fetched successfully /backend/public/api/invoices
[18-Dec-2025 15:07:25 UTC] ✅ Logged: Invoice updated successfully /backend/public/api/invoices/E361F53044F2
[18-Dec-2025 15:07:25 UTC] ✅ Logged: Invoices fetched successfully /backend/public/api/invoices
[18-Dec-2025 15:07:29 UTC] ✅ Logged: Invoices fetched successfully /backend/public/api/invoices
[18-Dec-2025 15:08:36 UTC] ✅ Logged: Invoices fetched successfully /backend/public/api/invoices
[18-Dec-2025 15:09:12 UTC] ✅ Logged: Invoice updated successfully /backend/public/api/invoices/A02F57ABE413
[18-Dec-2025 15:09:13 UTC] ✅ Logged: Invoices fetched successfully /backend/public/api/invoices
[18-Dec-2025 15:09:27 UTC] ✅ Logged: Invoices fetched successfully /backend/public/api/invoices
[18-Dec-2025 15:09:57 UTC] ✅ Logged: Invoices fetched successfully /backend/public/api/invoices
[18-Dec-2025 15:11:03 UTC] ✅ Logged: Invoice updated successfully /backend/public/api/invoices/63A0B31BEAD5
[18-Dec-2025 15:11:03 UTC] ✅ Logged: Invoices fetched successfully /backend/public/api/invoices
[18-Dec-2025 15:11:54 UTC] ✅ Logged: Invoice updated successfully /backend/public/api/invoices/E65896006F8F
[18-Dec-2025 15:11:54 UTC] ✅ Logged: Invoices fetched successfully /backend/public/api/invoices
[18-Dec-2025 15:11:57 UTC] ✅ Logged: Invoices fetched successfully /backend/public/api/invoices
[18-Dec-2025 15:13:06 UTC] ✅ Logged: Invoice updated successfully /backend/public/api/invoices/122A8FBEEA0E
[18-Dec-2025 15:13:07 UTC] ✅ Logged: Invoices fetched successfully /backend/public/api/invoices
[18-Dec-2025 15:13:51 UTC] ✅ Logged: Invoices fetched successfully /backend/public/api/invoices
[18-Dec-2025 15:25:10 UTC] ✅ Logged: Invoice updated successfully /backend/public/api/invoices/DFDDC330C896
[18-Dec-2025 15:25:10 UTC] ✅ Logged: Invoices fetched successfully /backend/public/api/invoices
[18-Dec-2025 15:25:13 UTC] ✅ Logged: Invoices fetched successfully /backend/public/api/invoices
[18-Dec-2025 15:25:37 UTC] ✅ Logged: Invoices fetched successfully /backend/public/api/invoices
[18-Dec-2025 15:28:04 UTC] ✅ Logged: Invoice updated successfully /backend/public/api/invoices/FECC39B59811
[18-Dec-2025 15:28:05 UTC] ✅ Logged: Invoices fetched successfully /backend/public/api/invoices
[18-Dec-2025 15:29:06 UTC] ✅ Logged: Invoice updated successfully /backend/public/api/invoices/1F4E8EFEA965
[18-Dec-2025 15:29:07 UTC] ✅ Logged: Invoices fetched successfully /backend/public/api/invoices
[18-Dec-2025 15:29:11 UTC] ✅ Logged: Invoices fetched successfully /backend/public/api/invoices
[18-Dec-2025 15:29:32 UTC] ✅ Logged: Invoices fetched successfully /backend/public/api/invoices
[19-Dec-2025 05:51:42 UTC] ✅ Logged: Login successful /backend/public/api/auth/users/login
[19-Dec-2025 05:51:42 UTC] ✅ Logged: Business data fetched successfully. /backend/public/api/business
[19-Dec-2025 05:51:45 UTC] ✅ Logged: Today dashboard stats fetched successfully. /backend/public/api/business/stats
[19-Dec-2025 05:51:48 UTC] ✅ Logged: Invoices fetched successfully /backend/public/api/invoices
[19-Dec-2025 10:55:18 UTC] ✅ Logged: Login successful /backend/public/api/auth/users/login
[19-Dec-2025 10:55:18 UTC] ✅ Logged: Business data fetched successfully. /backend/public/api/business
[19-Dec-2025 10:55:21 UTC] ✅ Logged: Today dashboard stats fetched successfully. /backend/public/api/business/stats
[19-Dec-2025 10:55:24 UTC] ✅ Logged: Invoices fetched successfully /backend/public/api/invoices
[19-Dec-2025 10:55:38 UTC] ✅ Logged: No invoices found matching the criteria. /backend/public/api/invoices
[19-Dec-2025 10:55:46 UTC] ✅ Logged: No invoices found matching the criteria. /backend/public/api/invoices
[19-Dec-2025 10:55:51 UTC] ✅ Logged: Invoices fetched successfully /backend/public/api/invoices
[19-Dec-2025 10:56:03 UTC] ✅ Logged: Invoices fetched successfully /backend/public/api/invoices
[19-Dec-2025 10:56:05 UTC] ✅ Logged: Invoices fetched successfully /backend/public/api/invoices
[19-Dec-2025 10:56:53 UTC] ✅ Logged: Invoices fetched successfully /backend/public/api/invoices
[19-Dec-2025 10:56:57 UTC] ✅ Logged: Invoices fetched successfully /backend/public/api/invoices
[19-Dec-2025 10:57:54 UTC] ✅ Logged: Invoice type is required. /backend/public/api/invoices/2E095BE855AD
[19-Dec-2025 10:58:30 UTC] ✅ Logged: Invoice updated successfully /backend/public/api/invoices/2E095BE855AD
[19-Dec-2025 10:58:30 UTC] ✅ Logged: Invoices fetched successfully /backend/public/api/invoices
[19-Dec-2025 10:59:08 UTC] ✅ Logged: Invoice updated successfully /backend/public/api/invoices/2E095BE855AD
[19-Dec-2025 10:59:08 UTC] ✅ Logged: Invoices fetched successfully /backend/public/api/invoices
[19-Dec-2025 10:59:46 UTC] ✅ Logged: Invoice updated successfully /backend/public/api/invoices/65F23EB87CC6
[19-Dec-2025 10:59:46 UTC] ✅ Logged: Invoices fetched successfully /backend/public/api/invoices
[19-Dec-2025 15:11:16 UTC] ✅ Logged: Login successful /backend/public/api/auth/users/login
[19-Dec-2025 15:11:16 UTC] ✅ Logged: Business data fetched successfully. /backend/public/api/business
[19-Dec-2025 15:11:20 UTC] ✅ Logged: Today dashboard stats fetched successfully. /backend/public/api/business/stats
[19-Dec-2025 15:11:23 UTC] ✅ Logged: Invoices fetched successfully /backend/public/api/invoices
[19-Dec-2025 15:11:32 UTC] ✅ Logged: Invoices fetched successfully /backend/public/api/invoices
[19-Dec-2025 15:11:34 UTC] ✅ Logged: Invoices fetched successfully /backend/public/api/invoices
[19-Dec-2025 15:11:36 UTC] ✅ Logged: Invoices fetched successfully /backend/public/api/invoices
[19-Dec-2025 15:14:15 UTC] ✅ Logged: Invoice updated successfully /backend/public/api/invoices/8C4EE966C165
[19-Dec-2025 15:14:15 UTC] ✅ Logged: Invoices fetched successfully /backend/public/api/invoices
[19-Dec-2025 15:21:30 UTC] ✅ Logged: Today dashboard stats fetched successfully. /backend/public/api/business/stats
[19-Dec-2025 15:21:34 UTC] ✅ Logged: Invoices fetched successfully /backend/public/api/invoices
[19-Dec-2025 15:21:54 UTC] ✅ Logged: Invoices fetched successfully /backend/public/api/invoices
[19-Dec-2025 15:22:33 UTC] ✅ Logged: Invoices fetched successfully /backend/public/api/invoices
[19-Dec-2025 15:23:04 UTC] ✅ Logged: Invoice updated successfully /backend/public/api/invoices/AF7F054237B6
[19-Dec-2025 15:23:05 UTC] ✅ Logged: Invoices fetched successfully /backend/public/api/invoices
[19-Dec-2025 15:23:32 UTC] ✅ Logged: Invoices fetched successfully /backend/public/api/invoices
[19-Dec-2025 15:23:50 UTC] ✅ Logged: Invoices fetched successfully /backend/public/api/invoices
[20-Dec-2025 06:42:49 UTC] ✅ Logged: Login successful /backend/public/api/auth/users/login
[20-Dec-2025 06:42:49 UTC] ✅ Logged: Business data fetched successfully. /backend/public/api/business
[20-Dec-2025 06:42:52 UTC] ✅ Logged: Today dashboard stats fetched successfully. /backend/public/api/business/stats
[20-Dec-2025 06:43:13 UTC] ✅ Logged: Invoices fetched successfully /backend/public/api/invoices
[20-Dec-2025 06:43:56 UTC] ✅ Logged: Invoices fetched successfully /backend/public/api/invoices
[20-Dec-2025 06:45:01 UTC] ✅ Logged: Invoice updated successfully /backend/public/api/invoices/A94C3FEB2618
[20-Dec-2025 06:45:01 UTC] ✅ Logged: Invoices fetched successfully /backend/public/api/invoices
[20-Dec-2025 06:45:22 UTC] ✅ Logged: Invoice updated successfully /backend/public/api/invoices/63FD8715D541
[20-Dec-2025 06:45:22 UTC] ✅ Logged: Invoices fetched successfully /backend/public/api/invoices
[20-Dec-2025 06:46:03 UTC] ✅ Logged: Invoice updated successfully /backend/public/api/invoices/6A4B4551F9C8
[20-Dec-2025 06:46:03 UTC] ✅ Logged: Invoices fetched successfully /backend/public/api/invoices
[20-Dec-2025 06:46:31 UTC] ✅ Logged: Invoices fetched successfully /backend/public/api/invoices
[20-Dec-2025 06:46:56 UTC] ✅ Logged: Invoices fetched successfully /backend/public/api/invoices
[20-Dec-2025 06:47:40 UTC] ✅ Logged: Invoice updated successfully /backend/public/api/invoices/70D8E83A6DA9
[20-Dec-2025 06:47:40 UTC] ✅ Logged: Invoices fetched successfully /backend/public/api/invoices
[20-Dec-2025 06:49:36 UTC] ✅ Logged: Invoice updated successfully /backend/public/api/invoices/FB1718C1DDA6
[20-Dec-2025 06:49:37 UTC] ✅ Logged: Invoices fetched successfully /backend/public/api/invoices
[20-Dec-2025 06:49:42 UTC] ✅ Logged: Invoices fetched successfully /backend/public/api/invoices
[20-Dec-2025 06:49:51 UTC] ✅ Logged: Invoices fetched successfully /backend/public/api/invoices
[20-Dec-2025 06:49:56 UTC] ✅ Logged: Invoices fetched successfully /backend/public/api/invoices
[20-Dec-2025 06:50:00 UTC] ✅ Logged: Invoices fetched successfully /backend/public/api/invoices
[20-Dec-2025 06:50:01 UTC] ✅ Logged: Invoices fetched successfully /backend/public/api/invoices
[20-Dec-2025 06:50:02 UTC] ✅ Logged: Invoices fetched successfully /backend/public/api/invoices
[20-Dec-2025 06:50:06 UTC] ✅ Logged: Invoices fetched successfully /backend/public/api/invoices
[20-Dec-2025 06:51:57 UTC] ✅ Logged: Invoice updated successfully /backend/public/api/invoices/9FB08B8EF595
[20-Dec-2025 06:51:57 UTC] ✅ Logged: Invoices fetched successfully /backend/public/api/invoices
[20-Dec-2025 06:54:21 UTC] ✅ Logged: Invoice updated successfully /backend/public/api/invoices/FFC523444443
[20-Dec-2025 06:54:21 UTC] ✅ Logged: Invoices fetched successfully /backend/public/api/invoices
[20-Dec-2025 12:11:37 UTC] ✅ Logged: Login successful /backend/public/api/auth/users/login
[20-Dec-2025 12:11:37 UTC] ✅ Logged: Business data fetched successfully. /backend/public/api/business
[20-Dec-2025 12:11:40 UTC] ✅ Logged: Today dashboard stats fetched successfully. /backend/public/api/business/stats
[20-Dec-2025 12:11:42 UTC] ✅ Logged: Invoices fetched successfully /backend/public/api/invoices
[20-Dec-2025 12:11:48 UTC] ✅ Logged: No invoices found matching the criteria. /backend/public/api/invoices
[20-Dec-2025 12:11:56 UTC] ✅ Logged: Invoices fetched successfully /backend/public/api/invoices
[20-Dec-2025 12:23:55 UTC] ✅ Logged: Invoices fetched successfully /backend/public/api/invoices
[20-Dec-2025 12:23:56 UTC] ✅ Logged: Invoices fetched successfully /backend/public/api/invoices
[20-Dec-2025 12:23:57 UTC] ✅ Logged: Invoices fetched successfully /backend/public/api/invoices
[20-Dec-2025 12:48:09 UTC] ✅ Logged: Invoices fetched successfully /backend/public/api/invoices
[20-Dec-2025 12:48:13 UTC] ✅ Logged: Invoices fetched successfully /backend/public/api/invoices
[20-Dec-2025 12:48:40 UTC] ✅ Logged: Invoice updated successfully /backend/public/api/invoices/4F0BD301AC1C
[20-Dec-2025 12:48:40 UTC] ✅ Logged: Invoices fetched successfully /backend/public/api/invoices
[20-Dec-2025 12:48:55 UTC] ✅ Logged: Invoice updated successfully /backend/public/api/invoices/AF7EE9D4457E
[20-Dec-2025 12:48:55 UTC] ✅ Logged: Invoices fetched successfully /backend/public/api/invoices
[20-Dec-2025 12:49:17 UTC] ✅ Logged: Invoice updated successfully /backend/public/api/invoices/E9B9C9C266A4
[20-Dec-2025 12:49:17 UTC] ✅ Logged: Invoices fetched successfully /backend/public/api/invoices
[20-Dec-2025 12:49:28 UTC] ✅ Logged: Invoices fetched successfully /backend/public/api/invoices
[20-Dec-2025 13:34:31 UTC] ✅ Logged: Login successful /backend/public/api/auth/users/login
[20-Dec-2025 13:34:31 UTC] ✅ Logged: Business data fetched successfully. /backend/public/api/business
[20-Dec-2025 13:34:45 UTC] ✅ Logged: Invoices fetched successfully /backend/public/api/invoices
[20-Dec-2025 13:34:53 UTC] ✅ Logged: Invoices fetched successfully /backend/public/api/invoices
[20-Dec-2025 13:41:02 UTC] ✅ Logged: Invoice type is required. /backend/public/api/invoices/55A39BDAD407
[20-Dec-2025 13:43:24 UTC] ✅ Logged: Invoice updated successfully /backend/public/api/invoices/55A39BDAD407
[20-Dec-2025 13:43:24 UTC] ✅ Logged: Invoices fetched successfully /backend/public/api/invoices
[20-Dec-2025 13:43:41 UTC] ✅ Logged: Invoices fetched successfully /backend/public/api/invoices
[20-Dec-2025 13:43:55 UTC] ✅ Logged: Invoices fetched successfully /backend/public/api/invoices
[20-Dec-2025 13:43:57 UTC] ✅ Logged: No invoices found matching the criteria. /backend/public/api/invoices
[20-Dec-2025 13:44:01 UTC] ✅ Logged: Invoices fetched successfully /backend/public/api/invoices
[20-Dec-2025 13:44:02 UTC] ✅ Logged: No invoices found matching the criteria. /backend/public/api/invoices
[20-Dec-2025 13:44:11 UTC] ✅ Logged: No invoices found matching the criteria. /backend/public/api/invoices
[20-Dec-2025 13:44:15 UTC] ✅ Logged: Invoices fetched successfully /backend/public/api/invoices
[20-Dec-2025 13:44:20 UTC] ✅ Logged: Invoices fetched successfully /backend/public/api/invoices
[20-Dec-2025 13:44:22 UTC] ✅ Logged: Invoices fetched successfully /backend/public/api/invoices
[20-Dec-2025 13:44:24 UTC] ✅ Logged: Invoices fetched successfully /backend/public/api/invoices
[20-Dec-2025 14:16:21 UTC] ✅ Logged: Invoice updated successfully /backend/public/api/invoices/F4A3392A1FA6
[20-Dec-2025 14:16:21 UTC] ✅ Logged: No invoices found matching the criteria. /backend/public/api/invoices
[20-Dec-2025 14:17:22 UTC] ✅ Logged: Invoices fetched successfully /backend/public/api/invoices
[20-Dec-2025 14:17:30 UTC] ✅ Logged: Invoices fetched successfully /backend/public/api/invoices
[20-Dec-2025 14:17:43 UTC] ✅ Logged: Invoices fetched successfully /backend/public/api/invoices
[21-Dec-2025 07:23:52 UTC] ✅ Logged: Login successful /backend/public/api/auth/users/login
[21-Dec-2025 07:23:52 UTC] ✅ Logged: Business data fetched successfully. /backend/public/api/business
[21-Dec-2025 07:23:55 UTC] ✅ Logged: Today dashboard stats fetched successfully. /backend/public/api/business/stats
[21-Dec-2025 07:24:02 UTC] ✅ Logged: Invoices fetched successfully /backend/public/api/invoices
[21-Dec-2025 07:24:28 UTC] ✅ Logged: Invoices fetched successfully /backend/public/api/invoices
[21-Dec-2025 07:24:30 UTC] ✅ Logged: Invoices fetched successfully /backend/public/api/invoices
[21-Dec-2025 07:24:31 UTC] ✅ Logged: Invoices fetched successfully /backend/public/api/invoices
[21-Dec-2025 07:24:32 UTC] ✅ Logged: Invoices fetched successfully /backend/public/api/invoices
[21-Dec-2025 07:24:36 UTC] ✅ Logged: Invoices fetched successfully /backend/public/api/invoices
[21-Dec-2025 07:24:36 UTC] ✅ Logged: Invoices fetched successfully /backend/public/api/invoices
[21-Dec-2025 07:33:39 UTC] ✅ Logged: Invoices fetched successfully /backend/public/api/invoices
[21-Dec-2025 07:33:52 UTC] ✅ Logged: Invoices fetched successfully /backend/public/api/invoices
[21-Dec-2025 07:33:54 UTC] ✅ Logged: No invoices found matching the criteria. /backend/public/api/invoices
[21-Dec-2025 08:07:28 UTC] ✅ Logged: Today dashboard stats fetched successfully. /backend/public/api/business/stats
[21-Dec-2025 08:07:31 UTC] ✅ Logged: Invoices fetched successfully /backend/public/api/invoices
[21-Dec-2025 08:07:42 UTC] ✅ Logged: Invoices fetched successfully /backend/public/api/invoices
[21-Dec-2025 08:07:43 UTC] ✅ Logged: No invoices found matching the criteria. /backend/public/api/invoices
[21-Dec-2025 08:07:51 UTC] ✅ Logged: No invoices found matching the criteria. /backend/public/api/invoices
[21-Dec-2025 08:08:16 UTC] ✅ Logged: No invoices found matching the criteria. /backend/public/api/invoices
[21-Dec-2025 08:08:25 UTC] ✅ Logged: No invoices found matching the criteria. /backend/public/api/invoices
[21-Dec-2025 08:08:33 UTC] ✅ Logged: No invoices found matching the criteria. /backend/public/api/invoices
[21-Dec-2025 08:08:39 UTC] ✅ Logged: No invoices found matching the criteria. /backend/public/api/invoices
[21-Dec-2025 08:08:39 UTC] ✅ Logged: No invoices found matching the criteria. /backend/public/api/invoices
[21-Dec-2025 08:09:01 UTC] ✅ Logged: No invoices found matching the criteria. /backend/public/api/invoices
[21-Dec-2025 08:09:12 UTC] ✅ Logged: No invoices found matching the criteria. /backend/public/api/invoices
[21-Dec-2025 08:09:17 UTC] ✅ Logged: No invoices found matching the criteria. /backend/public/api/invoices
[21-Dec-2025 08:10:01 UTC] ✅ Logged: Invoices fetched successfully /backend/public/api/invoices
[21-Dec-2025 08:10:10 UTC] ✅ Logged: Invoices fetched successfully /backend/public/api/invoices
[21-Dec-2025 08:10:17 UTC] ✅ Logged: Invoices fetched successfully /backend/public/api/invoices
[21-Dec-2025 08:10:33 UTC] ✅ Logged: No invoices found matching the criteria. /backend/public/api/invoices
[21-Dec-2025 08:10:44 UTC] ✅ Logged: Invoices fetched successfully /backend/public/api/invoices
[21-Dec-2025 08:10:50 UTC] ✅ Logged: No invoices found matching the criteria. /backend/public/api/invoices
[21-Dec-2025 08:10:58 UTC] ✅ Logged: Invoices fetched successfully /backend/public/api/invoices
[21-Dec-2025 08:11:13 UTC] ✅ Logged: Invoices fetched successfully /backend/public/api/invoices
[21-Dec-2025 08:11:17 UTC] ✅ Logged: Invoices fetched successfully /backend/public/api/invoices
[21-Dec-2025 08:20:57 UTC] ✅ Logged: Invoices fetched successfully /backend/public/api/invoices
[21-Dec-2025 08:20:59 UTC] ✅ Logged: Invoices fetched successfully /backend/public/api/invoices
[21-Dec-2025 08:22:16 UTC] ✅ Logged: Invoice updated successfully /backend/public/api/invoices/FC8148825A99
[21-Dec-2025 08:22:16 UTC] ✅ Logged: Invoices fetched successfully /backend/public/api/invoices
[21-Dec-2025 08:22:38 UTC] ✅ Logged: Invoice updated successfully /backend/public/api/invoices/FF5495BF7FF8
[21-Dec-2025 08:22:38 UTC] ✅ Logged: Invoices fetched successfully /backend/public/api/invoices
[21-Dec-2025 08:38:12 UTC] ✅ Logged: Login successful /backend/public/api/auth/users/login
[21-Dec-2025 08:38:12 UTC] ✅ Logged: Business data fetched successfully. /backend/public/api/business
[21-Dec-2025 08:38:20 UTC] ✅ Logged: Invoices fetched successfully /backend/public/api/invoices
[21-Dec-2025 08:38:30 UTC] ✅ Logged: Invoices fetched successfully /backend/public/api/invoices
[21-Dec-2025 09:05:25 UTC] ✅ Logged: Invoices fetched successfully /backend/public/api/invoices
[21-Dec-2025 09:05:31 UTC] ✅ Logged: Invoices fetched successfully /backend/public/api/invoices
[21-Dec-2025 10:51:26 UTC] ✅ Logged: Login successful /backend/public/api/auth/users/login
[21-Dec-2025 10:51:26 UTC] ✅ Logged: Business data fetched successfully. /backend/public/api/business
[21-Dec-2025 10:51:29 UTC] ✅ Logged: Today dashboard stats fetched successfully. /backend/public/api/business/stats
[21-Dec-2025 10:51:31 UTC] ✅ Logged: Invoices fetched successfully /backend/public/api/invoices
[21-Dec-2025 12:33:25 UTC] ✅ Logged: Login successful /backend/public/api/auth/users/login
[21-Dec-2025 12:33:26 UTC] ✅ Logged: Business data fetched successfully. /backend/public/api/business
[21-Dec-2025 12:33:28 UTC] ✅ Logged: Today dashboard stats fetched successfully. /backend/public/api/business/stats
[21-Dec-2025 12:33:31 UTC] ✅ Logged: Invoices fetched successfully /backend/public/api/invoices
[21-Dec-2025 12:33:53 UTC] ✅ Logged: Invoices fetched successfully /backend/public/api/invoices
[21-Dec-2025 12:34:34 UTC] ✅ Logged: Invoices fetched successfully /backend/public/api/invoices
[21-Dec-2025 12:35:49 UTC] ✅ Logged: Invoice updated successfully /backend/public/api/invoices/BF0426EA1398
[21-Dec-2025 12:35:49 UTC] ✅ Logged: Invoices fetched successfully /backend/public/api/invoices
[21-Dec-2025 12:35:53 UTC] ✅ Logged: Invoices fetched successfully /backend/public/api/invoices
[21-Dec-2025 12:36:20 UTC] ✅ Logged: Invoices fetched successfully /backend/public/api/invoices
[21-Dec-2025 12:38:52 UTC] ✅ Logged: Invoice updated successfully /backend/public/api/invoices/DD51F60DB27D
[21-Dec-2025 12:38:52 UTC] ✅ Logged: Invoices fetched successfully /backend/public/api/invoices
[21-Dec-2025 12:39:08 UTC] ✅ Logged: Invoice updated successfully /backend/public/api/invoices/54A5FC042BF6
[21-Dec-2025 12:39:08 UTC] ✅ Logged: Invoices fetched successfully /backend/public/api/invoices
[21-Dec-2025 12:39:11 UTC] ✅ Logged: Invoices fetched successfully /backend/public/api/invoices
[21-Dec-2025 12:39:36 UTC] ✅ Logged: Invoices fetched successfully /backend/public/api/invoices
[21-Dec-2025 12:41:11 UTC] ✅ Logged: Invoice updated successfully /backend/public/api/invoices/D6A5F6CE8D19
[21-Dec-2025 12:41:11 UTC] ✅ Logged: Invoices fetched successfully /backend/public/api/invoices
[21-Dec-2025 12:41:14 UTC] ✅ Logged: Invoices fetched successfully /backend/public/api/invoices
[21-Dec-2025 12:41:32 UTC] ✅ Logged: Invoices fetched successfully /backend/public/api/invoices
[21-Dec-2025 12:41:46 UTC] ✅ Logged: Invoice updated successfully /backend/public/api/invoices/C3DA5CD2236F
[21-Dec-2025 12:41:46 UTC] ✅ Logged: Invoices fetched successfully /backend/public/api/invoices
[21-Dec-2025 12:41:49 UTC] ✅ Logged: Invoices fetched successfully /backend/public/api/invoices
[21-Dec-2025 12:42:06 UTC] ✅ Logged: Invoices fetched successfully /backend/public/api/invoices
[21-Dec-2025 12:42:43 UTC] ✅ Logged: Invoice updated successfully /backend/public/api/invoices/3F5D2D6D9AF2
[21-Dec-2025 12:42:44 UTC] ✅ Logged: Invoices fetched successfully /backend/public/api/invoices
[21-Dec-2025 12:43:15 UTC] ✅ Logged: Invoice updated successfully /backend/public/api/invoices/9A5791635491
[21-Dec-2025 12:43:15 UTC] ✅ Logged: Invoices fetched successfully /backend/public/api/invoices
[21-Dec-2025 12:43:18 UTC] ✅ Logged: Invoices fetched successfully /backend/public/api/invoices
[21-Dec-2025 12:43:37 UTC] ✅ Logged: Invoices fetched successfully /backend/public/api/invoices
[21-Dec-2025 12:44:15 UTC] ✅ Logged: Invoice updated successfully /backend/public/api/invoices/FA7C70B4221E
[21-Dec-2025 12:44:15 UTC] ✅ Logged: Invoices fetched successfully /backend/public/api/invoices
[21-Dec-2025 12:44:18 UTC] ✅ Logged: Invoices fetched successfully /backend/public/api/invoices
[21-Dec-2025 12:44:55 UTC] ✅ Logged: Invoices fetched successfully /backend/public/api/invoices
[21-Dec-2025 12:45:06 UTC] ✅ Logged: Invoice updated successfully /backend/public/api/invoices/B470B43555D8
[21-Dec-2025 12:45:07 UTC] ✅ Logged: Invoices fetched successfully /backend/public/api/invoices
[21-Dec-2025 12:45:09 UTC] ✅ Logged: Invoices fetched successfully /backend/public/api/invoices
[21-Dec-2025 12:45:27 UTC] ✅ Logged: Invoices fetched successfully /backend/public/api/invoices
[21-Dec-2025 12:45:56 UTC] ✅ Logged: Invoice updated successfully /backend/public/api/invoices/A12AA266616C
[21-Dec-2025 12:45:57 UTC] ✅ Logged: Invoices fetched successfully /backend/public/api/invoices
[21-Dec-2025 12:46:00 UTC] ✅ Logged: Invoices fetched successfully /backend/public/api/invoices
[21-Dec-2025 12:46:46 UTC] ✅ Logged: Invoices fetched successfully /backend/public/api/invoices
[21-Dec-2025 12:48:08 UTC] ✅ Logged: Invoice updated successfully /backend/public/api/invoices/CA3391D66045
[21-Dec-2025 12:48:09 UTC] ✅ Logged: Invoices fetched successfully /backend/public/api/invoices
[21-Dec-2025 12:48:37 UTC] ✅ Logged: Invoice updated successfully /backend/public/api/invoices/1DBF2B34EF62
[21-Dec-2025 12:49:08 UTC] ✅ Logged: Invoices fetched successfully /backend/public/api/invoices
[21-Dec-2025 12:50:55 UTC] ✅ Logged: Invoice updated successfully /backend/public/api/invoices/1DBF2B34EF62
[21-Dec-2025 12:50:55 UTC] ✅ Logged: Invoices fetched successfully /backend/public/api/invoices
[21-Dec-2025 12:50:58 UTC] ✅ Logged: Invoices fetched successfully /backend/public/api/invoices
[21-Dec-2025 12:51:17 UTC] ✅ Logged: Invoices fetched successfully /backend/public/api/invoices
[21-Dec-2025 12:51:45 UTC] ✅ Logged: Invoice updated successfully /backend/public/api/invoices/F9F3BD71305D
[21-Dec-2025 12:51:45 UTC] ✅ Logged: Invoices fetched successfully /backend/public/api/invoices
[21-Dec-2025 12:52:14 UTC] ✅ Logged: Invoice updated successfully /backend/public/api/invoices/DD682CF64BCA
[21-Dec-2025 12:52:15 UTC] ✅ Logged: Invoices fetched successfully /backend/public/api/invoices
[21-Dec-2025 12:52:18 UTC] ✅ Logged: Invoices fetched successfully /backend/public/api/invoices
[21-Dec-2025 12:52:55 UTC] ✅ Logged: Invoices fetched successfully /backend/public/api/invoices
[21-Dec-2025 12:54:07 UTC] ✅ Logged: Invoice updated successfully /backend/public/api/invoices/0AFDF630C1FA
[21-Dec-2025 12:54:07 UTC] ✅ Logged: Invoices fetched successfully /backend/public/api/invoices
[21-Dec-2025 12:54:53 UTC] ✅ Logged: Invoice updated successfully /backend/public/api/invoices/B3D36412EA7D
[21-Dec-2025 12:54:54 UTC] ✅ Logged: Invoices fetched successfully /backend/public/api/invoices
[21-Dec-2025 12:55:00 UTC] ✅ Logged: Invoices fetched successfully /backend/public/api/invoices
[21-Dec-2025 12:55:19 UTC] ✅ Logged: Invoices fetched successfully /backend/public/api/invoices
[21-Dec-2025 12:55:43 UTC] ✅ Logged: Invoice updated successfully /backend/public/api/invoices/945361BD1369
[21-Dec-2025 12:55:43 UTC] ✅ Logged: Invoices fetched successfully /backend/public/api/invoices
[21-Dec-2025 12:55:46 UTC] ✅ Logged: Invoices fetched successfully /backend/public/api/invoices
[21-Dec-2025 12:56:22 UTC] ✅ Logged: Invoices fetched successfully /backend/public/api/invoices
[21-Dec-2025 12:56:36 UTC] ✅ Logged: Invoices fetched successfully /backend/public/api/invoices
[21-Dec-2025 12:56:39 UTC] ✅ Logged: Invoices fetched successfully /backend/public/api/invoices
[21-Dec-2025 12:58:29 UTC] ✅ Logged: Invoice updated successfully /backend/public/api/invoices/E7AC95FD19EA
[21-Dec-2025 12:58:29 UTC] ✅ Logged: Invoices fetched successfully /backend/public/api/invoices
[21-Dec-2025 12:58:54 UTC] ✅ Logged: Invoice updated successfully /backend/public/api/invoices/7AFD9968D1E1
[21-Dec-2025 12:58:54 UTC] ✅ Logged: Invoices fetched successfully /backend/public/api/invoices
[21-Dec-2025 12:59:38 UTC] ✅ Logged: Invoice updated successfully /backend/public/api/invoices/2441F6F400B6
[21-Dec-2025 12:59:38 UTC] ✅ Logged: Invoices fetched successfully /backend/public/api/invoices
[21-Dec-2025 13:00:18 UTC] ✅ Logged: Invoice updated successfully /backend/public/api/invoices/55A39BDAD407
[21-Dec-2025 13:00:18 UTC] ✅ Logged: Invoices fetched successfully /backend/public/api/invoices
[21-Dec-2025 13:00:28 UTC] ✅ Logged: Invoices fetched successfully /backend/public/api/invoices
[21-Dec-2025 13:00:56 UTC] ✅ Logged: Invoices fetched successfully /backend/public/api/invoices
[21-Dec-2025 13:01:16 UTC] ✅ Logged: Invoice updated successfully /backend/public/api/invoices/F8A99852911D
[21-Dec-2025 13:01:16 UTC] ✅ Logged: Invoices fetched successfully /backend/public/api/invoices
[21-Dec-2025 13:01:19 UTC] ✅ Logged: Invoices fetched successfully /backend/public/api/invoices
[21-Dec-2025 13:02:02 UTC] ✅ Logged: Invoices fetched successfully /backend/public/api/invoices
[21-Dec-2025 13:02:21 UTC] ✅ Logged: Invoice updated successfully /backend/public/api/invoices/CDF76EA91C73
[21-Dec-2025 13:02:21 UTC] ✅ Logged: Invoices fetched successfully /backend/public/api/invoices
[21-Dec-2025 13:02:24 UTC] ✅ Logged: Invoices fetched successfully /backend/public/api/invoices
[21-Dec-2025 13:03:34 UTC] ✅ Logged: Invoices fetched successfully /backend/public/api/invoices
[21-Dec-2025 13:04:06 UTC] ✅ Logged: Invoice updated successfully /backend/public/api/invoices/2D0135B30ADD
[21-Dec-2025 13:04:06 UTC] ✅ Logged: Invoices fetched successfully /backend/public/api/invoices
[21-Dec-2025 13:04:09 UTC] ✅ Logged: Invoices fetched successfully /backend/public/api/invoices
[21-Dec-2025 13:04:26 UTC] ✅ Logged: Invoices fetched successfully /backend/public/api/invoices
[21-Dec-2025 13:04:41 UTC] ✅ Logged: Invoice updated successfully /backend/public/api/invoices/BB41B61D7FD8
[21-Dec-2025 13:04:41 UTC] ✅ Logged: Invoices fetched successfully /backend/public/api/invoices
[21-Dec-2025 13:04:43 UTC] ✅ Logged: Invoices fetched successfully /backend/public/api/invoices
[21-Dec-2025 13:05:13 UTC] ✅ Logged: Invoices fetched successfully /backend/public/api/invoices
[21-Dec-2025 13:06:06 UTC] ✅ Logged: Invoice updated successfully /backend/public/api/invoices/A161221DD16A
[21-Dec-2025 13:06:07 UTC] ✅ Logged: Invoices fetched successfully /backend/public/api/invoices
[21-Dec-2025 13:06:09 UTC] ✅ Logged: Invoices fetched successfully /backend/public/api/invoices
[21-Dec-2025 13:06:50 UTC] ✅ Logged: Invoices fetched successfully /backend/public/api/invoices
[21-Dec-2025 13:07:21 UTC] ✅ Logged: Invoice updated successfully /backend/public/api/invoices/F892AFAA1FB6
[21-Dec-2025 13:07:22 UTC] ✅ Logged: Invoices fetched successfully /backend/public/api/invoices
[21-Dec-2025 13:07:25 UTC] ✅ Logged: Invoices fetched successfully /backend/public/api/invoices
[21-Dec-2025 18:18:26 UTC] ✅ Logged: Login successful /backend/public/api/auth/users/login
[21-Dec-2025 18:18:26 UTC] ✅ Logged: Business data fetched successfully. /backend/public/api/business
[21-Dec-2025 18:18:28 UTC] ✅ Logged: Today dashboard stats fetched successfully. /backend/public/api/business/stats
[21-Dec-2025 18:18:38 UTC] ✅ Logged: Yesterday dashboard stats fetched successfully. /backend/public/api/business/stats
[21-Dec-2025 18:18:46 UTC] ✅ Logged: Monthly dashboard stats fetched successfully. /backend/public/api/business/stats
[21-Dec-2025 18:19:05 UTC] ✅ Logged: Monthly dashboard stats fetched successfully. /backend/public/api/business/stats
[21-Dec-2025 18:19:10 UTC] ✅ Logged: Today dashboard stats fetched successfully. /backend/public/api/business/stats
[21-Dec-2025 18:19:14 UTC] ✅ Logged: Daily dashboard stats fetched successfully. /backend/public/api/business/stats
[21-Dec-2025 18:19:16 UTC] ✅ Logged: Daily dashboard stats fetched successfully. /backend/public/api/business/stats
[21-Dec-2025 18:19:18 UTC] ✅ Logged: Daily dashboard stats fetched successfully. /backend/public/api/business/stats
[21-Dec-2025 18:19:33 UTC] ✅ Logged: Invoices fetched successfully /backend/public/api/invoices
[21-Dec-2025 18:19:38 UTC] ✅ Logged: Invoices fetched successfully /backend/public/api/invoices
[21-Dec-2025 18:19:49 UTC] ✅ Logged: Invoices fetched successfully /backend/public/api/invoices
[21-Dec-2025 18:23:17 UTC] ✅ Logged: Activity logs fetched successfully. /backend/public/api/business/activity/logs
[21-Dec-2025 18:23:23 UTC] ✅ Logged: Activity logs fetched successfully. /backend/public/api/business/activity/logs
[21-Dec-2025 18:23:33 UTC] ✅ Logged: Activity logs fetched successfully. /backend/public/api/business/activity/logs
[21-Dec-2025 18:23:34 UTC] ✅ Logged: Activity logs fetched successfully. /backend/public/api/business/activity/logs
[21-Dec-2025 18:23:48 UTC] ✅ Logged: Activity logs fetched successfully. /backend/public/api/business/activity/logs
[21-Dec-2025 18:23:56 UTC] ✅ Logged: Activity logs fetched successfully. /backend/public/api/business/activity/logs
[21-Dec-2025 18:23:58 UTC] ✅ Logged: Activity logs fetched successfully. /backend/public/api/business/activity/logs
[21-Dec-2025 18:24:01 UTC] ✅ Logged: Activity logs fetched successfully. /backend/public/api/business/activity/logs
[21-Dec-2025 18:24:07 UTC] ✅ Logged: Activity logs fetched successfully. /backend/public/api/business/activity/logs
[21-Dec-2025 18:24:08 UTC] ✅ Logged: Activity logs fetched successfully. /backend/public/api/business/activity/logs
[22-Dec-2025 05:51:18 UTC] ✅ Logged: Login successful /backend/public/api/auth/users/login
[22-Dec-2025 05:51:18 UTC] ✅ Logged: Business data fetched successfully. /backend/public/api/business
[22-Dec-2025 05:51:21 UTC] ✅ Logged: Today dashboard stats fetched successfully. /backend/public/api/business/stats
[22-Dec-2025 05:51:23 UTC] ✅ Logged: Invoices fetched successfully /backend/public/api/invoices
[22-Dec-2025 05:52:12 UTC] ✅ Logged: Invoices fetched successfully /backend/public/api/invoices
[22-Dec-2025 05:52:15 UTC] ✅ Logged: Invoices fetched successfully /backend/public/api/invoices
[22-Dec-2025 06:43:16 UTC] ✅ Logged: Today dashboard stats fetched successfully. /backend/public/api/business/stats
[22-Dec-2025 06:43:20 UTC] ✅ Logged: Invoices fetched successfully /backend/public/api/invoices
[22-Dec-2025 06:43:57 UTC] ✅ Logged: Invoices fetched successfully /backend/public/api/invoices
[22-Dec-2025 06:44:24 UTC] ✅ Logged: Invoice updated successfully /backend/public/api/invoices/95789BFCBACC
[22-Dec-2025 06:44:25 UTC] ✅ Logged: Invoices fetched successfully /backend/public/api/invoices
[22-Dec-2025 06:44:30 UTC] ✅ Logged: Invoices fetched successfully /backend/public/api/invoices
[22-Dec-2025 06:44:53 UTC] ✅ Logged: Invoices fetched successfully /backend/public/api/invoices
[22-Dec-2025 06:45:50 UTC] ✅ Logged: Invoice updated successfully /backend/public/api/invoices/26949D67A825
[22-Dec-2025 06:45:50 UTC] ✅ Logged: Invoices fetched successfully /backend/public/api/invoices
[22-Dec-2025 06:45:56 UTC] ✅ Logged: Invoices fetched successfully /backend/public/api/invoices
[22-Dec-2025 06:46:20 UTC] ✅ Logged: Invoices fetched successfully /backend/public/api/invoices
[22-Dec-2025 06:47:05 UTC] ✅ Logged: Invoice updated successfully /backend/public/api/invoices/72CD1B96E3A8
[22-Dec-2025 06:47:05 UTC] ✅ Logged: Invoices fetched successfully /backend/public/api/invoices
[22-Dec-2025 06:47:08 UTC] ✅ Logged: Invoices fetched successfully /backend/public/api/invoices
[22-Dec-2025 06:47:44 UTC] ✅ Logged: Invoice updated successfully /backend/public/api/invoices/9FAB8EB01948
[22-Dec-2025 06:47:44 UTC] ✅ Logged: Invoices fetched successfully /backend/public/api/invoices
[22-Dec-2025 06:48:07 UTC] ✅ Logged: Invoices fetched successfully /backend/public/api/invoices
[22-Dec-2025 06:48:39 UTC] ✅ Logged: Invoice updated successfully /backend/public/api/invoices/F9FD8B0FEE30
[22-Dec-2025 06:48:39 UTC] ✅ Logged: Invoices fetched successfully /backend/public/api/invoices
[22-Dec-2025 06:48:42 UTC] ✅ Logged: Invoices fetched successfully /backend/public/api/invoices
[22-Dec-2025 06:49:22 UTC] ✅ Logged: Invoices fetched successfully /backend/public/api/invoices
[22-Dec-2025 06:50:03 UTC] ✅ Logged: Invoice updated successfully /backend/public/api/invoices/CE1ADE578B84
[22-Dec-2025 06:50:03 UTC] ✅ Logged: Invoices fetched successfully /backend/public/api/invoices
[22-Dec-2025 06:50:06 UTC] ✅ Logged: Invoices fetched successfully /backend/public/api/invoices
[22-Dec-2025 06:50:32 UTC] ✅ Logged: Invoices fetched successfully /backend/public/api/invoices
[22-Dec-2025 06:51:10 UTC] ✅ Logged: Invoice updated successfully /backend/public/api/invoices/D5B27E924F88
[22-Dec-2025 06:51:10 UTC] ✅ Logged: Invoices fetched successfully /backend/public/api/invoices
[22-Dec-2025 06:52:18 UTC] ✅ Logged: Login successful /backend/public/api/auth/users/login
[22-Dec-2025 06:52:18 UTC] ✅ Logged: Business data fetched successfully. /backend/public/api/business
[22-Dec-2025 06:52:23 UTC] ✅ Logged: Invoices fetched successfully /backend/public/api/invoices
[22-Dec-2025 06:54:20 UTC] ✅ Logged: Invoices fetched successfully /backend/public/api/invoices
[22-Dec-2025 06:54:58 UTC] ✅ Logged: Invoice updated successfully /backend/public/api/invoices/3B22215ADB5E
[22-Dec-2025 06:54:58 UTC] ✅ Logged: Invoices fetched successfully /backend/public/api/invoices
[22-Dec-2025 06:55:04 UTC] ✅ Logged: Invoices fetched successfully /backend/public/api/invoices
[22-Dec-2025 06:55:26 UTC] ✅ Logged: Invoices fetched successfully /backend/public/api/invoices
[22-Dec-2025 06:55:42 UTC] ✅ Logged: Invoice updated successfully /backend/public/api/invoices/056356F36028
[22-Dec-2025 06:55:43 UTC] ✅ Logged: Invoices fetched successfully /backend/public/api/invoices
[22-Dec-2025 06:55:45 UTC] ✅ Logged: Invoices fetched successfully /backend/public/api/invoices
[22-Dec-2025 06:56:15 UTC] ✅ Logged: Invoices fetched successfully /backend/public/api/invoices
[22-Dec-2025 06:56:26 UTC] ✅ Logged: Invoice updated successfully /backend/public/api/invoices/001B73054E44
[22-Dec-2025 06:56:26 UTC] ✅ Logged: Invoices fetched successfully /backend/public/api/invoices
[22-Dec-2025 06:56:30 UTC] ✅ Logged: Invoices fetched successfully /backend/public/api/invoices
[22-Dec-2025 06:56:49 UTC] ✅ Logged: Invoices fetched successfully /backend/public/api/invoices
[22-Dec-2025 06:57:45 UTC] ✅ Logged: Invoice updated successfully /backend/public/api/invoices/06E45890CA8C
[22-Dec-2025 06:57:45 UTC] ✅ Logged: Invoices fetched successfully /backend/public/api/invoices
[22-Dec-2025 06:57:48 UTC] ✅ Logged: Invoices fetched successfully /backend/public/api/invoices
[22-Dec-2025 06:58:13 UTC] ✅ Logged: Invoices fetched successfully /backend/public/api/invoices
[22-Dec-2025 06:59:31 UTC] ✅ Logged: Invoice updated successfully /backend/public/api/invoices/E659D14BFB7F
[22-Dec-2025 06:59:31 UTC] ✅ Logged: Invoices fetched successfully /backend/public/api/invoices
[22-Dec-2025 06:59:34 UTC] ✅ Logged: Invoices fetched successfully /backend/public/api/invoices
[22-Dec-2025 07:00:58 UTC] ✅ Logged: Invoices fetched successfully /backend/public/api/invoices
[22-Dec-2025 07:01:42 UTC] ✅ Logged: Invoice updated successfully /backend/public/api/invoices/730E06B52B15
[22-Dec-2025 07:01:42 UTC] ✅ Logged: Invoices fetched successfully /backend/public/api/invoices
[22-Dec-2025 07:01:45 UTC] ✅ Logged: Invoices fetched successfully /backend/public/api/invoices
[22-Dec-2025 07:02:04 UTC] ✅ Logged: Invoices fetched successfully /backend/public/api/invoices
[22-Dec-2025 07:02:23 UTC] ✅ Logged: Invoice updated successfully /backend/public/api/invoices/1BABA5B30CF6
[22-Dec-2025 07:02:24 UTC] ✅ Logged: Invoices fetched successfully /backend/public/api/invoices
[22-Dec-2025 07:02:32 UTC] ✅ Logged: Invoices fetched successfully /backend/public/api/invoices
[22-Dec-2025 07:03:13 UTC] ✅ Logged: Invoices fetched successfully /backend/public/api/invoices
[22-Dec-2025 07:03:37 UTC] ✅ Logged: Name should be 3-50 characters, alphabetic only. /backend/public/api/invoices/1555121E3E5F
[22-Dec-2025 07:03:47 UTC] ✅ Logged: Invoice updated successfully /backend/public/api/invoices/1555121E3E5F
[22-Dec-2025 07:03:48 UTC] ✅ Logged: Invoices fetched successfully /backend/public/api/invoices
[22-Dec-2025 07:03:51 UTC] ✅ Logged: Invoices fetched successfully /backend/public/api/invoices
[22-Dec-2025 07:06:02 UTC] ✅ Logged: Invoices fetched successfully /backend/public/api/invoices
[22-Dec-2025 07:06:46 UTC] ✅ Logged: Invoice updated successfully /backend/public/api/invoices/51EE98CB928D
[22-Dec-2025 07:06:47 UTC] ✅ Logged: Invoices fetched successfully /backend/public/api/invoices
[22-Dec-2025 07:06:49 UTC] ✅ Logged: Invoices fetched successfully /backend/public/api/invoices
[22-Dec-2025 07:10:40 UTC] ✅ Logged: Invoices fetched successfully /backend/public/api/invoices
[22-Dec-2025 07:11:09 UTC] ✅ Logged: Invoice updated successfully /backend/public/api/invoices/1EEEC6DF8177
[22-Dec-2025 07:11:09 UTC] ✅ Logged: Invoices fetched successfully /backend/public/api/invoices
[22-Dec-2025 09:12:46 UTC] ✅ Logged: Login successful /backend/public/api/auth/users/login
[22-Dec-2025 09:12:46 UTC] ✅ Logged: Business data fetched successfully. /backend/public/api/business
[22-Dec-2025 09:12:51 UTC] ✅ Logged: Invoices fetched successfully /backend/public/api/invoices
[22-Dec-2025 09:13:38 UTC] ✅ Logged: Invoices fetched successfully /backend/public/api/invoices
[22-Dec-2025 09:13:59 UTC] ✅ Logged: Invoice updated successfully /backend/public/api/invoices/C3C373D2C0D9
[22-Dec-2025 09:13:59 UTC] ✅ Logged: Invoices fetched successfully /backend/public/api/invoices
[22-Dec-2025 09:14:18 UTC] ✅ Logged: Invoices fetched successfully /backend/public/api/invoices
[22-Dec-2025 09:14:56 UTC] ✅ Logged: Invoices fetched successfully /backend/public/api/invoices
[22-Dec-2025 09:15:37 UTC] ✅ Logged: Invoice updated successfully /backend/public/api/invoices/2A8CB882BB8A
[22-Dec-2025 09:15:38 UTC] ✅ Logged: Invoices fetched successfully /backend/public/api/invoices
[22-Dec-2025 09:16:10 UTC] ✅ Logged: Invoice updated successfully /backend/public/api/invoices/1C5786C85E3F
[22-Dec-2025 09:16:10 UTC] ✅ Logged: Invoices fetched successfully /backend/public/api/invoices
[22-Dec-2025 09:16:24 UTC] ✅ Logged: Invoice updated successfully /backend/public/api/invoices/2A8CB882BB8A
[22-Dec-2025 09:16:24 UTC] ✅ Logged: Invoices fetched successfully /backend/public/api/invoices
[22-Dec-2025 09:16:27 UTC] ✅ Logged: Invoices fetched successfully /backend/public/api/invoices
[22-Dec-2025 09:18:03 UTC] ✅ Logged: Invoices fetched successfully /backend/public/api/invoices
[22-Dec-2025 09:18:55 UTC] ✅ Logged: Invoice updated successfully /backend/public/api/invoices/65A8A516F834
[22-Dec-2025 09:18:55 UTC] ✅ Logged: Invoices fetched successfully /backend/public/api/invoices
[22-Dec-2025 09:21:43 UTC] ✅ Logged: Invoice updated successfully /backend/public/api/invoices/72F119F4C3AA
[22-Dec-2025 09:21:44 UTC] ✅ Logged: Invoices fetched successfully /backend/public/api/invoices
[22-Dec-2025 09:22:50 UTC] ✅ Logged: Invoice updated successfully /backend/public/api/invoices/1336607919DF
[22-Dec-2025 09:22:50 UTC] ✅ Logged: Invoices fetched successfully /backend/public/api/invoices
[22-Dec-2025 09:23:21 UTC] ✅ Logged: Invoices fetched successfully /backend/public/api/invoices
[22-Dec-2025 09:24:31 UTC] ✅ Logged: Invoices fetched successfully /backend/public/api/invoices
[22-Dec-2025 09:25:06 UTC] ✅ Logged: Invoice updated successfully /backend/public/api/invoices/75F3427F55E0
[22-Dec-2025 09:25:06 UTC] ✅ Logged: Invoices fetched successfully /backend/public/api/invoices
[22-Dec-2025 09:25:13 UTC] ✅ Logged: Invoices fetched successfully /backend/public/api/invoices
[22-Dec-2025 09:25:42 UTC] ✅ Logged: Invoices fetched successfully /backend/public/api/invoices
[22-Dec-2025 09:26:10 UTC] ✅ Logged: Invoice updated successfully /backend/public/api/invoices/4B7FDD2ED0B7
[22-Dec-2025 09:26:11 UTC] ✅ Logged: Invoices fetched successfully /backend/public/api/invoices
[22-Dec-2025 09:26:14 UTC] ✅ Logged: Invoices fetched successfully /backend/public/api/invoices
[22-Dec-2025 09:26:44 UTC] ✅ Logged: Invoices fetched successfully /backend/public/api/invoices
[22-Dec-2025 09:37:19 UTC] ✅ Logged: Invoice updated successfully /backend/public/api/invoices/A8889A22B1A6
[22-Dec-2025 09:37:19 UTC] ✅ Logged: Invoices fetched successfully /backend/public/api/invoices
[22-Dec-2025 09:37:31 UTC] ✅ Logged: Invoices fetched successfully /backend/public/api/invoices
[22-Dec-2025 09:38:34 UTC] ✅ Logged: Invoices fetched successfully /backend/public/api/invoices
[22-Dec-2025 09:39:03 UTC] ✅ Logged: Invoice updated successfully /backend/public/api/invoices/D77D6C86816B
[22-Dec-2025 09:39:03 UTC] ✅ Logged: Invoices fetched successfully /backend/public/api/invoices
[22-Dec-2025 09:39:36 UTC] ✅ Logged: Invoice updated successfully /backend/public/api/invoices/2C8742EE171A
[22-Dec-2025 09:39:36 UTC] ✅ Logged: Invoices fetched successfully /backend/public/api/invoices
[22-Dec-2025 09:39:44 UTC] ✅ Logged: Invoices fetched successfully /backend/public/api/invoices
[22-Dec-2025 09:41:35 UTC] ✅ Logged: Invoices fetched successfully /backend/public/api/invoices
[22-Dec-2025 09:42:57 UTC] ✅ Logged: Invoice updated successfully /backend/public/api/invoices/341087DB4BFC
[22-Dec-2025 09:42:57 UTC] ✅ Logged: Invoices fetched successfully /backend/public/api/invoices
[22-Dec-2025 09:43:14 UTC] ✅ Logged: Invoices fetched successfully /backend/public/api/invoices
[22-Dec-2025 12:27:41 UTC] ✅ Logged: Login successful /backend/public/api/auth/users/login
[22-Dec-2025 12:27:42 UTC] ✅ Logged: Business data fetched successfully. /backend/public/api/business
[22-Dec-2025 12:27:48 UTC] ✅ Logged: Invoices fetched successfully /backend/public/api/invoices
[22-Dec-2025 12:27:56 UTC] ✅ Logged: Invoices fetched successfully /backend/public/api/invoices
[22-Dec-2025 12:30:52 UTC] ✅ Logged: Invoice updated successfully /backend/public/api/invoices/7A9224879117
[22-Dec-2025 12:30:52 UTC] ✅ Logged: Invoices fetched successfully /backend/public/api/invoices
[22-Dec-2025 12:31:11 UTC] ✅ Logged: Invoice updated successfully /backend/public/api/invoices/FC08FA25789B
[22-Dec-2025 12:31:11 UTC] ✅ Logged: Invoices fetched successfully /backend/public/api/invoices
[22-Dec-2025 14:40:07 UTC] ✅ Logged: Login successful /backend/public/api/auth/users/login
[22-Dec-2025 14:40:07 UTC] ✅ Logged: Business data fetched successfully. /backend/public/api/business
[22-Dec-2025 14:40:11 UTC] ✅ Logged: Today dashboard stats fetched successfully. /backend/public/api/business/stats
[22-Dec-2025 14:40:15 UTC] ✅ Logged: Invoices fetched successfully /backend/public/api/invoices
[22-Dec-2025 14:40:52 UTC] ✅ Logged: Invoices fetched successfully /backend/public/api/invoices
[22-Dec-2025 14:40:55 UTC] ✅ Logged: Invoices fetched successfully /backend/public/api/invoices
[22-Dec-2025 14:51:44 UTC] ✅ Logged: Invoices fetched successfully /backend/public/api/invoices
[22-Dec-2025 14:51:50 UTC] ✅ Logged: Invoices fetched successfully /backend/public/api/invoices
[22-Dec-2025 14:51:51 UTC] ✅ Logged: Invoices fetched successfully /backend/public/api/invoices
[22-Dec-2025 14:54:05 UTC] ✅ Logged: Invoices fetched successfully /backend/public/api/invoices
[22-Dec-2025 14:55:44 UTC] ✅ Logged: Invoices fetched successfully /backend/public/api/invoices
[22-Dec-2025 14:56:33 UTC] ✅ Logged: Invoice updated successfully /backend/public/api/invoices/C4D457120586
[22-Dec-2025 14:56:34 UTC] ✅ Logged: Invoices fetched successfully /backend/public/api/invoices
[22-Dec-2025 14:58:02 UTC] ✅ Logged: Invoice updated successfully /backend/public/api/invoices/7C6C6B1FBDDA
[22-Dec-2025 14:58:03 UTC] ✅ Logged: Invoices fetched successfully /backend/public/api/invoices
[22-Dec-2025 15:01:59 UTC] ✅ Logged: Invoice updated successfully /backend/public/api/invoices/556DE7B49337
[22-Dec-2025 15:01:59 UTC] ✅ Logged: Invoices fetched successfully /backend/public/api/invoices
[22-Dec-2025 15:02:47 UTC] ✅ Logged: Invoice updated successfully /backend/public/api/invoices/24D4B3FCC281
[22-Dec-2025 15:02:47 UTC] ✅ Logged: Invoices fetched successfully /backend/public/api/invoices
[22-Dec-2025 15:03:27 UTC] ✅ Logged: Invoice updated successfully /backend/public/api/invoices/8FBF82B33FDE
[22-Dec-2025 15:03:28 UTC] ✅ Logged: Invoices fetched successfully /backend/public/api/invoices
[22-Dec-2025 15:03:41 UTC] ✅ Logged: Invoices fetched successfully /backend/public/api/invoices
[22-Dec-2025 15:06:11 UTC] ✅ Logged: Invoices fetched successfully /backend/public/api/invoices
[22-Dec-2025 15:06:28 UTC] ✅ Logged: Invoice updated successfully /backend/public/api/invoices/F2E9F0CEF72E
[22-Dec-2025 15:06:28 UTC] ✅ Logged: Invoices fetched successfully /backend/public/api/invoices
[22-Dec-2025 15:06:32 UTC] ✅ Logged: Invoices fetched successfully /backend/public/api/invoices
[22-Dec-2025 15:06:53 UTC] ✅ Logged: Invoices fetched successfully /backend/public/api/invoices
[22-Dec-2025 15:08:50 UTC] ✅ Logged: Invoice updated successfully /backend/public/api/invoices/27CF6795CD60
[22-Dec-2025 15:08:50 UTC] ✅ Logged: Invoices fetched successfully /backend/public/api/invoices
[22-Dec-2025 15:09:06 UTC] ✅ Logged: Invoices fetched successfully /backend/public/api/invoices
[22-Dec-2025 15:09:54 UTC] ✅ Logged: Invoices fetched successfully /backend/public/api/invoices
[22-Dec-2025 15:10:15 UTC] ✅ Logged: Invoice updated successfully /backend/public/api/invoices/C55D48814FB0
[22-Dec-2025 15:10:15 UTC] ✅ Logged: Invoices fetched successfully /backend/public/api/invoices
[22-Dec-2025 15:10:32 UTC] ✅ Logged: Invoice updated successfully /backend/public/api/invoices/DC858AC59396
[22-Dec-2025 15:10:32 UTC] ✅ Logged: Invoices fetched successfully /backend/public/api/invoices
[22-Dec-2025 15:10:42 UTC] ✅ Logged: Invoices fetched successfully /backend/public/api/invoices
[23-Dec-2025 07:01:55 UTC] ✅ Logged: Login successful /backend/public/api/auth/users/login
[23-Dec-2025 07:01:56 UTC] ✅ Logged: Business data fetched successfully. /backend/public/api/business
[23-Dec-2025 07:01:58 UTC] ✅ Logged: Today dashboard stats fetched successfully. /backend/public/api/business/stats
[23-Dec-2025 07:02:02 UTC] ✅ Logged: Invoices fetched successfully /backend/public/api/invoices
[23-Dec-2025 07:03:54 UTC] ✅ Logged: Invoices fetched successfully /backend/public/api/invoices
[23-Dec-2025 07:16:31 UTC] ✅ Logged: Invoices fetched successfully /backend/public/api/invoices
[23-Dec-2025 07:17:23 UTC] ✅ Logged: Invoice updated successfully /backend/public/api/invoices/46AC301C0BC2
[23-Dec-2025 07:17:23 UTC] ✅ Logged: Invoices fetched successfully /backend/public/api/invoices
[23-Dec-2025 07:17:27 UTC] ✅ Logged: Invoices fetched successfully /backend/public/api/invoices
[23-Dec-2025 07:18:21 UTC] ✅ Logged: Invoices fetched successfully /backend/public/api/invoices
[23-Dec-2025 07:18:52 UTC] ✅ Logged: Invoice updated successfully /backend/public/api/invoices/E2E2FD5B12FF
[23-Dec-2025 07:18:52 UTC] ✅ Logged: Invoices fetched successfully /backend/public/api/invoices
[23-Dec-2025 07:19:44 UTC] ✅ Logged: Invoice updated successfully /backend/public/api/invoices/E2E2FD5B12FF
[23-Dec-2025 07:19:44 UTC] ✅ Logged: Invoices fetched successfully /backend/public/api/invoices
[23-Dec-2025 07:19:49 UTC] ✅ Logged: Invoices fetched successfully /backend/public/api/invoices
[23-Dec-2025 07:19:52 UTC] ✅ Logged: Invoices fetched successfully /backend/public/api/invoices
[23-Dec-2025 07:20:54 UTC] ✅ Logged: Invoices fetched successfully /backend/public/api/invoices
[23-Dec-2025 07:21:09 UTC] ✅ Logged: Invoice updated successfully /backend/public/api/invoices/F5ED61590CFF
[23-Dec-2025 07:21:09 UTC] ✅ Logged: Invoices fetched successfully /backend/public/api/invoices
[23-Dec-2025 07:22:34 UTC] ✅ Logged: Invoices fetched successfully /backend/public/api/invoices
[23-Dec-2025 07:23:24 UTC] ✅ Logged: Invoices fetched successfully /backend/public/api/invoices
[23-Dec-2025 07:24:26 UTC] ✅ Logged: Invoice updated successfully /backend/public/api/invoices/838E5BDEF915
[23-Dec-2025 07:24:27 UTC] ✅ Logged: Invoices fetched successfully /backend/public/api/invoices
[23-Dec-2025 07:24:41 UTC] ✅ Logged: Invoices fetched successfully /backend/public/api/invoices
[23-Dec-2025 07:24:50 UTC] ✅ Logged: Invoices fetched successfully /backend/public/api/invoices
[23-Dec-2025 07:25:55 UTC] ✅ Logged: Invoices fetched successfully /backend/public/api/invoices
[23-Dec-2025 07:26:10 UTC] ✅ Logged: Invoice updated successfully /backend/public/api/invoices/81AADAE334EA
[23-Dec-2025 07:26:10 UTC] ✅ Logged: Invoices fetched successfully /backend/public/api/invoices
[23-Dec-2025 07:26:12 UTC] ✅ Logged: Invoices fetched successfully /backend/public/api/invoices
[23-Dec-2025 07:26:59 UTC] ✅ Logged: Invoices fetched successfully /backend/public/api/invoices
[23-Dec-2025 07:28:59 UTC] ✅ Logged: Invoice updated successfully /backend/public/api/invoices/A367CCC87720
[23-Dec-2025 07:28:59 UTC] ✅ Logged: Invoices fetched successfully /backend/public/api/invoices
[23-Dec-2025 07:31:06 UTC] ✅ Logged: Invoices fetched successfully /backend/public/api/invoices
[23-Dec-2025 07:31:34 UTC] ✅ Logged: Invoices fetched successfully /backend/public/api/invoices
[23-Dec-2025 07:33:04 UTC] ✅ Logged: Invoice updated successfully /backend/public/api/invoices/1F57B7A5639A
[23-Dec-2025 07:33:04 UTC] ✅ Logged: Invoices fetched successfully /backend/public/api/invoices
[23-Dec-2025 07:33:22 UTC] ✅ Logged: Invoices fetched successfully /backend/public/api/invoices
[23-Dec-2025 07:34:54 UTC] ✅ Logged: Invoices fetched successfully /backend/public/api/invoices
[23-Dec-2025 07:34:58 UTC] ✅ Logged: Invoices fetched successfully /backend/public/api/invoices
[23-Dec-2025 07:35:30 UTC] ✅ Logged: Invoice updated successfully /backend/public/api/invoices/FEF7CA97C06C
[23-Dec-2025 07:35:30 UTC] ✅ Logged: Invoices fetched successfully /backend/public/api/invoices
[23-Dec-2025 07:35:59 UTC] ✅ Logged: Invoice updated successfully /backend/public/api/invoices/C8590FA5EF13
[23-Dec-2025 07:35:59 UTC] ✅ Logged: Invoices fetched successfully /backend/public/api/invoices
[23-Dec-2025 07:36:03 UTC] ✅ Logged: Invoices fetched successfully /backend/public/api/invoices
[23-Dec-2025 07:41:01 UTC] ✅ Logged: Invoices fetched successfully /backend/public/api/invoices
[23-Dec-2025 07:41:29 UTC] ✅ Logged: Invoice updated successfully /backend/public/api/invoices/6FF604EF6DF9
[23-Dec-2025 07:41:29 UTC] ✅ Logged: Invoices fetched successfully /backend/public/api/invoices
[23-Dec-2025 07:41:33 UTC] ✅ Logged: Invoices fetched successfully /backend/public/api/invoices
[23-Dec-2025 07:42:59 UTC] ✅ Logged: Invoices fetched successfully /backend/public/api/invoices
[23-Dec-2025 07:43:38 UTC] ✅ Logged: Invoice updated successfully /backend/public/api/invoices/6EBF341C3178
[23-Dec-2025 07:43:38 UTC] ✅ Logged: Invoices fetched successfully /backend/public/api/invoices
[23-Dec-2025 07:44:35 UTC] ✅ Logged: Invoices fetched successfully /backend/public/api/invoices
[23-Dec-2025 07:45:22 UTC] ✅ Logged: Invoices fetched successfully /backend/public/api/invoices
[23-Dec-2025 07:47:21 UTC] ✅ Logged: Invoice updated successfully /backend/public/api/invoices/8F50F075C98B
[23-Dec-2025 07:47:22 UTC] ✅ Logged: Invoices fetched successfully /backend/public/api/invoices
[23-Dec-2025 07:47:24 UTC] ✅ Logged: Invoices fetched successfully /backend/public/api/invoices
[23-Dec-2025 07:47:58 UTC] ✅ Logged: Invoices fetched successfully /backend/public/api/invoices
[23-Dec-2025 07:49:00 UTC] ✅ Logged: Invoice updated successfully /backend/public/api/invoices/34857D85FFD7
[23-Dec-2025 07:49:00 UTC] ✅ Logged: Invoices fetched successfully /backend/public/api/invoices
[23-Dec-2025 07:49:42 UTC] ✅ Logged: Invoice updated successfully /backend/public/api/invoices/5E87A41D75EB
[23-Dec-2025 07:49:42 UTC] ✅ Logged: Invoices fetched successfully /backend/public/api/invoices
[23-Dec-2025 07:50:06 UTC] ✅ Logged: Invoices fetched successfully /backend/public/api/invoices
[23-Dec-2025 07:50:44 UTC] ✅ Logged: Invoices fetched successfully /backend/public/api/invoices
[23-Dec-2025 07:51:31 UTC] ✅ Logged: Invoice updated successfully /backend/public/api/invoices/F7589C265AA1
[23-Dec-2025 07:51:31 UTC] ✅ Logged: Invoices fetched successfully /backend/public/api/invoices
[23-Dec-2025 07:51:35 UTC] ✅ Logged: Invoices fetched successfully /backend/public/api/invoices
[23-Dec-2025 07:54:54 UTC] ✅ Logged: Invoices fetched successfully /backend/public/api/invoices
[23-Dec-2025 07:58:43 UTC] ✅ Logged: Invoice type is required. /backend/public/api/invoices/692A94FAF2AE
[23-Dec-2025 07:58:49 UTC] ✅ Logged: Invoice updated successfully /backend/public/api/invoices/692A94FAF2AE
[23-Dec-2025 07:58:50 UTC] ✅ Logged: Invoices fetched successfully /backend/public/api/invoices
[23-Dec-2025 07:58:53 UTC] ✅ Logged: Invoices fetched successfully /backend/public/api/invoices
[23-Dec-2025 08:07:54 UTC] ✅ Logged: Login successful /backend/public/api/auth/users/login
[23-Dec-2025 08:07:55 UTC] ✅ Logged: Business data fetched successfully. /backend/public/api/business
[23-Dec-2025 08:08:00 UTC] ✅ Logged: Invoices fetched successfully /backend/public/api/invoices
[23-Dec-2025 08:27:33 UTC] ✅ Logged: Invoices fetched successfully /backend/public/api/invoices
[23-Dec-2025 08:27:53 UTC] ✅ Logged: Invoice updated successfully /backend/public/api/invoices/DD5ED7456FF9
[23-Dec-2025 08:27:53 UTC] ✅ Logged: Invoices fetched successfully /backend/public/api/invoices
[23-Dec-2025 15:22:46 UTC] ✅ Logged: Login successful /backend/public/api/auth/users/login
[23-Dec-2025 15:22:47 UTC] ✅ Logged: Business data fetched successfully. /backend/public/api/business
[23-Dec-2025 15:22:52 UTC] ✅ Logged: Invoices fetched successfully /backend/public/api/invoices
[23-Dec-2025 15:22:58 UTC] ✅ Logged: No invoices found matching the criteria. /backend/public/api/invoices
[23-Dec-2025 15:23:05 UTC] ✅ Logged: Invoices fetched successfully /backend/public/api/invoices
[23-Dec-2025 15:26:28 UTC] ✅ Logged: Invoices fetched successfully /backend/public/api/invoices
[23-Dec-2025 15:29:43 UTC] ✅ Logged: Invoices fetched successfully /backend/public/api/invoices
[23-Dec-2025 15:30:17 UTC] ✅ Logged: Invoices fetched successfully /backend/public/api/invoices
[23-Dec-2025 15:31:11 UTC] ✅ Logged: Invoice updated successfully /backend/public/api/invoices/EBBF6C2814D2
[23-Dec-2025 15:31:11 UTC] ✅ Logged: Invoices fetched successfully /backend/public/api/invoices
[23-Dec-2025 15:31:16 UTC] ✅ Logged: Invoices fetched successfully /backend/public/api/invoices
[23-Dec-2025 15:31:38 UTC] ✅ Logged: Invoices fetched successfully /backend/public/api/invoices
[23-Dec-2025 15:32:29 UTC] ✅ Logged: Invoice updated successfully /backend/public/api/invoices/0A04098CD99D
[23-Dec-2025 15:32:29 UTC] ✅ Logged: Invoices fetched successfully /backend/public/api/invoices
[23-Dec-2025 15:32:32 UTC] ✅ Logged: Invoices fetched successfully /backend/public/api/invoices
[23-Dec-2025 15:33:03 UTC] ✅ Logged: Invoices fetched successfully /backend/public/api/invoices
[23-Dec-2025 15:33:45 UTC] ✅ Logged: Invoice updated successfully /backend/public/api/invoices/DB02658CA6E6
[23-Dec-2025 15:33:45 UTC] ✅ Logged: Invoices fetched successfully /backend/public/api/invoices
[23-Dec-2025 15:33:48 UTC] ✅ Logged: Invoices fetched successfully /backend/public/api/invoices
[23-Dec-2025 15:34:07 UTC] ✅ Logged: Invoices fetched successfully /backend/public/api/invoices
[23-Dec-2025 15:34:19 UTC] ✅ Logged: Invoice updated successfully /backend/public/api/invoices/699F3F5DE1B8
[23-Dec-2025 15:34:19 UTC] ✅ Logged: Invoices fetched successfully /backend/public/api/invoices
[23-Dec-2025 15:34:23 UTC] ✅ Logged: Invoices fetched successfully /backend/public/api/invoices
[23-Dec-2025 15:34:39 UTC] ✅ Logged: Invoices fetched successfully /backend/public/api/invoices
[23-Dec-2025 15:34:59 UTC] ✅ Logged: Invoice updated successfully /backend/public/api/invoices/DD2E8DA476FC
[23-Dec-2025 15:34:59 UTC] ✅ Logged: Invoices fetched successfully /backend/public/api/invoices
[23-Dec-2025 15:35:33 UTC] ✅ Logged: Invoice updated successfully /backend/public/api/invoices/DB401F4F2827
[23-Dec-2025 15:35:33 UTC] ✅ Logged: Invoices fetched successfully /backend/public/api/invoices
[23-Dec-2025 15:35:37 UTC] ✅ Logged: Invoices fetched successfully /backend/public/api/invoices
[23-Dec-2025 15:36:27 UTC] ✅ Logged: Invoice updated successfully /backend/public/api/invoices/143A3739D477
[23-Dec-2025 15:36:27 UTC] ✅ Logged: Invoices fetched successfully /backend/public/api/invoices
[23-Dec-2025 15:36:45 UTC] ✅ Logged: Invoices fetched successfully /backend/public/api/invoices
[23-Dec-2025 15:37:16 UTC] ✅ Logged: Invoice updated successfully /backend/public/api/invoices/DA4C39C1A91D
[23-Dec-2025 15:37:16 UTC] ✅ Logged: Invoices fetched successfully /backend/public/api/invoices
[23-Dec-2025 15:37:18 UTC] ✅ Logged: Invoices fetched successfully /backend/public/api/invoices
[23-Dec-2025 15:37:41 UTC] ✅ Logged: Invoices fetched successfully /backend/public/api/invoices
[23-Dec-2025 15:37:52 UTC] ✅ Logged: Invoice updated successfully /backend/public/api/invoices/6B55A493E40C
[23-Dec-2025 15:37:52 UTC] ✅ Logged: Invoices fetched successfully /backend/public/api/invoices
[23-Dec-2025 15:37:57 UTC] ✅ Logged: Invoices fetched successfully /backend/public/api/invoices
[23-Dec-2025 15:38:13 UTC] ✅ Logged: Invoices fetched successfully /backend/public/api/invoices
[23-Dec-2025 15:38:57 UTC] ✅ Logged: Invoice updated successfully /backend/public/api/invoices/DA859559FD59
[23-Dec-2025 15:38:57 UTC] ✅ Logged: Invoices fetched successfully /backend/public/api/invoices
[23-Dec-2025 15:39:04 UTC] ✅ Logged: Invoices fetched successfully /backend/public/api/invoices
[23-Dec-2025 15:39:23 UTC] ✅ Logged: Invoices fetched successfully /backend/public/api/invoices
[23-Dec-2025 15:40:03 UTC] ✅ Logged: Invoice updated successfully /backend/public/api/invoices/17EA2953FC06
[23-Dec-2025 15:40:03 UTC] ✅ Logged: Invoices fetched successfully /backend/public/api/invoices
[23-Dec-2025 15:40:06 UTC] ✅ Logged: Invoices fetched successfully /backend/public/api/invoices
[23-Dec-2025 15:40:38 UTC] ✅ Logged: Invoices fetched successfully /backend/public/api/invoices
[23-Dec-2025 15:41:21 UTC] ✅ Logged: Invoice updated successfully /backend/public/api/invoices/45CFDFEF2A89
[23-Dec-2025 15:41:21 UTC] ✅ Logged: Invoices fetched successfully /backend/public/api/invoices
[23-Dec-2025 15:41:24 UTC] ✅ Logged: Invoices fetched successfully /backend/public/api/invoices
[23-Dec-2025 15:41:58 UTC] ✅ Logged: Invoices fetched successfully /backend/public/api/invoices
[23-Dec-2025 15:42:31 UTC] ✅ Logged: Invoice updated successfully /backend/public/api/invoices/3FEEF260A2F7
[23-Dec-2025 15:42:32 UTC] ✅ Logged: Invoices fetched successfully /backend/public/api/invoices
[23-Dec-2025 15:42:34 UTC] ✅ Logged: Invoices fetched successfully /backend/public/api/invoices
[23-Dec-2025 15:43:02 UTC] ✅ Logged: Invoices fetched successfully /backend/public/api/invoices
[23-Dec-2025 15:43:15 UTC] ✅ Logged: Invoice updated successfully /backend/public/api/invoices/DEE5E715984D
[23-Dec-2025 15:43:15 UTC] ✅ Logged: Invoices fetched successfully /backend/public/api/invoices
[23-Dec-2025 15:43:18 UTC] ✅ Logged: Invoices fetched successfully /backend/public/api/invoices
[23-Dec-2025 15:43:37 UTC] ✅ Logged: Invoices fetched successfully /backend/public/api/invoices
[23-Dec-2025 15:44:23 UTC] ✅ Logged: Invoice updated successfully /backend/public/api/invoices/5A3337759A31
[23-Dec-2025 15:44:23 UTC] ✅ Logged: Invoices fetched successfully /backend/public/api/invoices
[23-Dec-2025 15:44:25 UTC] ✅ Logged: Invoices fetched successfully /backend/public/api/invoices
[23-Dec-2025 15:44:49 UTC] ✅ Logged: Invoices fetched successfully /backend/public/api/invoices
[23-Dec-2025 15:45:05 UTC] ✅ Logged: Invoice updated successfully /backend/public/api/invoices/DC8D10A319F5
[23-Dec-2025 15:45:06 UTC] ✅ Logged: Invoices fetched successfully /backend/public/api/invoices
[23-Dec-2025 15:45:08 UTC] ✅ Logged: Invoices fetched successfully /backend/public/api/invoices
[23-Dec-2025 15:45:28 UTC] ✅ Logged: Invoices fetched successfully /backend/public/api/invoices
[23-Dec-2025 15:46:19 UTC] ✅ Logged: Invoice updated successfully /backend/public/api/invoices/A310EF7DDD7F
[23-Dec-2025 15:46:20 UTC] ✅ Logged: Invoices fetched successfully /backend/public/api/invoices
[23-Dec-2025 15:46:23 UTC] ✅ Logged: Invoices fetched successfully /backend/public/api/invoices
[23-Dec-2025 15:47:08 UTC] ✅ Logged: Invoices fetched successfully /backend/public/api/invoices
[23-Dec-2025 15:47:29 UTC] ✅ Logged: Invoice updated successfully /backend/public/api/invoices/B04B6002ECAD
[23-Dec-2025 15:47:29 UTC] ✅ Logged: Invoices fetched successfully /backend/public/api/invoices
[23-Dec-2025 15:47:35 UTC] ✅ Logged: Invoices fetched successfully /backend/public/api/invoices
[23-Dec-2025 15:47:56 UTC] ✅ Logged: Invoices fetched successfully /backend/public/api/invoices
[23-Dec-2025 15:48:14 UTC] ✅ Logged: Invoice updated successfully /backend/public/api/invoices/E5CA8151D8E4
[23-Dec-2025 15:48:14 UTC] ✅ Logged: Invoices fetched successfully /backend/public/api/invoices
[23-Dec-2025 15:48:17 UTC] ✅ Logged: Invoices fetched successfully /backend/public/api/invoices
[23-Dec-2025 15:48:39 UTC] ✅ Logged: Invoices fetched successfully /backend/public/api/invoices
[23-Dec-2025 15:50:30 UTC] ✅ Logged: Invoices fetched successfully /backend/public/api/invoices
[23-Dec-2025 15:50:39 UTC] ✅ Logged: Invoice updated successfully /backend/public/api/invoices/DA1857989C31
[23-Dec-2025 15:50:39 UTC] ✅ Logged: Invoices fetched successfully /backend/public/api/invoices
[23-Dec-2025 15:50:42 UTC] ✅ Logged: Invoices fetched successfully /backend/public/api/invoices
[23-Dec-2025 15:50:58 UTC] ✅ Logged: Invoices fetched successfully /backend/public/api/invoices
[23-Dec-2025 15:51:24 UTC] ✅ Logged: Invoice updated successfully /backend/public/api/invoices/54217BBB0E49
[23-Dec-2025 15:51:24 UTC] ✅ Logged: Invoices fetched successfully /backend/public/api/invoices
[23-Dec-2025 15:51:30 UTC] ✅ Logged: Invoices fetched successfully /backend/public/api/invoices
[23-Dec-2025 15:51:56 UTC] ✅ Logged: Invoices fetched successfully /backend/public/api/invoices
[23-Dec-2025 15:52:07 UTC] ✅ Logged: Invoice updated successfully /backend/public/api/invoices/16787354D330
[23-Dec-2025 15:52:07 UTC] ✅ Logged: Invoices fetched successfully /backend/public/api/invoices
[23-Dec-2025 15:52:10 UTC] ✅ Logged: Invoices fetched successfully /backend/public/api/invoices
[23-Dec-2025 15:52:28 UTC] ✅ Logged: Invoices fetched successfully /backend/public/api/invoices
[23-Dec-2025 15:52:44 UTC] ✅ Logged: Invoice updated successfully /backend/public/api/invoices/E6FD44E4ED20
[23-Dec-2025 15:52:44 UTC] ✅ Logged: Invoices fetched successfully /backend/public/api/invoices
[23-Dec-2025 15:52:46 UTC] ✅ Logged: Invoices fetched successfully /backend/public/api/invoices
[23-Dec-2025 15:53:05 UTC] ✅ Logged: Invoices fetched successfully /backend/public/api/invoices
[23-Dec-2025 15:53:25 UTC] ✅ Logged: Invoice updated successfully /backend/public/api/invoices/46D131E29CB1
[23-Dec-2025 15:53:26 UTC] ✅ Logged: Invoices fetched successfully /backend/public/api/invoices
[23-Dec-2025 15:53:28 UTC] ✅ Logged: Invoices fetched successfully /backend/public/api/invoices
[23-Dec-2025 15:55:25 UTC] ✅ Logged: Invoices fetched successfully /backend/public/api/invoices
[23-Dec-2025 15:55:49 UTC] ✅ Logged: Invoice updated successfully /backend/public/api/invoices/E441580764D1
[23-Dec-2025 15:55:50 UTC] ✅ Logged: Invoices fetched successfully /backend/public/api/invoices
[23-Dec-2025 15:55:53 UTC] ✅ Logged: Invoices fetched successfully /backend/public/api/invoices
[24-Dec-2025 05:56:54 UTC] ✅ Logged: Login successful /backend/public/api/auth/users/login
[24-Dec-2025 05:56:54 UTC] ✅ Logged: Business data fetched successfully. /backend/public/api/business
[24-Dec-2025 05:56:57 UTC] ✅ Logged: Today dashboard stats fetched successfully. /backend/public/api/business/stats
[24-Dec-2025 05:57:00 UTC] ✅ Logged: Invoices fetched successfully /backend/public/api/invoices
[24-Dec-2025 05:57:10 UTC] ✅ Logged: Invoices fetched successfully /backend/public/api/invoices
[24-Dec-2025 05:57:12 UTC] ✅ Logged: Invoices fetched successfully /backend/public/api/invoices
[24-Dec-2025 05:57:13 UTC] ✅ Logged: Invoices fetched successfully /backend/public/api/invoices
[24-Dec-2025 06:33:14 UTC] ✅ Logged: Invoices fetched successfully /backend/public/api/invoices
[24-Dec-2025 06:35:35 UTC] ✅ Logged: Invoices fetched successfully /backend/public/api/invoices
[24-Dec-2025 06:36:32 UTC] ✅ Logged: Invoice updated successfully /backend/public/api/invoices/769EF0C802D9
[24-Dec-2025 06:36:32 UTC] ✅ Logged: Invoices fetched successfully /backend/public/api/invoices
[24-Dec-2025 06:44:02 UTC] ✅ Logged: Today dashboard stats fetched successfully. /backend/public/api/business/stats
[24-Dec-2025 07:03:58 UTC] ✅ Logged: Login successful /backend/public/api/auth/users/login
[24-Dec-2025 07:03:58 UTC] ✅ Logged: Business data fetched successfully. /backend/public/api/business
[24-Dec-2025 07:04:03 UTC] ✅ Logged: Invoices fetched successfully /backend/public/api/invoices
[24-Dec-2025 07:14:00 UTC] ✅ Logged: Invoices fetched successfully /backend/public/api/invoices
[24-Dec-2025 07:14:28 UTC] ✅ Logged: Invoice updated successfully /backend/public/api/invoices/F850DC367AC7
[24-Dec-2025 07:14:28 UTC] ✅ Logged: Invoices fetched successfully /backend/public/api/invoices
[24-Dec-2025 07:14:46 UTC] ✅ Logged: Invoice updated successfully /backend/public/api/invoices/A11D59BFB9A0
[24-Dec-2025 07:14:46 UTC] ✅ Logged: Invoices fetched successfully /backend/public/api/invoices
[24-Dec-2025 07:14:50 UTC] ✅ Logged: Invoices fetched successfully /backend/public/api/invoices
[24-Dec-2025 07:16:15 UTC] ✅ Logged: Invoices fetched successfully /backend/public/api/invoices
[24-Dec-2025 07:16:53 UTC] ✅ Logged: Invoice updated successfully /backend/public/api/invoices/8FA90E6A7B0C
[24-Dec-2025 07:16:53 UTC] ✅ Logged: Invoices fetched successfully /backend/public/api/invoices
[24-Dec-2025 07:16:57 UTC] ✅ Logged: Invoices fetched successfully /backend/public/api/invoices
[24-Dec-2025 07:37:03 UTC] ✅ Logged: Invoices fetched successfully /backend/public/api/invoices
[24-Dec-2025 07:37:55 UTC] ✅ Logged: Invoices fetched successfully /backend/public/api/invoices
[24-Dec-2025 07:38:00 UTC] ✅ Logged: Invoices fetched successfully /backend/public/api/invoices
[24-Dec-2025 07:38:01 UTC] ✅ Logged: Invoices fetched successfully /backend/public/api/invoices
[24-Dec-2025 07:39:32 UTC] ✅ Logged: Invoice updated successfully /backend/public/api/invoices/4227B9A83D7A
[24-Dec-2025 07:39:32 UTC] ✅ Logged: Invoices fetched successfully /backend/public/api/invoices
[24-Dec-2025 08:11:53 UTC] ✅ Logged: Login successful /backend/public/api/auth/users/login
[24-Dec-2025 08:11:53 UTC] ✅ Logged: Business data fetched successfully. /backend/public/api/business
[24-Dec-2025 08:11:58 UTC] ✅ Logged: Invoices fetched successfully /backend/public/api/invoices
[24-Dec-2025 08:12:14 UTC] ✅ Logged: No invoices found matching the criteria. /backend/public/api/invoices
[24-Dec-2025 08:12:26 UTC] ✅ Logged: Invoices fetched successfully /backend/public/api/invoices
[24-Dec-2025 08:12:35 UTC] ✅ Logged: No invoices found matching the criteria. /backend/public/api/invoices
[24-Dec-2025 08:12:40 UTC] ✅ Logged: Invoices fetched successfully /backend/public/api/invoices
[24-Dec-2025 08:12:44 UTC] ✅ Logged: Invoices fetched successfully /backend/public/api/invoices
[24-Dec-2025 08:13:38 UTC] ✅ Logged: Invoice updated successfully /backend/public/api/invoices/31559C402597
[24-Dec-2025 08:13:39 UTC] ✅ Logged: Invoices fetched successfully /backend/public/api/invoices
[24-Dec-2025 08:13:54 UTC] ✅ Logged: Invoices fetched successfully /backend/public/api/invoices
[24-Dec-2025 11:31:04 UTC] ✅ Logged: Login successful /backend/public/api/auth/users/login
[24-Dec-2025 11:31:05 UTC] ✅ Logged: Business data fetched successfully. /backend/public/api/business
[24-Dec-2025 11:31:08 UTC] ✅ Logged: Today dashboard stats fetched successfully. /backend/public/api/business/stats
[24-Dec-2025 11:31:12 UTC] ✅ Logged: Invoices fetched successfully /backend/public/api/invoices
[24-Dec-2025 11:31:25 UTC] ✅ Logged: Invoices fetched successfully /backend/public/api/invoices
[24-Dec-2025 11:31:27 UTC] ✅ Logged: Invoices fetched successfully /backend/public/api/invoices
[24-Dec-2025 11:31:28 UTC] ✅ Logged: Invoices fetched successfully /backend/public/api/invoices
[24-Dec-2025 11:31:30 UTC] ✅ Logged: Invoices fetched successfully /backend/public/api/invoices
[24-Dec-2025 11:31:31 UTC] ✅ Logged: Invoices fetched successfully /backend/public/api/invoices
[24-Dec-2025 12:07:06 UTC] ✅ Logged: Invoices fetched successfully /backend/public/api/invoices
[24-Dec-2025 12:07:35 UTC] ✅ Logged: Invoices fetched successfully /backend/public/api/invoices
[24-Dec-2025 12:07:37 UTC] ✅ Logged: No invoices found matching the criteria. /backend/public/api/invoices
[24-Dec-2025 12:07:58 UTC] ✅ Logged: Invoices fetched successfully /backend/public/api/invoices
[24-Dec-2025 12:12:24 UTC] ✅ Logged: Invoices fetched successfully /backend/public/api/invoices
[24-Dec-2025 12:14:04 UTC] ✅ Logged: Invoice updated successfully /backend/public/api/invoices/0F7608E24099
[24-Dec-2025 12:14:04 UTC] ✅ Logged: Invoices fetched successfully /backend/public/api/invoices
[24-Dec-2025 12:14:15 UTC] ✅ Logged: Invoices fetched successfully /backend/public/api/invoices
[24-Dec-2025 12:14:23 UTC] ✅ Logged: Invoices fetched successfully /backend/public/api/invoices
[24-Dec-2025 12:22:48 UTC] ✅ Logged: Invoices fetched successfully /backend/public/api/invoices
[24-Dec-2025 12:23:26 UTC] ✅ Logged: Invoice updated successfully /backend/public/api/invoices/925254ED4786
[24-Dec-2025 12:23:26 UTC] ✅ Logged: Invoices fetched successfully /backend/public/api/invoices
[24-Dec-2025 12:23:31 UTC] ✅ Logged: Invoices fetched successfully /backend/public/api/invoices
[24-Dec-2025 12:24:07 UTC] ✅ Logged: Invoices fetched successfully /backend/public/api/invoices
[24-Dec-2025 12:24:17 UTC] ✅ Logged: Invoice updated successfully /backend/public/api/invoices/B2EAF49316C8
[24-Dec-2025 12:24:17 UTC] ✅ Logged: Invoices fetched successfully /backend/public/api/invoices
[24-Dec-2025 12:24:20 UTC] ✅ Logged: Invoices fetched successfully /backend/public/api/invoices
[24-Dec-2025 12:34:28 UTC] ✅ Logged: Login successful /backend/public/api/auth/users/login
[24-Dec-2025 12:34:29 UTC] ✅ Logged: Business data fetched successfully. /backend/public/api/business
[24-Dec-2025 12:34:35 UTC] ✅ Logged: Invoices fetched successfully /backend/public/api/invoices
[24-Dec-2025 12:35:44 UTC] ✅ Logged: Invoices fetched successfully /backend/public/api/invoices
[24-Dec-2025 12:36:07 UTC] ✅ Logged: Invoice updated successfully /backend/public/api/invoices/B1FBB146253D
[24-Dec-2025 12:36:07 UTC] ✅ Logged: Invoices fetched successfully /backend/public/api/invoices
[24-Dec-2025 12:36:09 UTC] ✅ Logged: Invoices fetched successfully /backend/public/api/invoices
[24-Dec-2025 12:36:41 UTC] ✅ Logged: Invoices fetched successfully /backend/public/api/invoices
[24-Dec-2025 12:37:11 UTC] ✅ Logged: Invoice updated successfully /backend/public/api/invoices/6A3A59EFF0C0
[24-Dec-2025 12:37:11 UTC] ✅ Logged: Invoices fetched successfully /backend/public/api/invoices
[24-Dec-2025 12:37:46 UTC] ✅ Logged: Invoice updated successfully /backend/public/api/invoices/36A904C2BC52
[24-Dec-2025 12:37:47 UTC] ✅ Logged: Invoices fetched successfully /backend/public/api/invoices
[24-Dec-2025 12:37:52 UTC] ✅ Logged: Invoices fetched successfully /backend/public/api/invoices
[24-Dec-2025 12:38:47 UTC] ✅ Logged: Invoices fetched successfully /backend/public/api/invoices
[24-Dec-2025 12:39:02 UTC] ✅ Logged: Invoice updated successfully /backend/public/api/invoices/306B121EEFA3
[24-Dec-2025 12:39:02 UTC] ✅ Logged: Invoices fetched successfully /backend/public/api/invoices
[24-Dec-2025 12:39:05 UTC] ✅ Logged: Invoices fetched successfully /backend/public/api/invoices
[24-Dec-2025 13:09:49 UTC] ✅ Logged: Invoices fetched successfully /backend/public/api/invoices
[24-Dec-2025 13:10:09 UTC] ✅ Logged: Invoices fetched successfully /backend/public/api/invoices
[24-Dec-2025 13:10:22 UTC] ✅ Logged: Invoice updated successfully /backend/public/api/invoices/72FE5B6B2EF7
[24-Dec-2025 13:10:22 UTC] ✅ Logged: Invoices fetched successfully /backend/public/api/invoices
[24-Dec-2025 13:10:47 UTC] ✅ Logged: Invoice updated successfully /backend/public/api/invoices/71AB04139070
[24-Dec-2025 13:10:47 UTC] ✅ Logged: Invoices fetched successfully /backend/public/api/invoices
[24-Dec-2025 13:10:51 UTC] ✅ Logged: Invoices fetched successfully /backend/public/api/invoices
[24-Dec-2025 13:11:14 UTC] ✅ Logged: Invoices fetched successfully /backend/public/api/invoices
[24-Dec-2025 13:12:11 UTC] ✅ Logged: Invoice updated successfully /backend/public/api/invoices/4BF99201D675
[24-Dec-2025 13:12:11 UTC] ✅ Logged: Invoices fetched successfully /backend/public/api/invoices
[24-Dec-2025 13:12:14 UTC] ✅ Logged: Invoices fetched successfully /backend/public/api/invoices
[24-Dec-2025 13:12:37 UTC] ✅ Logged: Invoices fetched successfully /backend/public/api/invoices
[24-Dec-2025 13:13:11 UTC] ✅ Logged: Invoice updated successfully /backend/public/api/invoices/69C722E9B4E8
[24-Dec-2025 13:13:12 UTC] ✅ Logged: Invoices fetched successfully /backend/public/api/invoices
[24-Dec-2025 13:13:46 UTC] ✅ Logged: Invoice updated successfully /backend/public/api/invoices/2921D3532A4F
[24-Dec-2025 13:13:46 UTC] ✅ Logged: Invoices fetched successfully /backend/public/api/invoices
[24-Dec-2025 13:13:48 UTC] ✅ Logged: Invoices fetched successfully /backend/public/api/invoices
[24-Dec-2025 13:15:25 UTC] ✅ Logged: Invoices fetched successfully /backend/public/api/invoices
[24-Dec-2025 13:15:46 UTC] ✅ Logged: Invoice updated successfully /backend/public/api/invoices/45A5A92EDE40
[24-Dec-2025 13:15:47 UTC] ✅ Logged: Invoices fetched successfully /backend/public/api/invoices
[24-Dec-2025 13:15:49 UTC] ✅ Logged: Invoices fetched successfully /backend/public/api/invoices
[24-Dec-2025 13:16:05 UTC] ✅ Logged: Invoices fetched successfully /backend/public/api/invoices
[24-Dec-2025 13:16:26 UTC] ✅ Logged: Invoice updated successfully /backend/public/api/invoices/69D9A8C5C008
[24-Dec-2025 13:16:26 UTC] ✅ Logged: Invoices fetched successfully /backend/public/api/invoices
[24-Dec-2025 13:16:29 UTC] ✅ Logged: Invoices fetched successfully /backend/public/api/invoices
[24-Dec-2025 13:51:47 UTC] ✅ Logged: Login successful /backend/public/api/auth/users/login
[24-Dec-2025 13:51:48 UTC] ✅ Logged: Business data fetched successfully. /backend/public/api/business
[24-Dec-2025 13:51:54 UTC] ✅ Logged: Invoices fetched successfully /backend/public/api/invoices
[24-Dec-2025 13:54:21 UTC] ✅ Logged: Invoices fetched successfully /backend/public/api/invoices
[24-Dec-2025 13:54:36 UTC] ✅ Logged: Invoice updated successfully /backend/public/api/invoices/13CC2F3F5F1B
[24-Dec-2025 13:54:36 UTC] ✅ Logged: Invoices fetched successfully /backend/public/api/invoices
[24-Dec-2025 13:54:39 UTC] ✅ Logged: Invoices fetched successfully /backend/public/api/invoices
[24-Dec-2025 13:55:01 UTC] ✅ Logged: Invoices fetched successfully /backend/public/api/invoices
[24-Dec-2025 13:55:09 UTC] ✅ Logged: Invoice updated successfully /backend/public/api/invoices/EF38CF9BDAD0
[24-Dec-2025 13:55:09 UTC] ✅ Logged: Invoices fetched successfully /backend/public/api/invoices
[24-Dec-2025 13:55:13 UTC] ✅ Logged: Invoices fetched successfully /backend/public/api/invoices
[24-Dec-2025 13:57:56 UTC] ✅ Logged: Invoices fetched successfully /backend/public/api/invoices
[24-Dec-2025 13:58:07 UTC] ✅ Logged: Invoice updated successfully /backend/public/api/invoices/54F8B58BBFD3
[24-Dec-2025 13:58:07 UTC] ✅ Logged: Invoices fetched successfully /backend/public/api/invoices
[24-Dec-2025 13:58:10 UTC] ✅ Logged: Invoices fetched successfully /backend/public/api/invoices
[24-Dec-2025 13:58:28 UTC] ✅ Logged: Invoices fetched successfully /backend/public/api/invoices
[24-Dec-2025 13:59:48 UTC] ✅ Logged: Invoice updated successfully /backend/public/api/invoices/570B929BA5FE
[24-Dec-2025 13:59:48 UTC] ✅ Logged: Invoices fetched successfully /backend/public/api/invoices
[24-Dec-2025 13:59:54 UTC] ✅ Logged: Invoices fetched successfully /backend/public/api/invoices
[24-Dec-2025 14:01:51 UTC] ✅ Logged: Invoice updated successfully /backend/public/api/invoices/031C2B2F40DD
[24-Dec-2025 14:01:51 UTC] ✅ Logged: Invoices fetched successfully /backend/public/api/invoices
[24-Dec-2025 14:32:18 UTC] ✅ Logged: Today dashboard stats fetched successfully. /backend/public/api/business/stats
[24-Dec-2025 14:32:22 UTC] ✅ Logged: Invoices fetched successfully /backend/public/api/invoices
[24-Dec-2025 14:32:53 UTC] ✅ Logged: Invoices fetched successfully /backend/public/api/invoices
[24-Dec-2025 14:33:21 UTC] ✅ Logged: Invoice updated successfully /backend/public/api/invoices/D37B1DEAC7B2
[24-Dec-2025 14:33:22 UTC] ✅ Logged: Invoices fetched successfully /backend/public/api/invoices
[24-Dec-2025 14:33:24 UTC] ✅ Logged: Invoices fetched successfully /backend/public/api/invoices
[24-Dec-2025 14:33:52 UTC] ✅ Logged: Invoices fetched successfully /backend/public/api/invoices
[24-Dec-2025 14:34:20 UTC] ✅ Logged: Invoice updated successfully /backend/public/api/invoices/4B6E270472E8
[24-Dec-2025 14:34:20 UTC] ✅ Logged: Invoices fetched successfully /backend/public/api/invoices
[24-Dec-2025 14:34:23 UTC] ✅ Logged: Invoices fetched successfully /backend/public/api/invoices
[24-Dec-2025 14:34:48 UTC] ✅ Logged: Invoices fetched successfully /backend/public/api/invoices
[24-Dec-2025 14:34:53 UTC] ✅ Logged: Invoices fetched successfully /backend/public/api/invoices
[24-Dec-2025 14:35:03 UTC] ✅ Logged: Invoice updated successfully /backend/public/api/invoices/7B2E936179BF
[24-Dec-2025 14:35:03 UTC] ✅ Logged: Invoices fetched successfully /backend/public/api/invoices
[24-Dec-2025 14:35:06 UTC] ✅ Logged: Invoices fetched successfully /backend/public/api/invoices
[24-Dec-2025 14:35:39 UTC] ✅ Logged: Invoices fetched successfully /backend/public/api/invoices
[24-Dec-2025 14:35:53 UTC] ✅ Logged: Invoice updated successfully /backend/public/api/invoices/D6244FB7A34A
[24-Dec-2025 14:35:53 UTC] ✅ Logged: Invoices fetched successfully /backend/public/api/invoices
[24-Dec-2025 14:35:55 UTC] ✅ Logged: Invoices fetched successfully /backend/public/api/invoices
[24-Dec-2025 14:36:15 UTC] ✅ Logged: Invoices fetched successfully /backend/public/api/invoices
[24-Dec-2025 14:36:36 UTC] ✅ Logged: Invoice updated successfully /backend/public/api/invoices/6D163A840240
[24-Dec-2025 14:36:36 UTC] ✅ Logged: Invoices fetched successfully /backend/public/api/invoices
[24-Dec-2025 14:36:38 UTC] ✅ Logged: Invoices fetched successfully /backend/public/api/invoices
[24-Dec-2025 14:37:02 UTC] ✅ Logged: Invoices fetched successfully /backend/public/api/invoices
[24-Dec-2025 14:37:14 UTC] ✅ Logged: Invoice updated successfully /backend/public/api/invoices/D8E4F78853F2
[24-Dec-2025 14:37:14 UTC] ✅ Logged: Invoices fetched successfully /backend/public/api/invoices
[24-Dec-2025 14:37:18 UTC] ✅ Logged: Invoices fetched successfully /backend/public/api/invoices
[24-Dec-2025 14:37:39 UTC] ✅ Logged: Invoices fetched successfully /backend/public/api/invoices
[24-Dec-2025 14:38:01 UTC] ✅ Logged: Invoice updated successfully /backend/public/api/invoices/1B14AFDDD0EC
[24-Dec-2025 14:38:02 UTC] ✅ Logged: Invoices fetched successfully /backend/public/api/invoices
[24-Dec-2025 14:38:06 UTC] ✅ Logged: Invoices fetched successfully /backend/public/api/invoices
[24-Dec-2025 14:38:37 UTC] ✅ Logged: Invoices fetched successfully /backend/public/api/invoices
[24-Dec-2025 14:39:13 UTC] ✅ Logged: Invoice updated successfully /backend/public/api/invoices/6B825CFDC49C
[24-Dec-2025 14:39:13 UTC] ✅ Logged: Invoices fetched successfully /backend/public/api/invoices
[24-Dec-2025 14:39:17 UTC] ✅ Logged: Invoices fetched successfully /backend/public/api/invoices
[24-Dec-2025 14:39:38 UTC] ✅ Logged: Invoices fetched successfully /backend/public/api/invoices
[24-Dec-2025 14:40:03 UTC] ✅ Logged: Invoice updated successfully /backend/public/api/invoices/1B709D533077
[24-Dec-2025 14:40:04 UTC] ✅ Logged: Invoices fetched successfully /backend/public/api/invoices
[24-Dec-2025 14:40:06 UTC] ✅ Logged: Invoices fetched successfully /backend/public/api/invoices
[24-Dec-2025 14:40:26 UTC] ✅ Logged: Invoices fetched successfully /backend/public/api/invoices
[24-Dec-2025 14:40:45 UTC] ✅ Logged: Invoice updated successfully /backend/public/api/invoices/53C9961DA6F6
[24-Dec-2025 14:40:45 UTC] ✅ Logged: Invoices fetched successfully /backend/public/api/invoices
[24-Dec-2025 14:40:50 UTC] ✅ Logged: Invoices fetched successfully /backend/public/api/invoices
[24-Dec-2025 14:41:22 UTC] ✅ Logged: Invoices fetched successfully /backend/public/api/invoices
[24-Dec-2025 14:41:38 UTC] ✅ Logged: Invoice updated successfully /backend/public/api/invoices/015EA44E7023
[24-Dec-2025 14:41:38 UTC] ✅ Logged: Invoices fetched successfully /backend/public/api/invoices
[24-Dec-2025 14:41:40 UTC] ✅ Logged: Invoices fetched successfully /backend/public/api/invoices
[24-Dec-2025 14:42:02 UTC] ✅ Logged: Invoices fetched successfully /backend/public/api/invoices
[24-Dec-2025 14:42:12 UTC] ✅ Logged: Invoice updated successfully /backend/public/api/invoices/280AD87FDA29
[24-Dec-2025 14:42:12 UTC] ✅ Logged: Invoices fetched successfully /backend/public/api/invoices
[24-Dec-2025 14:42:15 UTC] ✅ Logged: Invoices fetched successfully /backend/public/api/invoices
[24-Dec-2025 14:42:34 UTC] ✅ Logged: Invoices fetched successfully /backend/public/api/invoices
[24-Dec-2025 14:42:59 UTC] ✅ Logged: Invoice updated successfully /backend/public/api/invoices/34DA02444A64
[24-Dec-2025 14:42:59 UTC] ✅ Logged: Invoices fetched successfully /backend/public/api/invoices
[24-Dec-2025 14:43:02 UTC] ✅ Logged: Invoices fetched successfully /backend/public/api/invoices
[24-Dec-2025 14:44:40 UTC] ✅ Logged: Invoices fetched successfully /backend/public/api/invoices
[24-Dec-2025 14:44:56 UTC] ✅ Logged: Invoice updated successfully /backend/public/api/invoices/AFA56F7CF47E
[24-Dec-2025 14:44:56 UTC] ✅ Logged: Invoices fetched successfully /backend/public/api/invoices
[24-Dec-2025 14:45:04 UTC] ✅ Logged: Invoices fetched successfully /backend/public/api/invoices
[24-Dec-2025 15:12:46 UTC] ✅ Logged: Login successful /backend/public/api/auth/users/login
[24-Dec-2025 15:12:46 UTC] ✅ Logged: Business data fetched successfully. /backend/public/api/business
[24-Dec-2025 15:12:56 UTC] ✅ Logged: Invoices fetched successfully /backend/public/api/invoices
[24-Dec-2025 15:13:06 UTC] ✅ Logged: Invoices fetched successfully /backend/public/api/invoices
[24-Dec-2025 15:30:56 UTC] ✅ Logged: Invoices fetched successfully /backend/public/api/invoices
[24-Dec-2025 15:32:28 UTC] ✅ Logged: Invoice updated successfully /backend/public/api/invoices/4227B9A83D7A
[24-Dec-2025 15:32:28 UTC] ✅ Logged: Invoices fetched successfully /backend/public/api/invoices
[24-Dec-2025 15:32:57 UTC] ✅ Logged: Invoice updated successfully /backend/public/api/invoices/AFA56F7CF47E
[24-Dec-2025 15:32:57 UTC] ✅ Logged: Invoices fetched successfully /backend/public/api/invoices
[24-Dec-2025 15:33:41 UTC] ✅ Logged: Invoice updated successfully /backend/public/api/invoices/FA5E088B1A12
[24-Dec-2025 15:33:42 UTC] ✅ Logged: Invoices fetched successfully /backend/public/api/invoices
[24-Dec-2025 15:37:39 UTC] ✅ Logged: Invoices fetched successfully /backend/public/api/invoices
[24-Dec-2025 15:38:04 UTC] ✅ Logged: Invoice updated successfully /backend/public/api/invoices/79C81D69
[24-Dec-2025 15:38:04 UTC] ✅ Logged: Invoices fetched successfully /backend/public/api/invoices
[24-Dec-2025 15:38:32 UTC] ✅ Logged: Invoice updated successfully /backend/public/api/invoices/B40492319B35
[24-Dec-2025 15:38:32 UTC] ✅ Logged: Invoices fetched successfully /backend/public/api/invoices
[24-Dec-2025 15:39:21 UTC] ✅ Logged: Invoice updated successfully /backend/public/api/invoices/0D6375F2E324
[24-Dec-2025 15:39:21 UTC] ✅ Logged: Invoices fetched successfully /backend/public/api/invoices
[24-Dec-2025 15:39:32 UTC] ✅ Logged: Invoice updated successfully /backend/public/api/invoices/0D6375F2E324
[24-Dec-2025 15:39:33 UTC] ✅ Logged: Invoices fetched successfully /backend/public/api/invoices
[24-Dec-2025 15:40:16 UTC] ✅ Logged: Invoice updated successfully /backend/public/api/invoices/CAEE1FC17F01
[24-Dec-2025 15:40:16 UTC] ✅ Logged: Invoices fetched successfully /backend/public/api/invoices
[24-Dec-2025 15:40:45 UTC] ✅ Logged: Invoice updated successfully /backend/public/api/invoices/1483D8088C31
[24-Dec-2025 15:40:46 UTC] ✅ Logged: Invoices fetched successfully /backend/public/api/invoices
[24-Dec-2025 15:40:54 UTC] ✅ Logged: Invoices fetched successfully /backend/public/api/invoices
[24-Dec-2025 15:42:18 UTC] ✅ Logged: Invoice updated successfully /backend/public/api/invoices/7060060571DB
[24-Dec-2025 15:42:18 UTC] ✅ Logged: Invoices fetched successfully /backend/public/api/invoices
[24-Dec-2025 15:42:56 UTC] ✅ Logged: Invoice updated successfully /backend/public/api/invoices/DF1D4E7282A1
[24-Dec-2025 15:42:57 UTC] ✅ Logged: Invoices fetched successfully /backend/public/api/invoices
[24-Dec-2025 15:43:21 UTC] ✅ Logged: Invoice updated successfully /backend/public/api/invoices/B959EEC58177
[24-Dec-2025 15:43:21 UTC] ✅ Logged: Invoices fetched successfully /backend/public/api/invoices
[24-Dec-2025 15:44:00 UTC] ✅ Logged: Invoice updated successfully /backend/public/api/invoices/7A2DE4BD6EA5
[24-Dec-2025 15:44:00 UTC] ✅ Logged: Invoices fetched successfully /backend/public/api/invoices
[24-Dec-2025 15:44:48 UTC] ✅ Logged: Invoice updated successfully /backend/public/api/invoices/C56F4205761F
[24-Dec-2025 15:44:48 UTC] ✅ Logged: Invoices fetched successfully /backend/public/api/invoices
[24-Dec-2025 15:45:13 UTC] ✅ Logged: Invoice updated successfully /backend/public/api/invoices/3D1C8FD61AE3
[24-Dec-2025 15:45:14 UTC] ✅ Logged: Invoices fetched successfully /backend/public/api/invoices
[24-Dec-2025 15:46:38 UTC] ✅ Logged: Invoices fetched successfully /backend/public/api/invoices
[24-Dec-2025 15:47:03 UTC] ✅ Logged: Invoice updated successfully /backend/public/api/invoices/19F8DC48
[24-Dec-2025 15:47:03 UTC] ✅ Logged: Invoices fetched successfully /backend/public/api/invoices
[24-Dec-2025 15:47:06 UTC] ✅ Logged: Invoices fetched successfully /backend/public/api/invoices
[24-Dec-2025 15:49:05 UTC] ✅ Logged: Invoice updated successfully /backend/public/api/invoices/F349DECA10AE
[24-Dec-2025 15:49:05 UTC] ✅ Logged: Invoices fetched successfully /backend/public/api/invoices
[24-Dec-2025 15:49:31 UTC] ✅ Logged: Invoice updated successfully /backend/public/api/invoices/8CCBE2483628
[24-Dec-2025 15:49:31 UTC] ✅ Logged: Invoices fetched successfully /backend/public/api/invoices
[24-Dec-2025 15:50:20 UTC] ✅ Logged: Invoices fetched successfully /backend/public/api/invoices
[24-Dec-2025 15:50:37 UTC] ✅ Logged: Invoice updated successfully /backend/public/api/invoices/43D0491B3356
[24-Dec-2025 15:50:38 UTC] ✅ Logged: Invoices fetched successfully /backend/public/api/invoices
[24-Dec-2025 15:50:50 UTC] ✅ Logged: Invoice updated successfully /backend/public/api/invoices/0F96A5010D71
[24-Dec-2025 15:50:50 UTC] ✅ Logged: Invoices fetched successfully /backend/public/api/invoices
[24-Dec-2025 15:50:53 UTC] ✅ Logged: Invoices fetched successfully /backend/public/api/invoices
[24-Dec-2025 15:51:15 UTC] ✅ Logged: Invoices fetched successfully /backend/public/api/invoices
[24-Dec-2025 15:51:25 UTC] ✅ Logged: Invoice updated successfully /backend/public/api/invoices/85D549F697D2
[24-Dec-2025 15:51:26 UTC] ✅ Logged: Invoices fetched successfully /backend/public/api/invoices
[24-Dec-2025 15:51:28 UTC] ✅ Logged: Invoices fetched successfully /backend/public/api/invoices
[24-Dec-2025 15:51:46 UTC] ✅ Logged: Invoices fetched successfully /backend/public/api/invoices
[24-Dec-2025 15:52:07 UTC] ✅ Logged: Invoice updated successfully /backend/public/api/invoices/23867F715932
[24-Dec-2025 15:52:07 UTC] ✅ Logged: Invoices fetched successfully /backend/public/api/invoices
[24-Dec-2025 15:52:22 UTC] ✅ Logged: Invoices fetched successfully /backend/public/api/invoices
[24-Dec-2025 15:52:59 UTC] ✅ Logged: Invoices fetched successfully /backend/public/api/invoices
[24-Dec-2025 15:53:23 UTC] ✅ Logged: Invoice updated successfully /backend/public/api/invoices/AF86DA53B3C4
[24-Dec-2025 15:53:24 UTC] ✅ Logged: Invoices fetched successfully /backend/public/api/invoices
[24-Dec-2025 15:53:26 UTC] ✅ Logged: Invoices fetched successfully /backend/public/api/invoices
[25-Dec-2025 08:42:54 UTC] ✅ Logged: Login successful /backend/public/api/auth/users/login
[25-Dec-2025 08:42:54 UTC] ✅ Logged: Business data fetched successfully. /backend/public/api/business
[25-Dec-2025 08:42:56 UTC] ✅ Logged: Today dashboard stats fetched successfully. /backend/public/api/business/stats
[25-Dec-2025 08:43:17 UTC] ✅ Logged: Invoices fetched successfully /backend/public/api/invoices
[25-Dec-2025 08:44:16 UTC] ✅ Logged: Invoices fetched successfully /backend/public/api/invoices
[25-Dec-2025 08:44:54 UTC] ✅ Logged: Invoice updated successfully /backend/public/api/invoices/B5131FBFEA33
[25-Dec-2025 08:44:55 UTC] ✅ Logged: Invoices fetched successfully /backend/public/api/invoices
[25-Dec-2025 08:45:10 UTC] ✅ Logged: Invoice updated successfully /backend/public/api/invoices/EEFC0440F871
[25-Dec-2025 08:45:10 UTC] ✅ Logged: Invoices fetched successfully /backend/public/api/invoices
[25-Dec-2025 08:45:13 UTC] ✅ Logged: Invoices fetched successfully /backend/public/api/invoices
[25-Dec-2025 08:45:33 UTC] ✅ Logged: Invoices fetched successfully /backend/public/api/invoices
[25-Dec-2025 08:45:48 UTC] ✅ Logged: Invoice updated successfully /backend/public/api/invoices/CCA601901CB3
[25-Dec-2025 08:45:48 UTC] ✅ Logged: Invoices fetched successfully /backend/public/api/invoices
[25-Dec-2025 08:46:30 UTC] ✅ Logged: Invoice updated successfully /backend/public/api/invoices/21178483C2C9
[25-Dec-2025 08:46:30 UTC] ✅ Logged: Invoices fetched successfully /backend/public/api/invoices
[25-Dec-2025 08:46:33 UTC] ✅ Logged: Invoices fetched successfully /backend/public/api/invoices
[25-Dec-2025 08:46:56 UTC] ✅ Logged: Invoices fetched successfully /backend/public/api/invoices
[25-Dec-2025 08:47:39 UTC] ✅ Logged: Invoice updated successfully /backend/public/api/invoices/C115A0EDA145
[25-Dec-2025 08:47:39 UTC] ✅ Logged: Invoices fetched successfully /backend/public/api/invoices
[25-Dec-2025 08:48:17 UTC] ✅ Logged: Invoice updated successfully /backend/public/api/invoices/6F8B5D2E44D3
[25-Dec-2025 08:48:18 UTC] ✅ Logged: Invoices fetched successfully /backend/public/api/invoices
[25-Dec-2025 08:48:20 UTC] ✅ Logged: Invoices fetched successfully /backend/public/api/invoices
[25-Dec-2025 08:48:43 UTC] ✅ Logged: Invoices fetched successfully /backend/public/api/invoices
[25-Dec-2025 08:49:01 UTC] ✅ Logged: Invoice updated successfully /backend/public/api/invoices/2D6BD4E112BD
[25-Dec-2025 08:49:01 UTC] ✅ Logged: Invoices fetched successfully /backend/public/api/invoices
[25-Dec-2025 08:49:13 UTC] ✅ Logged: Invoice updated successfully /backend/public/api/invoices/ACF948C94289
[25-Dec-2025 08:49:14 UTC] ✅ Logged: Invoices fetched successfully /backend/public/api/invoices
[25-Dec-2025 08:49:19 UTC] ✅ Logged: Invoices fetched successfully /backend/public/api/invoices
[25-Dec-2025 08:50:33 UTC] ✅ Logged: Invoices fetched successfully /backend/public/api/invoices
[25-Dec-2025 08:50:44 UTC] ✅ Logged: Invoice updated successfully /backend/public/api/invoices/4135C21AB1D4
[25-Dec-2025 08:50:44 UTC] ✅ Logged: Invoices fetched successfully /backend/public/api/invoices
[25-Dec-2025 08:50:47 UTC] ✅ Logged: Invoices fetched successfully /backend/public/api/invoices
[25-Dec-2025 08:54:12 UTC] ✅ Logged: Invoices fetched successfully /backend/public/api/invoices
[25-Dec-2025 08:54:23 UTC] ✅ Logged: Invoice updated successfully /backend/public/api/invoices/2AEEA1E5A7F8
[25-Dec-2025 08:54:23 UTC] ✅ Logged: Invoices fetched successfully /backend/public/api/invoices
[25-Dec-2025 08:54:25 UTC] ✅ Logged: Invoices fetched successfully /backend/public/api/invoices
[25-Dec-2025 08:54:45 UTC] ✅ Logged: Invoices fetched successfully /backend/public/api/invoices
[25-Dec-2025 08:54:48 UTC] ✅ Logged: Invoices fetched successfully /backend/public/api/invoices
[25-Dec-2025 08:55:07 UTC] ✅ Logged: Invoice updated successfully /backend/public/api/invoices/82022B06C562
[25-Dec-2025 08:55:07 UTC] ✅ Logged: Invoices fetched successfully /backend/public/api/invoices
[25-Dec-2025 08:55:21 UTC] ✅ Logged: Invoice updated successfully /backend/public/api/invoices/2D4703522887
[25-Dec-2025 08:55:21 UTC] ✅ Logged: Invoices fetched successfully /backend/public/api/invoices
[25-Dec-2025 08:55:23 UTC] ✅ Logged: Invoices fetched successfully /backend/public/api/invoices
[25-Dec-2025 09:01:22 UTC] ✅ Logged: Invoices fetched successfully /backend/public/api/invoices
[25-Dec-2025 09:01:52 UTC] ✅ Logged: Invoice updated successfully /backend/public/api/invoices/C8FA9141F141
[25-Dec-2025 09:01:52 UTC] ✅ Logged: Invoices fetched successfully /backend/public/api/invoices
[25-Dec-2025 09:01:57 UTC] ✅ Logged: Invoices fetched successfully /backend/public/api/invoices
[25-Dec-2025 09:04:09 UTC] ✅ Logged: Invoices fetched successfully /backend/public/api/invoices
[25-Dec-2025 09:04:56 UTC] ✅ Logged: Invoice updated successfully /backend/public/api/invoices/30F3D498A2B4
[25-Dec-2025 09:04:56 UTC] ✅ Logged: Invoices fetched successfully /backend/public/api/invoices
[25-Dec-2025 09:05:05 UTC] ✅ Logged: Invoices fetched successfully /backend/public/api/invoices
[25-Dec-2025 09:06:27 UTC] ✅ Logged: Invoices fetched successfully /backend/public/api/invoices
[25-Dec-2025 09:07:06 UTC] ✅ Logged: Invoice updated successfully /backend/public/api/invoices/DD34256464E0
[25-Dec-2025 09:07:06 UTC] ✅ Logged: Invoices fetched successfully /backend/public/api/invoices
[25-Dec-2025 09:08:38 UTC] ✅ Logged: Invoice updated successfully /backend/public/api/invoices/B89AF62CA812
[25-Dec-2025 09:08:38 UTC] ✅ Logged: Invoices fetched successfully /backend/public/api/invoices
[25-Dec-2025 09:10:32 UTC] ✅ Logged: Invoices fetched successfully /backend/public/api/invoices
[25-Dec-2025 09:11:03 UTC] ✅ Logged: Invoices fetched successfully /backend/public/api/invoices
[25-Dec-2025 09:11:40 UTC] ✅ Logged: Invoice type is required. /backend/public/api/invoices/0B52AC5E11A1
[25-Dec-2025 09:11:48 UTC] ✅ Logged: Invoice updated successfully /backend/public/api/invoices/0B52AC5E11A1
[25-Dec-2025 09:11:48 UTC] ✅ Logged: Invoices fetched successfully /backend/public/api/invoices
[25-Dec-2025 09:11:50 UTC] ✅ Logged: Invoices fetched successfully /backend/public/api/invoices
[25-Dec-2025 09:12:11 UTC] ✅ Logged: Invoices fetched successfully /backend/public/api/invoices
[25-Dec-2025 09:12:30 UTC] ✅ Logged: Invoice updated successfully /backend/public/api/invoices/18B6FAF654BA
[25-Dec-2025 09:12:30 UTC] ✅ Logged: Invoices fetched successfully /backend/public/api/invoices
[25-Dec-2025 09:12:47 UTC] ✅ Logged: Invoice updated successfully /backend/public/api/invoices/FAEA9908C5FA
[25-Dec-2025 09:12:48 UTC] ✅ Logged: Invoices fetched successfully /backend/public/api/invoices
[25-Dec-2025 09:13:06 UTC] ✅ Logged: Invoice updated successfully /backend/public/api/invoices/9C57BFCC7BCB
[25-Dec-2025 09:13:06 UTC] ✅ Logged: Invoices fetched successfully /backend/public/api/invoices
[25-Dec-2025 09:13:09 UTC] ✅ Logged: Invoices fetched successfully /backend/public/api/invoices
[25-Dec-2025 09:13:32 UTC] ✅ Logged: Invoices fetched successfully /backend/public/api/invoices
[25-Dec-2025 09:13:52 UTC] ✅ Logged: Invoice updated successfully /backend/public/api/invoices/030CB0A84718
[25-Dec-2025 09:13:52 UTC] ✅ Logged: Invoices fetched successfully /backend/public/api/invoices
[25-Dec-2025 09:13:55 UTC] ✅ Logged: Invoices fetched successfully /backend/public/api/invoices
[25-Dec-2025 09:14:33 UTC] ✅ Logged: Invoices fetched successfully /backend/public/api/invoices
[25-Dec-2025 09:15:56 UTC] ✅ Logged: Invoice type is required. /backend/public/api/invoices/1A7F7CF39710
[25-Dec-2025 09:16:08 UTC] ✅ Logged: Invoice type is required. /backend/public/api/invoices/1A7F7CF39710
[25-Dec-2025 09:16:14 UTC] ✅ Logged: Invoice updated successfully /backend/public/api/invoices/1A7F7CF39710
[25-Dec-2025 09:16:14 UTC] ✅ Logged: Invoices fetched successfully /backend/public/api/invoices
[25-Dec-2025 09:16:18 UTC] ✅ Logged: Invoices fetched successfully /backend/public/api/invoices
[25-Dec-2025 09:17:05 UTC] ✅ Logged: Invoices fetched successfully /backend/public/api/invoices
[25-Dec-2025 09:17:25 UTC] ✅ Logged: Invoice updated successfully /backend/public/api/invoices/C87F94304180
[25-Dec-2025 09:17:25 UTC] ✅ Logged: Invoices fetched successfully /backend/public/api/invoices
[25-Dec-2025 09:17:29 UTC] ✅ Logged: Invoices fetched successfully /backend/public/api/invoices
[25-Dec-2025 09:19:44 UTC] ✅ Logged: Invoices fetched successfully /backend/public/api/invoices
[25-Dec-2025 09:20:26 UTC] ✅ Logged: Invoice updated successfully /backend/public/api/invoices/571C5BD53A61
[25-Dec-2025 09:20:26 UTC] ✅ Logged: Invoices fetched successfully /backend/public/api/invoices
[25-Dec-2025 09:21:02 UTC] ✅ Logged: Invoices fetched successfully /backend/public/api/invoices
[25-Dec-2025 09:21:55 UTC] ✅ Logged: Invoices fetched successfully /backend/public/api/invoices
[25-Dec-2025 09:22:07 UTC] ✅ Logged: Invoice updated successfully /backend/public/api/invoices/0BC7F4D4BC01
[25-Dec-2025 09:22:07 UTC] ✅ Logged: Invoices fetched successfully /backend/public/api/invoices
[25-Dec-2025 09:22:10 UTC] ✅ Logged: Invoices fetched successfully /backend/public/api/invoices
[25-Dec-2025 09:23:18 UTC] ✅ Logged: Invoices fetched successfully /backend/public/api/invoices
[25-Dec-2025 09:26:34 UTC] ✅ Logged: Invoice updated successfully /backend/public/api/invoices/42E7907ABEA8
[25-Dec-2025 09:26:34 UTC] ✅ Logged: Invoices fetched successfully /backend/public/api/invoices
[25-Dec-2025 09:26:38 UTC] ✅ Logged: Invoices fetched successfully /backend/public/api/invoices
[25-Dec-2025 13:59:21 UTC] ✅ Logged: Login successful /backend/public/api/auth/users/login
[25-Dec-2025 13:59:21 UTC] ✅ Logged: Business data fetched successfully. /backend/public/api/business
[25-Dec-2025 13:59:23 UTC] ✅ Logged: Today dashboard stats fetched successfully. /backend/public/api/business/stats
[25-Dec-2025 13:59:26 UTC] ✅ Logged: Invoices fetched successfully /backend/public/api/invoices
[25-Dec-2025 13:59:51 UTC] ✅ Logged: Invoices fetched successfully /backend/public/api/invoices
[25-Dec-2025 14:02:52 UTC] ✅ Logged: Invoice updated successfully /backend/public/api/invoices/F1DA349B8AFE
[25-Dec-2025 14:02:52 UTC] ✅ Logged: Invoices fetched successfully /backend/public/api/invoices
[25-Dec-2025 14:22:30 UTC] ✅ Logged: Invoice updated successfully /backend/public/api/invoices/F4A8EB7E0085
[25-Dec-2025 14:22:30 UTC] ✅ Logged: Invoices fetched successfully /backend/public/api/invoices
[25-Dec-2025 14:22:33 UTC] ✅ Logged: Invoices fetched successfully /backend/public/api/invoices
[25-Dec-2025 14:23:59 UTC] ✅ Logged: Invoices fetched successfully /backend/public/api/invoices
[25-Dec-2025 14:25:28 UTC] ✅ Logged: Invoice updated successfully /backend/public/api/invoices/B2266913F598
[25-Dec-2025 14:25:28 UTC] ✅ Logged: Invoices fetched successfully /backend/public/api/invoices
[25-Dec-2025 14:25:30 UTC] ✅ Logged: Invoices fetched successfully /backend/public/api/invoices
[25-Dec-2025 14:25:56 UTC] ✅ Logged: Invoices fetched successfully /backend/public/api/invoices
[25-Dec-2025 14:26:18 UTC] ✅ Logged: Invoice updated successfully /backend/public/api/invoices/29D4A7B7C99F
[25-Dec-2025 14:26:18 UTC] ✅ Logged: Invoices fetched successfully /backend/public/api/invoices
[25-Dec-2025 14:26:21 UTC] ✅ Logged: Invoices fetched successfully /backend/public/api/invoices
[25-Dec-2025 14:26:51 UTC] ✅ Logged: Invoices fetched successfully /backend/public/api/invoices
[25-Dec-2025 14:28:20 UTC] ✅ Logged: Invoice updated successfully /backend/public/api/invoices/A32930FDD134
[25-Dec-2025 14:28:21 UTC] ✅ Logged: Invoices fetched successfully /backend/public/api/invoices
[25-Dec-2025 14:29:11 UTC] ✅ Logged: Invoice updated successfully /backend/public/api/invoices/C82E987B4AC6
[25-Dec-2025 14:29:12 UTC] ✅ Logged: Invoices fetched successfully /backend/public/api/invoices
[25-Dec-2025 14:29:15 UTC] ✅ Logged: Invoices fetched successfully /backend/public/api/invoices
[25-Dec-2025 14:32:01 UTC] ✅ Logged: Invoice updated successfully /backend/public/api/invoices/2988FC31B2F8
[25-Dec-2025 14:32:01 UTC] ✅ Logged: Invoices fetched successfully /backend/public/api/invoices
[25-Dec-2025 14:40:54 UTC] ✅ Logged: Invoices fetched successfully /backend/public/api/invoices
[25-Dec-2025 14:41:36 UTC] ✅ Logged: Invoice updated successfully /backend/public/api/invoices/3E3B315B6F42
[25-Dec-2025 14:41:36 UTC] ✅ Logged: Invoices fetched successfully /backend/public/api/invoices
[25-Dec-2025 14:42:10 UTC] ✅ Logged: Invoice updated successfully /backend/public/api/invoices/643DBFC5F577
[25-Dec-2025 14:42:10 UTC] ✅ Logged: Invoices fetched successfully /backend/public/api/invoices
[25-Dec-2025 14:42:13 UTC] ✅ Logged: Invoices fetched successfully /backend/public/api/invoices
[25-Dec-2025 15:39:40 UTC] ✅ Logged: User records fetched successfully. /backend/public/api/users
[25-Dec-2025 15:39:42 UTC] ✅ Logged: Invoices fetched successfully /backend/public/api/invoices
[25-Dec-2025 15:40:31 UTC] ✅ Logged: Invoices fetched successfully /backend/public/api/invoices
[25-Dec-2025 15:40:32 UTC] ✅ Logged: Invoices fetched successfully /backend/public/api/invoices
[25-Dec-2025 15:40:33 UTC] ✅ Logged: Invoices fetched successfully /backend/public/api/invoices
[25-Dec-2025 15:43:57 UTC] ✅ Logged: Invoices fetched successfully /backend/public/api/invoices
[25-Dec-2025 16:26:16 UTC] ✅ Logged: Login successful /backend/public/api/auth/users/login
[25-Dec-2025 16:26:16 UTC] ✅ Logged: Business data fetched successfully. /backend/public/api/business
[25-Dec-2025 16:28:50 UTC] ✅ Logged: Invoices fetched successfully /backend/public/api/invoices
[25-Dec-2025 17:49:12 UTC] ✅ Logged: Login successful /backend/public/api/auth/users/login
[25-Dec-2025 17:49:12 UTC] ✅ Logged: Business data fetched successfully. /backend/public/api/business
[25-Dec-2025 17:51:58 UTC] ✅ Logged: Invoices fetched successfully /backend/public/api/invoices
[25-Dec-2025 18:35:00 UTC] ✅ Logged: Invoices fetched successfully /backend/public/api/invoices
[25-Dec-2025 18:40:49 UTC] ✅ Logged: Invoices fetched successfully /backend/public/api/invoices
[25-Dec-2025 18:41:12 UTC] ✅ Logged: Invoices fetched successfully /backend/public/api/invoices
[25-Dec-2025 18:41:14 UTC] ✅ Logged: Invoices fetched successfully /backend/public/api/invoices
[25-Dec-2025 18:41:15 UTC] ✅ Logged: Invoices fetched successfully /backend/public/api/invoices
[25-Dec-2025 18:41:15 UTC] ✅ Logged: Invoices fetched successfully /backend/public/api/invoices
[25-Dec-2025 18:41:15 UTC] ✅ Logged: Invoices fetched successfully /backend/public/api/invoices
[25-Dec-2025 18:41:15 UTC] ✅ Logged: Invoices fetched successfully /backend/public/api/invoices
[25-Dec-2025 18:41:15 UTC] ✅ Logged: Invoices fetched successfully /backend/public/api/invoices
[25-Dec-2025 18:41:16 UTC] ✅ Logged: Invoices fetched successfully /backend/public/api/invoices
[25-Dec-2025 18:41:16 UTC] ✅ Logged: Invoices fetched successfully /backend/public/api/invoices
[25-Dec-2025 18:41:16 UTC] ✅ Logged: Invoices fetched successfully /backend/public/api/invoices
[25-Dec-2025 18:41:16 UTC] ✅ Logged: Invoices fetched successfully /backend/public/api/invoices
[25-Dec-2025 18:41:17 UTC] ✅ Logged: Invoices fetched successfully /backend/public/api/invoices
[25-Dec-2025 18:42:18 UTC] ✅ Logged: Invoices fetched successfully /backend/public/api/invoices
[25-Dec-2025 18:42:21 UTC] ✅ Logged: Invoices fetched successfully /backend/public/api/invoices
[25-Dec-2025 18:42:26 UTC] ✅ Logged: Invoices fetched successfully /backend/public/api/invoices
[25-Dec-2025 18:42:27 UTC] ✅ Logged: Invoices fetched successfully /backend/public/api/invoices
[25-Dec-2025 18:42:27 UTC] ✅ Logged: Invoices fetched successfully /backend/public/api/invoices
[25-Dec-2025 18:42:27 UTC] ✅ Logged: Invoices fetched successfully /backend/public/api/invoices
[25-Dec-2025 18:42:27 UTC] ✅ Logged: Invoices fetched successfully /backend/public/api/invoices
[25-Dec-2025 18:44:15 UTC] ✅ Logged: Invoices fetched successfully /backend/public/api/invoices
[25-Dec-2025 18:44:16 UTC] ✅ Logged: Invoices fetched successfully /backend/public/api/invoices
[25-Dec-2025 18:44:16 UTC] ✅ Logged: Invoices fetched successfully /backend/public/api/invoices
[25-Dec-2025 18:44:17 UTC] ✅ Logged: Invoices fetched successfully /backend/public/api/invoices
[25-Dec-2025 18:44:17 UTC] ✅ Logged: Invoices fetched successfully /backend/public/api/invoices
[25-Dec-2025 18:44:17 UTC] ✅ Logged: Invoices fetched successfully /backend/public/api/invoices
[25-Dec-2025 18:44:17 UTC] ✅ Logged: Invoices fetched successfully /backend/public/api/invoices
[25-Dec-2025 18:47:57 UTC] ✅ Logged: Invoices fetched successfully /backend/public/api/invoices
[25-Dec-2025 18:50:36 UTC] ✅ Logged: Login successful /backend/public/api/auth/users/login
[25-Dec-2025 18:50:36 UTC] ✅ Logged: Business data fetched successfully. /backend/public/api/business
[25-Dec-2025 18:50:40 UTC] ✅ Logged: Invoices fetched successfully /backend/public/api/invoices
[25-Dec-2025 18:50:52 UTC] ✅ Logged: Invoices fetched successfully /backend/public/api/invoices
[25-Dec-2025 18:51:16 UTC] ✅ Logged: Invoices fetched successfully /backend/public/api/invoices
[25-Dec-2025 18:53:16 UTC] ✅ Logged: Invoices fetched successfully /backend/public/api/invoices
[25-Dec-2025 18:54:45 UTC] ✅ Logged: Invoices fetched successfully /backend/public/api/invoices
[25-Dec-2025 18:54:47 UTC] ✅ Logged: Invoices fetched successfully /backend/public/api/invoices
[25-Dec-2025 18:54:52 UTC] ✅ Logged: Invoices fetched successfully /backend/public/api/invoices
[25-Dec-2025 18:54:53 UTC] ✅ Logged: Invoices fetched successfully /backend/public/api/invoices
[25-Dec-2025 18:54:57 UTC] ✅ Logged: Invoices fetched successfully /backend/public/api/invoices
[25-Dec-2025 18:55:01 UTC] ✅ Logged: Invoices fetched successfully /backend/public/api/invoices
[25-Dec-2025 18:55:05 UTC] ✅ Logged: Invoices fetched successfully /backend/public/api/invoices
[25-Dec-2025 18:55:49 UTC] ✅ Logged: Invoices fetched successfully /backend/public/api/invoices
[25-Dec-2025 18:56:24 UTC] ✅ Logged: Invoices fetched successfully /backend/public/api/invoices
[25-Dec-2025 18:56:24 UTC] ✅ Logged: Invoices fetched successfully /backend/public/api/invoices
[25-Dec-2025 18:56:41 UTC] ✅ Logged: Invalid amount value. Must be a number (integer or decimal). /backend/public/api/invoices
[25-Dec-2025 18:56:44 UTC] ✅ Logged: Invalid amount value. Must be a number (integer or decimal). /backend/public/api/invoices
[25-Dec-2025 18:56:47 UTC] ✅ Logged: Invalid amount value. Must be a number (integer or decimal). /backend/public/api/invoices
[25-Dec-2025 18:56:52 UTC] ✅ Logged: Invoice created successfully /backend/public/api/invoices
[25-Dec-2025 18:56:52 UTC] ✅ Logged: Invoices fetched successfully /backend/public/api/invoices
[25-Dec-2025 18:56:56 UTC] ✅ Logged: Invoices fetched successfully /backend/public/api/invoices
[25-Dec-2025 18:57:03 UTC] ✅ Logged: Invoices fetched successfully /backend/public/api/invoices
[25-Dec-2025 18:57:10 UTC] ✅ Logged: Invoices fetched successfully /backend/public/api/invoices
[25-Dec-2025 18:57:12 UTC] ✅ Logged: Invoices fetched successfully /backend/public/api/invoices
[25-Dec-2025 18:57:14 UTC] ✅ Logged: Invoices fetched successfully /backend/public/api/invoices
[25-Dec-2025 18:57:16 UTC] ✅ Logged: Invoices fetched successfully /backend/public/api/invoices
[25-Dec-2025 18:57:20 UTC] ✅ Logged: Invoices fetched successfully /backend/public/api/invoices
[25-Dec-2025 18:57:35 UTC] ✅ Logged: Invoices fetched successfully /backend/public/api/invoices
[25-Dec-2025 18:57:41 UTC] ✅ Logged: Invoices fetched successfully /backend/public/api/invoices
[25-Dec-2025 18:57:42 UTC] ✅ Logged: Invoices fetched successfully /backend/public/api/invoices
[25-Dec-2025 18:57:42 UTC] ✅ Logged: Invoices fetched successfully /backend/public/api/invoices
[25-Dec-2025 18:57:43 UTC] ✅ Logged: Invoices fetched successfully /backend/public/api/invoices
[25-Dec-2025 18:57:44 UTC] ✅ Logged: Invoices fetched successfully /backend/public/api/invoices
[25-Dec-2025 18:57:47 UTC] ✅ Logged: Invoices fetched successfully /backend/public/api/invoices
[25-Dec-2025 18:57:49 UTC] ✅ Logged: Invoices fetched successfully /backend/public/api/invoices
[25-Dec-2025 18:57:51 UTC] ✅ Logged: Invoices fetched successfully /backend/public/api/invoices
[25-Dec-2025 18:58:05 UTC] ✅ Logged: Invoices fetched successfully /backend/public/api/invoices
[25-Dec-2025 18:58:14 UTC] ✅ Logged: Invoices fetched successfully /backend/public/api/invoices
[25-Dec-2025 18:58:16 UTC] ✅ Logged: Invoices fetched successfully /backend/public/api/invoices
[25-Dec-2025 18:58:17 UTC] ✅ Logged: Invoices fetched successfully /backend/public/api/invoices
[25-Dec-2025 18:59:41 UTC] ✅ Logged: Invoices fetched successfully /backend/public/api/invoices
[25-Dec-2025 18:59:44 UTC] ✅ Logged: Invoices fetched successfully /backend/public/api/invoices
[25-Dec-2025 18:59:48 UTC] ✅ Logged: Invoice updated successfully /backend/public/api/invoices/C559781E
[25-Dec-2025 18:59:48 UTC] ✅ Logged: Invoices fetched successfully /backend/public/api/invoices
[25-Dec-2025 18:59:57 UTC] ✅ Logged: Invoices fetched successfully /backend/public/api/invoices
[25-Dec-2025 19:00:07 UTC] ✅ Logged: Invoices fetched successfully /backend/public/api/invoices
[25-Dec-2025 19:00:10 UTC] ✅ Logged: Invoices fetched successfully /backend/public/api/invoices
[25-Dec-2025 19:00:19 UTC] ✅ Logged: Invoices fetched successfully /backend/public/api/invoices
[25-Dec-2025 19:00:22 UTC] ✅ Logged: Invoice updated successfully /backend/public/api/invoices/CDDAE792
[25-Dec-2025 19:00:22 UTC] ✅ Logged: Invoices fetched successfully /backend/public/api/invoices
[25-Dec-2025 19:00:28 UTC] ✅ Logged: Invoices fetched successfully /backend/public/api/invoices
[25-Dec-2025 19:00:29 UTC] ✅ Logged: Invoices fetched successfully /backend/public/api/invoices
[25-Dec-2025 19:00:32 UTC] ✅ Logged: Invoices fetched successfully /backend/public/api/invoices
[25-Dec-2025 19:00:34 UTC] ✅ Logged: Invoices fetched successfully /backend/public/api/invoices
[25-Dec-2025 19:00:35 UTC] ✅ Logged: Invoices fetched successfully /backend/public/api/invoices
[25-Dec-2025 19:00:41 UTC] ✅ Logged: User records fetched successfully. /backend/public/api/users
[25-Dec-2025 19:00:43 UTC] ✅ Logged: Invoices fetched successfully /backend/public/api/invoices
[25-Dec-2025 19:01:31 UTC] ✅ Logged: Invoices fetched successfully /backend/public/api/invoices
[25-Dec-2025 19:01:33 UTC] ✅ Logged: Invoices fetched successfully /backend/public/api/invoices
[25-Dec-2025 19:03:12 UTC] ✅ Logged: Invoices fetched successfully /backend/public/api/invoices
[25-Dec-2025 19:03:17 UTC] ✅ Logged: Invoices fetched successfully /backend/public/api/invoices
[25-Dec-2025 19:03:20 UTC] ✅ Logged: Invoices fetched successfully /backend/public/api/invoices
[25-Dec-2025 19:04:18 UTC] ✅ Logged: Invoices fetched successfully /backend/public/api/invoices
[25-Dec-2025 19:05:17 UTC] ✅ Logged: Invoices fetched successfully /backend/public/api/invoices
[25-Dec-2025 19:05:34 UTC] ✅ Logged: Invoices fetched successfully /backend/public/api/invoices
[25-Dec-2025 19:05:53 UTC] ✅ Logged: Invoices fetched successfully /backend/public/api/invoices
[25-Dec-2025 19:10:13 UTC] ✅ Logged: Invoices fetched successfully /backend/public/api/invoices
[25-Dec-2025 19:10:34 UTC] ✅ Logged: Invoices fetched successfully /backend/public/api/invoices
[25-Dec-2025 19:12:17 UTC] ✅ Logged: Invoices not found /backend/public/api/shared/invoices/C5597812
[25-Dec-2025 19:12:18 UTC] ✅ Logged: Shared invoices fetched successfully /backend/public/api/shared/invoices/C559781E
[25-Dec-2025 19:12:19 UTC] ✅ Logged: Shared invoices fetched successfully /backend/public/api/shared/invoices/C559781E
[25-Dec-2025 19:12:44 UTC] ✅ Logged: Invoices fetched successfully /backend/public/api/invoices
[25-Dec-2025 19:13:42 UTC] ✅ Logged: Shared invoices fetched successfully /backend/public/api/shared/invoices/11C105F9
[25-Dec-2025 19:15:31 UTC] ✅ Logged: Shared invoices fetched successfully /backend/public/api/shared/invoices/3805EBDC
[25-Dec-2025 19:16:02 UTC] ✅ Logged: Invoices fetched successfully /backend/public/api/invoices
[25-Dec-2025 19:16:23 UTC] ✅ Logged: Invoices fetched successfully /backend/public/api/invoices
[25-Dec-2025 19:18:55 UTC] ✅ Logged: Invoices fetched successfully /backend/public/api/invoices
[25-Dec-2025 19:19:14 UTC] ✅ Logged: Invoices fetched successfully /backend/public/api/invoices
[25-Dec-2025 19:19:40 UTC] ✅ Logged: Yearly dashboard stats fetched successfully. /backend/public/api/business/stats
[25-Dec-2025 19:21:38 UTC] ✅ Logged: Invoices fetched successfully /backend/public/api/invoices
[25-Dec-2025 19:21:43 UTC] ✅ Logged: Today dashboard stats fetched successfully. /backend/public/api/business/stats
[25-Dec-2025 19:25:32 UTC] ✅ Logged: Monthly dashboard stats fetched successfully. /backend/public/api/business/stats
[25-Dec-2025 19:27:52 UTC] ✅ Logged: Daily dashboard stats fetched successfully. /backend/public/api/business/stats
[25-Dec-2025 19:28:05 UTC] ✅ Logged: Daily dashboard stats fetched successfully. /backend/public/api/business/stats
[25-Dec-2025 19:28:08 UTC] ✅ Logged: Yesterday dashboard stats fetched successfully. /backend/public/api/business/stats
[25-Dec-2025 19:28:15 UTC] ✅ Logged: Yearly dashboard stats fetched successfully. /backend/public/api/business/stats
[25-Dec-2025 19:29:14 UTC] ✅ Logged: Invoices fetched successfully /backend/public/api/invoices
[25-Dec-2025 19:29:19 UTC] ✅ Logged: Invoices fetched successfully /backend/public/api/invoices
[25-Dec-2025 19:31:52 UTC] ✅ Logged: User records fetched successfully. /backend/public/api/users
[25-Dec-2025 19:31:55 UTC] ✅ Logged: Invoices fetched successfully /backend/public/api/invoices
[25-Dec-2025 19:36:01 UTC] ✅ Logged: Invoices fetched successfully /backend/public/api/invoices
[25-Dec-2025 19:36:25 UTC] ✅ Logged: Invoices fetched successfully /backend/public/api/invoices
[25-Dec-2025 19:36:28 UTC] ✅ Logged: Invoices fetched successfully /backend/public/api/invoices
[25-Dec-2025 19:36:30 UTC] ✅ Logged: Invoices fetched successfully /backend/public/api/invoices
[25-Dec-2025 19:37:03 UTC] ✅ Logged: Shared invoices fetched successfully /backend/public/api/shared/invoices/C559781E
[25-Dec-2025 19:38:37 UTC] ✅ Logged: Shared invoices fetched successfully /backend/public/api/shared/invoices/C559781E
[25-Dec-2025 19:38:38 UTC] ✅ Logged: Shared invoices fetched successfully /backend/public/api/shared/invoices/C559781E
[25-Dec-2025 19:38:39 UTC] ✅ Logged: Shared invoices fetched successfully /backend/public/api/shared/invoices/C559781E
[25-Dec-2025 19:38:43 UTC] ✅ Logged: Invoices fetched successfully /backend/public/api/invoices
[25-Dec-2025 19:40:29 UTC] ✅ Logged: Invoices fetched successfully /backend/public/api/invoices
[25-Dec-2025 19:40:45 UTC] ✅ Logged: Shared invoices fetched successfully /backend/public/api/shared/invoices/C559781E
[25-Dec-2025 19:40:48 UTC] ✅ Logged: Shared invoices fetched successfully /backend/public/api/shared/invoices/C559781E
[25-Dec-2025 19:40:48 UTC] ✅ Logged: Shared invoices fetched successfully /backend/public/api/shared/invoices/C559781E
[25-Dec-2025 19:40:53 UTC] ✅ Logged: Shared invoices fetched successfully /backend/public/api/shared/invoices/C559781E
[25-Dec-2025 19:40:58 UTC] ✅ Logged: Shared invoices fetched successfully /backend/public/api/shared/invoices/C559781E
[25-Dec-2025 19:40:59 UTC] ✅ Logged: Shared invoices fetched successfully /backend/public/api/shared/invoices/C559781E
[25-Dec-2025 19:41:00 UTC] ✅ Logged: Shared invoices fetched successfully /backend/public/api/shared/invoices/C559781E
[25-Dec-2025 19:41:00 UTC] ✅ Logged: Shared invoices fetched successfully /backend/public/api/shared/invoices/C559781E
[25-Dec-2025 19:44:49 UTC] ✅ Logged: Invoices fetched successfully /backend/public/api/invoices
[25-Dec-2025 19:47:53 UTC] ✅ Logged: Shared invoices fetched successfully /backend/public/api/shared/invoices/C559781E
[25-Dec-2025 19:51:44 UTC] ✅ Logged: Login successful /backend/public/api/auth/users/login
[25-Dec-2025 19:51:44 UTC] ✅ Logged: Business data fetched successfully. /backend/public/api/business
[25-Dec-2025 19:51:46 UTC] ✅ Logged: Shared invoices fetched successfully /backend/public/api/shared/invoices/C559781E
[25-Dec-2025 19:51:50 UTC] ✅ Logged: Invoices fetched successfully /backend/public/api/invoices
[25-Dec-2025 19:52:21 UTC] ✅ Logged: Shared invoices fetched successfully /backend/public/api/shared/invoices/C559781E
[25-Dec-2025 19:55:07 UTC] ✅ Logged: Shared invoices fetched successfully /backend/public/api/shared/invoices/C559781E
[25-Dec-2025 19:55:07 UTC] ✅ Logged: Shared invoices fetched successfully /backend/public/api/shared/invoices/C559781E
[25-Dec-2025 19:55:08 UTC] ✅ Logged: Shared invoices fetched successfully /backend/public/api/shared/invoices/C559781E
[25-Dec-2025 19:56:14 UTC] ✅ Logged: Shared invoices fetched successfully /backend/public/api/shared/invoices/C559781E
[25-Dec-2025 19:58:18 UTC] ✅ Logged: Activity logs fetched successfully. /backend/public/api/business/activity/logs
[25-Dec-2025 19:58:49 UTC] ✅ Logged: Business updated successfully /backend/public/api/business/E71CBEF705A1
[25-Dec-2025 19:59:32 UTC] ✅ Logged: Invoices fetched successfully /backend/public/api/invoices
[25-Dec-2025 19:59:33 UTC] ✅ Logged: Shared invoices fetched successfully /backend/public/api/shared/invoices/C559781E
[25-Dec-2025 20:00:43 UTC] ✅ Logged: Shared invoices fetched successfully /backend/public/api/shared/invoices/C559781E
[25-Dec-2025 20:01:23 UTC] ✅ Logged: Shared invoices fetched successfully /backend/public/api/shared/invoices/C559781E
[25-Dec-2025 20:01:36 UTC] ✅ Logged: Shared invoices fetched successfully /backend/public/api/shared/invoices/C559781E
[25-Dec-2025 20:02:39 UTC] ✅ Logged: Shared invoices fetched successfully /backend/public/api/shared/invoices/C559781E
[25-Dec-2025 20:02:40 UTC] ✅ Logged: Shared invoices fetched successfully /backend/public/api/shared/invoices/C559781E
[25-Dec-2025 20:02:41 UTC] ✅ Logged: Shared invoices fetched successfully /backend/public/api/shared/invoices/C559781E
[25-Dec-2025 20:03:02 UTC] ✅ Logged: Shared invoices fetched successfully /backend/public/api/shared/invoices/3805EBDC
[25-Dec-2025 20:03:03 UTC] ✅ Logged: Shared invoices fetched successfully /backend/public/api/shared/invoices/3805EBDC
[25-Dec-2025 20:03:04 UTC] ✅ Logged: Shared invoices fetched successfully /backend/public/api/shared/invoices/3805EBDC
[25-Dec-2025 20:03:04 UTC] ✅ Logged: Shared invoices fetched successfully /backend/public/api/shared/invoices/3805EBDC
[25-Dec-2025 20:03:39 UTC] ✅ Logged: Shared invoices fetched successfully /backend/public/api/shared/invoices/C559781E
[25-Dec-2025 20:04:41 UTC] ✅ Logged: Shared invoices fetched successfully /backend/public/api/shared/invoices/C559781E
[25-Dec-2025 20:04:50 UTC] ✅ Logged: Shared invoices fetched successfully /backend/public/api/shared/invoices/C559781E
[25-Dec-2025 20:04:51 UTC] ✅ Logged: Shared invoices fetched successfully /backend/public/api/shared/invoices/C559781E
[25-Dec-2025 20:04:51 UTC] ✅ Logged: Shared invoices fetched successfully /backend/public/api/shared/invoices/C559781E
[25-Dec-2025 20:05:38 UTC] ✅ Logged: Shared invoices fetched successfully /backend/public/api/shared/invoices/C559781E
[25-Dec-2025 20:05:38 UTC] ✅ Logged: Shared invoices fetched successfully /backend/public/api/shared/invoices/C559781E
[25-Dec-2025 20:05:38 UTC] ✅ Logged: Shared invoices fetched successfully /backend/public/api/shared/invoices/C559781E
[25-Dec-2025 20:06:14 UTC] ✅ Logged: Shared invoices fetched successfully /backend/public/api/shared/invoices/C559781E
[25-Dec-2025 20:07:39 UTC] ✅ Logged: Shared invoices fetched successfully /backend/public/api/shared/invoices/C559781E
[25-Dec-2025 20:08:42 UTC] ✅ Logged: Invoices fetched successfully /backend/public/api/invoices
[25-Dec-2025 20:08:49 UTC] ✅ Logged: Shared invoices fetched successfully /backend/public/api/shared/invoices/9C57BFCC7BCB
[25-Dec-2025 20:09:04 UTC] ✅ Logged: Shared invoices fetched successfully /backend/public/api/shared/invoices/9C57BFCC7BCB
[25-Dec-2025 20:09:04 UTC] ✅ Logged: Shared invoices fetched successfully /backend/public/api/shared/invoices/9C57BFCC7BCB
[25-Dec-2025 20:09:04 UTC] ✅ Logged: Shared invoices fetched successfully /backend/public/api/shared/invoices/9C57BFCC7BCB
[25-Dec-2025 20:10:09 UTC] ✅ Logged: Shared invoices fetched successfully /backend/public/api/shared/invoices/9C57BFCC7BCB
[25-Dec-2025 20:10:10 UTC] ✅ Logged: Shared invoices fetched successfully /backend/public/api/shared/invoices/9C57BFCC7BCB
[25-Dec-2025 20:10:10 UTC] ✅ Logged: Shared invoices fetched successfully /backend/public/api/shared/invoices/9C57BFCC7BCB
[25-Dec-2025 20:10:18 UTC] ✅ Logged: Invoices fetched successfully /backend/public/api/invoices
[25-Dec-2025 20:10:27 UTC] ✅ Logged: Invoices fetched successfully /backend/public/api/invoices
[25-Dec-2025 20:10:41 UTC] ✅ Logged: Today dashboard stats fetched successfully. /backend/public/api/business/stats
[25-Dec-2025 20:10:48 UTC] ✅ Logged: Shared invoices fetched successfully /backend/public/api/shared/invoices/C559781E
[25-Dec-2025 20:10:56 UTC] ✅ Logged: Shared invoices fetched successfully /backend/public/api/shared/invoices/9C57BFCC7BCB
[25-Dec-2025 20:10:57 UTC] ✅ Logged: Shared invoices fetched successfully /backend/public/api/shared/invoices/9C57BFCC7BCB
[25-Dec-2025 20:10:57 UTC] ✅ Logged: Shared invoices fetched successfully /backend/public/api/shared/invoices/9C57BFCC7BCB
[25-Dec-2025 20:10:57 UTC] ✅ Logged: Shared invoices fetched successfully /backend/public/api/shared/invoices/9C57BFCC7BCB
[25-Dec-2025 20:10:57 UTC] ✅ Logged: Shared invoices fetched successfully /backend/public/api/shared/invoices/9C57BFCC7BCB
[25-Dec-2025 20:10:58 UTC] ✅ Logged: Shared invoices fetched successfully /backend/public/api/shared/invoices/9C57BFCC7BCB
[25-Dec-2025 20:10:58 UTC] ✅ Logged: Shared invoices fetched successfully /backend/public/api/shared/invoices/C559781E
[25-Dec-2025 20:10:59 UTC] ✅ Logged: Shared invoices fetched successfully /backend/public/api/shared/invoices/C559781E
[25-Dec-2025 20:10:59 UTC] ✅ Logged: Shared invoices fetched successfully /backend/public/api/shared/invoices/C559781E
[25-Dec-2025 20:11:00 UTC] ✅ Logged: Shared invoices fetched successfully /backend/public/api/shared/invoices/C559781E
[25-Dec-2025 20:11:00 UTC] ✅ Logged: Shared invoices fetched successfully /backend/public/api/shared/invoices/9C57BFCC7BCB
[25-Dec-2025 20:11:01 UTC] ✅ Logged: Shared invoices fetched successfully /backend/public/api/shared/invoices/9C57BFCC7BCB
[25-Dec-2025 20:12:30 UTC] ✅ Logged: Shared invoices fetched successfully /backend/public/api/shared/invoices/C559781E
[25-Dec-2025 20:13:11 UTC] ✅ Logged: Invoices fetched successfully /backend/public/api/invoices
[25-Dec-2025 20:14:15 UTC] ✅ Logged: Shared invoices fetched successfully /backend/public/api/shared/invoices/9C57BFCC7BCB
[25-Dec-2025 20:14:17 UTC] ✅ Logged: Shared invoices fetched successfully /backend/public/api/shared/invoices/9C57BFCC7BCB
[25-Dec-2025 20:14:18 UTC] ✅ Logged: Shared invoices fetched successfully /backend/public/api/shared/invoices/9C57BFCC7BCB
[25-Dec-2025 20:14:20 UTC] ✅ Logged: Shared invoices fetched successfully /backend/public/api/shared/invoices/C559781E
[25-Dec-2025 20:14:20 UTC] ✅ Logged: Shared invoices fetched successfully /backend/public/api/shared/invoices/C559781E
[25-Dec-2025 20:14:21 UTC] ✅ Logged: Shared invoices fetched successfully /backend/public/api/shared/invoices/C559781E
[25-Dec-2025 20:14:27 UTC] ✅ Logged: Shared invoices fetched successfully /backend/public/api/shared/invoices/9C57BFCC7BCB
[25-Dec-2025 20:14:27 UTC] ✅ Logged: Shared invoices fetched successfully /backend/public/api/shared/invoices/9C57BFCC7BCB
[25-Dec-2025 20:17:36 UTC] ✅ Logged: Shared invoices fetched successfully /backend/public/api/shared/invoices/C559781E
[25-Dec-2025 20:17:37 UTC] ✅ Logged: Shared invoices fetched successfully /backend/public/api/shared/invoices/C559781E
[25-Dec-2025 20:17:37 UTC] ✅ Logged: Shared invoices fetched successfully /backend/public/api/shared/invoices/C559781E
[25-Dec-2025 20:17:37 UTC] ✅ Logged: Shared invoices fetched successfully /backend/public/api/shared/invoices/C559781E
[25-Dec-2025 20:17:38 UTC] ✅ Logged: Shared invoices fetched successfully /backend/public/api/shared/invoices/C559781E
[25-Dec-2025 20:17:41 UTC] ✅ Logged: Shared invoices fetched successfully /backend/public/api/shared/invoices/C559781E
[25-Dec-2025 20:18:13 UTC] ✅ Logged: Shared invoices fetched successfully /backend/public/api/shared/invoices/C559781E
[25-Dec-2025 20:18:13 UTC] ✅ Logged: Shared invoices fetched successfully /backend/public/api/shared/invoices/C559781E
[25-Dec-2025 20:18:29 UTC] ✅ Logged: Shared invoices fetched successfully /backend/public/api/shared/invoices/C559781E
[25-Dec-2025 20:18:30 UTC] ✅ Logged: Shared invoices fetched successfully /backend/public/api/shared/invoices/C559781E
[25-Dec-2025 20:18:54 UTC] ✅ Logged: Shared invoices fetched successfully /backend/public/api/shared/invoices/C559781E
[25-Dec-2025 20:19:14 UTC] ✅ Logged: Shared invoices fetched successfully /backend/public/api/shared/invoices/C559781E
[25-Dec-2025 20:19:18 UTC] ✅ Logged: Shared invoices fetched successfully /backend/public/api/shared/invoices/C559781E
[25-Dec-2025 20:19:36 UTC] ✅ Logged: Shared invoices fetched successfully /backend/public/api/shared/invoices/C559781E
[25-Dec-2025 20:19:39 UTC] ✅ Logged: Shared invoices fetched successfully /backend/public/api/shared/invoices/C559781E
[25-Dec-2025 20:19:39 UTC] ✅ Logged: Shared invoices fetched successfully /backend/public/api/shared/invoices/C559781E
[25-Dec-2025 20:19:39 UTC] ✅ Logged: Shared invoices fetched successfully /backend/public/api/shared/invoices/C559781E
[25-Dec-2025 20:19:39 UTC] ✅ Logged: Shared invoices fetched successfully /backend/public/api/shared/invoices/C559781E
[25-Dec-2025 20:20:45 UTC] ✅ Logged: Shared invoices fetched successfully /backend/public/api/shared/invoices/C559781E
[25-Dec-2025 20:20:45 UTC] ✅ Logged: Shared invoices fetched successfully /backend/public/api/shared/invoices/C559781E
[25-Dec-2025 20:20:45 UTC] ✅ Logged: Shared invoices fetched successfully /backend/public/api/shared/invoices/C559781E
[25-Dec-2025 20:20:46 UTC] ✅ Logged: Shared invoices fetched successfully /backend/public/api/shared/invoices/C559781E
[25-Dec-2025 20:20:46 UTC] ✅ Logged: Shared invoices fetched successfully /backend/public/api/shared/invoices/C559781E
[25-Dec-2025 20:20:47 UTC] ✅ Logged: Shared invoices fetched successfully /backend/public/api/shared/invoices/C559781E
[25-Dec-2025 20:20:47 UTC] ✅ Logged: Shared invoices fetched successfully /backend/public/api/shared/invoices/C559781E
[25-Dec-2025 20:20:47 UTC] ✅ Logged: Shared invoices fetched successfully /backend/public/api/shared/invoices/C559781E
[25-Dec-2025 20:20:47 UTC] ✅ Logged: Shared invoices fetched successfully /backend/public/api/shared/invoices/C559781E
[25-Dec-2025 20:20:48 UTC] ✅ Logged: Shared invoices fetched successfully /backend/public/api/shared/invoices/C559781E
[25-Dec-2025 20:20:56 UTC] ✅ Logged: Shared invoices fetched successfully /backend/public/api/shared/invoices/C559781E
[25-Dec-2025 20:20:57 UTC] ✅ Logged: Shared invoices fetched successfully /backend/public/api/shared/invoices/C559781E
[25-Dec-2025 20:20:57 UTC] ✅ Logged: Shared invoices fetched successfully /backend/public/api/shared/invoices/C559781E
[25-Dec-2025 20:20:57 UTC] ✅ Logged: Shared invoices fetched successfully /backend/public/api/shared/invoices/C559781E
[25-Dec-2025 20:20:58 UTC] ✅ Logged: Shared invoices fetched successfully /backend/public/api/shared/invoices/C559781E
[25-Dec-2025 20:20:58 UTC] ✅ Logged: Shared invoices fetched successfully /backend/public/api/shared/invoices/C559781E
[25-Dec-2025 20:21:01 UTC] ✅ Logged: Shared invoices fetched successfully /backend/public/api/shared/invoices/C559781E
[25-Dec-2025 20:21:01 UTC] ✅ Logged: Shared invoices fetched successfully /backend/public/api/shared/invoices/C559781E
[25-Dec-2025 20:21:02 UTC] ✅ Logged: Shared invoices fetched successfully /backend/public/api/shared/invoices/C559781E
[25-Dec-2025 20:21:17 UTC] ✅ Logged: Shared invoices fetched successfully /backend/public/api/shared/invoices/C559781E
[25-Dec-2025 20:21:18 UTC] ✅ Logged: Shared invoices fetched successfully /backend/public/api/shared/invoices/C559781E
[25-Dec-2025 20:21:18 UTC] ✅ Logged: Shared invoices fetched successfully /backend/public/api/shared/invoices/C559781E
[25-Dec-2025 20:21:21 UTC] ✅ Logged: Shared invoices fetched successfully /backend/public/api/shared/invoices/C559781E
[25-Dec-2025 20:21:21 UTC] ✅ Logged: Shared invoices fetched successfully /backend/public/api/shared/invoices/C559781E
[25-Dec-2025 20:22:15 UTC] ✅ Logged: Shared invoices fetched successfully /backend/public/api/shared/invoices/9C57BFCC7BCB
[25-Dec-2025 20:22:17 UTC] ✅ Logged: Shared invoices fetched successfully /backend/public/api/shared/invoices/C559781E
[25-Dec-2025 20:22:42 UTC] ✅ Logged: Shared invoices fetched successfully /backend/public/api/shared/invoices/C559781E
[25-Dec-2025 20:22:43 UTC] ✅ Logged: Shared invoices fetched successfully /backend/public/api/shared/invoices/C559781E
[25-Dec-2025 20:22:44 UTC] ✅ Logged: Shared invoices fetched successfully /backend/public/api/shared/invoices/9C57BFCC7BCB
[25-Dec-2025 20:22:47 UTC] ✅ Logged: Shared invoices fetched successfully /backend/public/api/shared/invoices/9C57BFCC7BCB
[25-Dec-2025 20:24:00 UTC] ✅ Logged: Shared invoices fetched successfully /backend/public/api/shared/invoices/9C57BFCC7BCB
[25-Dec-2025 20:24:01 UTC] ✅ Logged: Shared invoices fetched successfully /backend/public/api/shared/invoices/9C57BFCC7BCB
[25-Dec-2025 20:24:02 UTC] ✅ Logged: Shared invoices fetched successfully /backend/public/api/shared/invoices/9C57BFCC7BCB
[25-Dec-2025 20:25:53 UTC] ✅ Logged: Shared invoices fetched successfully /backend/public/api/shared/invoices/9C57BFCC7BCB
[25-Dec-2025 20:25:54 UTC] ✅ Logged: Shared invoices fetched successfully /backend/public/api/shared/invoices/9C57BFCC7BCB
[25-Dec-2025 20:25:54 UTC] ✅ Logged: Shared invoices fetched successfully /backend/public/api/shared/invoices/9C57BFCC7BCB
[25-Dec-2025 20:25:55 UTC] ✅ Logged: Shared invoices fetched successfully /backend/public/api/shared/invoices/9C57BFCC7BCB
[25-Dec-2025 20:25:55 UTC] ✅ Logged: Shared invoices fetched successfully /backend/public/api/shared/invoices/9C57BFCC7BCB
[25-Dec-2025 20:25:55 UTC] ✅ Logged: Shared invoices fetched successfully /backend/public/api/shared/invoices/9C57BFCC7BCB
[25-Dec-2025 20:26:11 UTC] ✅ Logged: Shared invoices fetched successfully /backend/public/api/shared/invoices/9C57BFCC7BCB
[25-Dec-2025 20:26:11 UTC] ✅ Logged: Shared invoices fetched successfully /backend/public/api/shared/invoices/9C57BFCC7BCB
[25-Dec-2025 20:26:12 UTC] ✅ Logged: Shared invoices fetched successfully /backend/public/api/shared/invoices/9C57BFCC7BCB
[25-Dec-2025 20:26:12 UTC] ✅ Logged: Shared invoices fetched successfully /backend/public/api/shared/invoices/9C57BFCC7BCB
[25-Dec-2025 20:26:12 UTC] ✅ Logged: Shared invoices fetched successfully /backend/public/api/shared/invoices/9C57BFCC7BCB
[25-Dec-2025 20:26:12 UTC] ✅ Logged: Shared invoices fetched successfully /backend/public/api/shared/invoices/9C57BFCC7BCB
[25-Dec-2025 20:26:22 UTC] ✅ Logged: Shared invoices fetched successfully /backend/public/api/shared/invoices/9C57BFCC7BCB
[25-Dec-2025 20:26:23 UTC] ✅ Logged: Shared invoices fetched successfully /backend/public/api/shared/invoices/9C57BFCC7BCB
[25-Dec-2025 20:26:34 UTC] ✅ Logged: Shared invoices fetched successfully /backend/public/api/shared/invoices/9C57BFCC7BCB
[25-Dec-2025 20:26:34 UTC] ✅ Logged: Shared invoices fetched successfully /backend/public/api/shared/invoices/9C57BFCC7BCB
[25-Dec-2025 20:26:34 UTC] ✅ Logged: Shared invoices fetched successfully /backend/public/api/shared/invoices/9C57BFCC7BCB
[25-Dec-2025 20:26:54 UTC] ✅ Logged: Shared invoices fetched successfully /backend/public/api/shared/invoices/C559781E
[25-Dec-2025 20:26:54 UTC] ✅ Logged: Shared invoices fetched successfully /backend/public/api/shared/invoices/C559781E
[25-Dec-2025 20:26:55 UTC] ✅ Logged: Shared invoices fetched successfully /backend/public/api/shared/invoices/C559781E
[25-Dec-2025 20:26:55 UTC] ✅ Logged: Shared invoices fetched successfully /backend/public/api/shared/invoices/C559781E
[25-Dec-2025 20:26:55 UTC] ✅ Logged: Shared invoices fetched successfully /backend/public/api/shared/invoices/C559781E
[25-Dec-2025 20:26:56 UTC] ✅ Logged: Shared invoices fetched successfully /backend/public/api/shared/invoices/C559781E
[25-Dec-2025 20:26:56 UTC] ✅ Logged: Shared invoices fetched successfully /backend/public/api/shared/invoices/C559781E
[25-Dec-2025 20:26:59 UTC] ✅ Logged: Shared invoices fetched successfully /backend/public/api/shared/invoices/9C57BFCC7BCB
[25-Dec-2025 20:26:59 UTC] ✅ Logged: Shared invoices fetched successfully /backend/public/api/shared/invoices/9C57BFCC7BCB
[25-Dec-2025 20:27:15 UTC] ✅ Logged: Shared invoices fetched successfully /backend/public/api/shared/invoices/C559781E
[25-Dec-2025 20:27:19 UTC] ✅ Logged: Shared invoices fetched successfully /backend/public/api/shared/invoices/C559781E
[25-Dec-2025 20:27:34 UTC] ✅ Logged: Shared invoices fetched successfully /backend/public/api/shared/invoices/C559781E
[25-Dec-2025 20:27:34 UTC] ✅ Logged: Shared invoices fetched successfully /backend/public/api/shared/invoices/C559781E
[25-Dec-2025 20:27:36 UTC] ✅ Logged: Shared invoices fetched successfully /backend/public/api/shared/invoices/9C57BFCC7BCB
[25-Dec-2025 20:27:38 UTC] ✅ Logged: Shared invoices fetched successfully /backend/public/api/shared/invoices/C559781E
[25-Dec-2025 20:27:40 UTC] ✅ Logged: Shared invoices fetched successfully /backend/public/api/shared/invoices/C559781E
[25-Dec-2025 20:27:53 UTC] ✅ Logged: Shared invoices fetched successfully /backend/public/api/shared/invoices/9C57BFCC7BCB
[25-Dec-2025 20:28:04 UTC] ✅ Logged: Shared invoices fetched successfully /backend/public/api/shared/invoices/9C57BFCC7BCB
[25-Dec-2025 20:28:04 UTC] ✅ Logged: Shared invoices fetched successfully /backend/public/api/shared/invoices/9C57BFCC7BCB
[25-Dec-2025 20:28:05 UTC] ✅ Logged: Shared invoices fetched successfully /backend/public/api/shared/invoices/9C57BFCC7BCB
[25-Dec-2025 20:29:43 UTC] ✅ Logged: Shared invoices fetched successfully /backend/public/api/shared/invoices/3805EBDC
[25-Dec-2025 20:30:11 UTC] ✅ Logged: Invoices fetched successfully /backend/public/api/invoices
[25-Dec-2025 20:30:46 UTC] ✅ Logged: Invoices fetched successfully /backend/public/api/invoices
[25-Dec-2025 20:31:25 UTC] ✅ Logged: Invoices fetched successfully /backend/public/api/invoices
[25-Dec-2025 20:31:28 UTC] ✅ Logged: Invoices fetched successfully /backend/public/api/invoices
[25-Dec-2025 20:31:35 UTC] ✅ Logged: Today dashboard stats fetched successfully. /backend/public/api/business/stats
[25-Dec-2025 20:31:41 UTC] ✅ Logged: Yearly dashboard stats fetched successfully. /backend/public/api/business/stats
[25-Dec-2025 20:31:56 UTC] ✅ Logged: Invoices fetched successfully /backend/public/api/invoices
[25-Dec-2025 20:31:59 UTC] ✅ Logged: Shared invoices fetched successfully /backend/public/api/shared/invoices/C559781E
[25-Dec-2025 20:32:18 UTC] ✅ Logged: Invoices fetched successfully /backend/public/api/invoices
[25-Dec-2025 20:32:26 UTC] ✅ Logged: Invoices fetched successfully /backend/public/api/invoices
[25-Dec-2025 20:32:29 UTC] ✅ Logged: Invoices fetched successfully /backend/public/api/invoices
[25-Dec-2025 20:32:30 UTC] ✅ Logged: Invoices fetched successfully /backend/public/api/invoices
[25-Dec-2025 20:32:37 UTC] ✅ Logged: Invoices fetched successfully /backend/public/api/invoices
[25-Dec-2025 20:32:39 UTC] ✅ Logged: Invoices fetched successfully /backend/public/api/invoices
[25-Dec-2025 20:32:42 UTC] ✅ Logged: Invoices fetched successfully /backend/public/api/invoices
[25-Dec-2025 20:32:45 UTC] ✅ Logged: Invoices fetched successfully /backend/public/api/invoices
[25-Dec-2025 20:32:46 UTC] ✅ Logged: Invoices fetched successfully /backend/public/api/invoices
[25-Dec-2025 20:32:47 UTC] ✅ Logged: Invoices fetched successfully /backend/public/api/invoices
